-- phpMyAdmin SQL Dump
-- version 5.2.1
-- https://www.phpmyadmin.net/
--
-- Хост: 127.0.0.1
-- Час створення: Лип 24 2025 р., 14:59
-- Версія сервера: 10.4.32-MariaDB
-- Версія PHP: 8.2.12

SET SQL_MODE = "NO_AUTO_VALUE_ON_ZERO";
START TRANSACTION;
SET time_zone = "+00:00";


/*!40101 SET @OLD_CHARACTER_SET_CLIENT=@@CHARACTER_SET_CLIENT */;
/*!40101 SET @OLD_CHARACTER_SET_RESULTS=@@CHARACTER_SET_RESULTS */;
/*!40101 SET @OLD_COLLATION_CONNECTION=@@COLLATION_CONNECTION */;
/*!40101 SET NAMES utf8mb4 */;

--
-- База даних: `advicedb`
--

-- --------------------------------------------------------

--
-- Структура таблиці `cities`
--

CREATE TABLE `cities` (
  `cityID` int(11) NOT NULL,
  `name` varchar(100) NOT NULL,
  `country` varchar(100) DEFAULT NULL
) ENGINE=InnoDB DEFAULT CHARSET=utf8mb4 COLLATE=utf8mb4_general_ci;

--
-- Дамп даних таблиці `cities`
--

INSERT INTO `cities` (`cityID`, `name`, `country`) VALUES
(1, 'Київ', 'Україна'),
(2, 'Львівщина', 'Україна'),
(3, 'Одещина', 'Україна'),
(5, 'Тернопільщина', 'Україна'),
(7, 'Вінничина', 'Україна'),
(8, 'Кіровоградщина', 'Україна'),
(9, 'Хмельниччина', 'Україна');

-- --------------------------------------------------------

--
-- Структура таблиці `favourites`
--

CREATE TABLE `favourites` (
  `id_favourite` int(11) NOT NULL,
  `userID` int(11) NOT NULL,
  `placeID` int(11) NOT NULL,
  `datetime` datetime DEFAULT NULL
) ENGINE=InnoDB DEFAULT CHARSET=utf8mb4 COLLATE=utf8mb4_general_ci;

--
-- Дамп даних таблиці `favourites`
--

INSERT INTO `favourites` (`id_favourite`, `userID`, `placeID`, `datetime`) VALUES
(5, 1, 18, '2025-05-05 00:14:51'),
(8, 1, 2, '2025-05-09 20:12:28'),
(10, 1, 11, '2025-05-10 00:28:49'),
(12, 15, 10, '2025-05-14 13:29:11'),
(13, 29, 9, '2025-05-14 17:20:48'),
(14, 7, 41, '2025-05-14 18:19:34'),
(15, 1, 16, '2025-05-18 01:16:49'),
(16, 1, 36, '2025-05-18 01:58:36'),
(17, 1, 43, '2025-05-18 01:58:42'),
(18, 1, 45, '2025-05-18 01:58:46'),
(19, 1, 120, '2025-05-18 14:15:40'),
(20, 1, 116, '2025-05-18 14:15:44'),
(22, 19, 16, '2025-05-19 02:05:51'),
(24, 1, 1, '2025-05-20 15:19:36'),
(26, 1, 10, '2025-06-03 10:42:31'),
(27, 52, 45, '2025-06-11 18:12:01'),
(28, 53, 10, '2025-06-16 21:08:26'),
(29, 53, 16, '2025-06-16 21:09:28'),
(30, 55, 10, '2025-06-16 22:04:20'),
(31, 56, 45, '2025-06-16 22:16:19'),
(32, 56, 34, '2025-06-16 22:16:22'),
(33, 56, 32, '2025-06-16 22:16:28');

-- --------------------------------------------------------

--
-- Структура таблиці `feedbacks`
--

CREATE TABLE `feedbacks` (
  `feedbackID` int(11) NOT NULL,
  `rating` int(5) NOT NULL,
  `userID` int(11) NOT NULL,
  `placeID` int(11) NOT NULL,
  `comment` text DEFAULT NULL,
  `reviewDate` date DEFAULT NULL
) ENGINE=InnoDB DEFAULT CHARSET=utf8mb4 COLLATE=utf8mb4_general_ci;

--
-- Дамп даних таблиці `feedbacks`
--

INSERT INTO `feedbacks` (`feedbackID`, `rating`, `userID`, `placeID`, `comment`, `reviewDate`) VALUES
(1, 2, 1, 2, NULL, NULL),
(2, 5, 1, 5, NULL, NULL),
(3, 2, 1, 6, NULL, NULL),
(4, 2, 1, 7, NULL, NULL),
(5, 5, 1, 8, NULL, NULL),
(6, 2, 1, 9, NULL, NULL),
(7, 1, 1, 12, NULL, NULL),
(8, 3, 1, 13, NULL, NULL),
(9, 2, 1, 14, NULL, NULL),
(10, 5, 1, 16, 'Раджу відвідати даний музей, де зібрані унікальні та добре збережені експонати.', '2025-05-12'),
(11, 2, 1, 17, NULL, NULL),
(12, 2, 1, 19, NULL, NULL),
(13, 5, 1, 20, NULL, NULL),
(14, 5, 2, 4, NULL, NULL),
(15, 2, 2, 6, NULL, NULL),
(16, 2, 2, 7, NULL, NULL),
(17, 1, 2, 12, NULL, NULL),
(18, 2, 2, 14, NULL, NULL),
(19, 2, 2, 15, NULL, NULL),
(20, 2, 2, 16, NULL, NULL),
(21, 5, 2, 18, NULL, NULL),
(22, 1, 2, 20, NULL, NULL),
(23, 4, 3, 2, NULL, NULL),
(24, 3, 3, 3, NULL, NULL),
(25, 2, 3, 4, NULL, NULL),
(26, 5, 3, 6, NULL, NULL),
(27, 1, 3, 7, NULL, NULL),
(28, 4, 3, 8, NULL, NULL),
(29, 3, 3, 10, NULL, NULL),
(30, 5, 3, 11, NULL, NULL),
(31, 3, 3, 12, NULL, NULL),
(32, 5, 3, 13, NULL, NULL),
(33, 3, 3, 15, NULL, NULL),
(34, 4, 3, 16, NULL, NULL),
(35, 4, 3, 18, NULL, NULL),
(36, 1, 3, 19, NULL, NULL),
(37, 3, 3, 20, NULL, NULL),
(38, 4, 4, 5, NULL, NULL),
(39, 5, 4, 9, NULL, NULL),
(40, 3, 4, 11, NULL, NULL),
(41, 2, 4, 13, NULL, NULL),
(42, 1, 4, 14, NULL, NULL),
(43, 2, 4, 16, NULL, NULL),
(44, 3, 4, 18, NULL, NULL),
(45, 5, 4, 20, NULL, NULL),
(46, 1, 5, 2, NULL, NULL),
(47, 2, 5, 3, NULL, NULL),
(48, 4, 5, 6, NULL, NULL),
(49, 1, 5, 7, NULL, NULL),
(50, 2, 5, 11, NULL, NULL),
(51, 4, 5, 12, NULL, NULL),
(52, 2, 5, 17, NULL, NULL),
(53, 1, 5, 18, NULL, NULL),
(54, 3, 5, 19, NULL, NULL),
(55, 4, 5, 20, NULL, NULL),
(56, 5, 6, 4, NULL, NULL),
(57, 5, 6, 5, NULL, NULL),
(58, 3, 6, 9, NULL, NULL),
(59, 2, 6, 11, NULL, NULL),
(60, 5, 6, 12, NULL, NULL),
(61, 5, 6, 13, NULL, NULL),
(62, 2, 6, 16, 'Дуже вражений від представлених експонатів', '2025-05-12'),
(63, 3, 6, 18, NULL, NULL),
(64, 1, 6, 19, NULL, NULL),
(65, 2, 6, 20, NULL, NULL),
(66, 4, 7, 2, NULL, NULL),
(67, 1, 7, 5, NULL, NULL),
(68, 1, 7, 7, NULL, NULL),
(69, 2, 8, 1, 'Місце є дуже надихаюче. Раджу відвідати дану лавру.', '2025-05-05'),
(70, 4, 8, 2, NULL, NULL),
(71, 2, 8, 4, NULL, NULL),
(72, 5, 8, 5, NULL, NULL),
(73, 3, 8, 6, NULL, NULL),
(74, 3, 8, 7, NULL, NULL),
(75, 1, 8, 8, NULL, NULL),
(76, 2, 8, 9, NULL, NULL),
(77, 1, 8, 13, NULL, NULL),
(78, 3, 8, 15, NULL, NULL),
(79, 5, 8, 16, NULL, NULL),
(80, 4, 8, 17, NULL, NULL),
(81, 5, 8, 18, NULL, NULL),
(82, 3, 8, 19, NULL, NULL),
(83, 2, 9, 1, 'Місце, де я набралась духовної енергії.', '2025-05-07'),
(84, 1, 9, 3, NULL, NULL),
(85, 5, 9, 4, NULL, NULL),
(86, 1, 9, 6, NULL, NULL),
(87, 3, 9, 9, NULL, NULL),
(88, 1, 9, 11, NULL, NULL),
(89, 3, 9, 12, NULL, NULL),
(90, 4, 9, 15, NULL, NULL),
(91, 3, 9, 16, NULL, NULL),
(92, 3, 9, 18, NULL, NULL),
(93, 4, 9, 19, NULL, NULL),
(94, 1, 10, 1, NULL, NULL),
(95, 4, 10, 3, NULL, NULL),
(96, 4, 10, 4, NULL, NULL),
(97, 1, 10, 5, NULL, NULL),
(98, 4, 10, 8, NULL, NULL),
(99, 2, 10, 11, NULL, NULL),
(100, 5, 10, 16, NULL, NULL),
(101, 3, 11, 1, NULL, NULL),
(102, 1, 11, 4, NULL, NULL),
(103, 3, 11, 7, NULL, NULL),
(104, 2, 11, 8, NULL, NULL),
(105, 1, 11, 10, NULL, NULL),
(106, 3, 11, 15, NULL, NULL),
(107, 3, 11, 16, NULL, NULL),
(108, 5, 11, 17, NULL, NULL),
(109, 3, 11, 18, NULL, NULL),
(110, 1, 11, 20, NULL, NULL),
(111, 5, 12, 1, NULL, NULL),
(112, 4, 12, 4, NULL, NULL),
(113, 1, 12, 5, NULL, NULL),
(114, 3, 12, 6, NULL, NULL),
(115, 4, 12, 7, NULL, NULL),
(116, 2, 12, 13, NULL, NULL),
(117, 2, 12, 14, NULL, NULL),
(118, 2, 12, 15, NULL, NULL),
(119, 2, 12, 17, NULL, NULL),
(120, 4, 12, 18, NULL, NULL),
(121, 5, 12, 19, NULL, NULL),
(122, 4, 12, 20, NULL, NULL),
(123, 5, 13, 1, NULL, NULL),
(124, 1, 13, 2, NULL, NULL),
(125, 3, 13, 3, NULL, NULL),
(126, 1, 13, 6, NULL, NULL),
(127, 3, 13, 7, NULL, NULL),
(128, 5, 13, 9, NULL, NULL),
(129, 4, 13, 11, NULL, NULL),
(130, 3, 13, 14, NULL, NULL),
(131, 3, 13, 15, NULL, NULL),
(132, 2, 13, 17, NULL, NULL),
(133, 5, 13, 18, NULL, NULL),
(134, 1, 13, 19, NULL, NULL),
(135, 5, 13, 20, NULL, NULL),
(136, 1, 14, 1, NULL, NULL),
(137, 2, 14, 2, NULL, NULL),
(138, 2, 14, 3, NULL, NULL),
(139, 1, 14, 4, NULL, NULL),
(140, 4, 14, 7, NULL, NULL),
(141, 3, 14, 8, NULL, NULL),
(142, 3, 14, 10, NULL, NULL),
(143, 1, 14, 14, NULL, NULL),
(144, 3, 14, 19, NULL, NULL),
(145, 5, 15, 2, NULL, NULL),
(146, 4, 15, 3, NULL, NULL),
(147, 4, 15, 4, NULL, NULL),
(148, 1, 15, 5, NULL, NULL),
(149, 1, 15, 7, NULL, NULL),
(150, 3, 15, 14, NULL, NULL),
(151, 4, 15, 17, NULL, NULL),
(152, 2, 15, 18, NULL, NULL),
(153, 5, 15, 19, NULL, NULL),
(154, 5, 15, 20, NULL, NULL),
(155, 3, 16, 1, NULL, NULL),
(156, 3, 16, 2, NULL, NULL),
(157, 1, 16, 3, NULL, NULL),
(158, 1, 16, 7, NULL, NULL),
(159, 3, 16, 12, NULL, NULL),
(160, 4, 16, 15, NULL, NULL),
(161, 4, 16, 17, NULL, NULL),
(162, 5, 16, 18, NULL, NULL),
(163, 4, 16, 19, NULL, NULL),
(164, 3, 17, 2, NULL, NULL),
(165, 1, 17, 3, NULL, NULL),
(166, 4, 17, 4, NULL, NULL),
(167, 5, 17, 5, NULL, NULL),
(168, 2, 17, 6, NULL, NULL),
(169, 3, 17, 11, NULL, NULL),
(170, 2, 17, 12, NULL, NULL),
(171, 3, 17, 14, NULL, NULL),
(172, 2, 17, 15, NULL, NULL),
(173, 4, 17, 16, NULL, NULL),
(174, 1, 17, 17, NULL, NULL),
(175, 1, 17, 19, NULL, NULL),
(176, 1, 18, 3, NULL, NULL),
(177, 3, 18, 4, NULL, NULL),
(178, 4, 18, 6, NULL, NULL),
(179, 4, 18, 9, NULL, NULL),
(180, 4, 18, 11, NULL, NULL),
(181, 2, 18, 14, NULL, NULL),
(182, 4, 18, 15, NULL, NULL),
(183, 4, 18, 17, NULL, NULL),
(184, 4, 18, 18, NULL, NULL),
(185, 5, 18, 19, NULL, NULL),
(186, 5, 18, 20, NULL, NULL),
(187, 1, 19, 2, NULL, NULL),
(188, 2, 19, 3, NULL, NULL),
(189, 5, 19, 5, NULL, NULL),
(190, 3, 19, 6, NULL, NULL),
(191, 4, 19, 9, NULL, NULL),
(192, 5, 19, 10, NULL, NULL),
(193, 4, 19, 14, NULL, NULL),
(194, 4, 19, 15, NULL, NULL),
(195, 5, 19, 16, NULL, NULL),
(196, 4, 19, 18, NULL, NULL),
(197, 3, 19, 19, NULL, NULL),
(198, 5, 20, 2, NULL, NULL),
(199, 2, 20, 4, NULL, NULL),
(200, 1, 20, 5, NULL, NULL),
(201, 4, 20, 6, NULL, NULL),
(202, 5, 20, 7, NULL, NULL),
(203, 1, 20, 8, NULL, NULL),
(204, 3, 20, 10, NULL, NULL),
(205, 3, 20, 14, NULL, NULL),
(206, 4, 20, 17, NULL, NULL),
(207, 1, 20, 19, NULL, NULL),
(208, 4, 20, 20, NULL, NULL),
(210, 3, 12, 2, NULL, NULL),
(211, 5, 1, 1, 'Гарне місце!', '2025-05-20'),
(213, 4, 15, 10, NULL, '2025-05-14'),
(214, 3, 7, 4, NULL, '2025-05-14'),
(215, 4, 7, 1, NULL, '2025-05-14'),
(216, 3, 7, 12, NULL, '2025-05-14'),
(217, 4, 1, 121, NULL, '2025-05-14'),
(218, 3, 1, 63, NULL, '2025-05-14'),
(219, 4, 1, 64, NULL, '2025-05-14'),
(220, 4, 1, 75, NULL, '2025-05-14'),
(221, 3, 1, 39, NULL, '2025-05-14'),
(222, 4, 1, 31, NULL, '2025-05-14'),
(223, 2, 1, 40, NULL, '2025-05-14'),
(224, 4, 1, 33, NULL, '2025-05-14'),
(225, 4, 1, 93, NULL, '2025-05-14'),
(226, 3, 1, 91, NULL, '2025-05-14'),
(227, 3, 1, 104, NULL, '2025-05-14'),
(228, 5, 1, 105, NULL, '2025-05-14'),
(229, 4, 1, 109, NULL, '2025-05-14'),
(230, 5, 1, 119, NULL, '2025-05-14'),
(231, 3, 1, 123, NULL, '2025-05-14'),
(232, 4, 1, 130, NULL, '2025-05-14'),
(233, 4, 1, 135, NULL, '2025-05-14'),
(234, 5, 1, 142, NULL, '2025-05-14'),
(235, 5, 1, 150, NULL, '2025-05-14'),
(236, 5, 1, 148, NULL, '2025-05-14'),
(237, 3, 1, 153, NULL, '2025-05-14'),
(238, 3, 1, 160, NULL, '2025-05-14'),
(239, 5, 1, 165, NULL, '2025-05-14'),
(240, 5, 1, 169, NULL, '2025-05-14'),
(241, 2, 1, 166, NULL, '2025-05-14'),
(242, 5, 1, 179, NULL, '2025-05-14'),
(243, 5, 1, 200, NULL, '2025-05-14'),
(244, 5, 1, 177, NULL, '2025-05-14'),
(245, 4, 1, 183, NULL, '2025-05-14'),
(246, 4, 21, 3, NULL, NULL),
(247, 5, 21, 14, NULL, NULL),
(248, 2, 21, 27, NULL, NULL),
(249, 3, 21, 41, NULL, NULL),
(250, 5, 21, 55, NULL, NULL),
(251, 2, 21, 89, NULL, NULL),
(252, 4, 21, 121, NULL, NULL),
(253, 5, 21, 178, NULL, NULL),
(254, 3, 21, 6, NULL, NULL),
(255, 4, 21, 34, NULL, NULL),
(256, 2, 21, 66, NULL, NULL),
(257, 5, 21, 112, NULL, NULL),
(258, 3, 21, 150, NULL, NULL),
(259, 4, 21, 187, NULL, NULL),
(260, 5, 21, 193, NULL, NULL),
(261, 1, 21, 102, NULL, NULL),
(262, 2, 21, 76, NULL, NULL),
(263, 3, 21, 38, NULL, NULL),
(264, 4, 21, 199, NULL, NULL),
(265, 3, 21, 83, NULL, NULL),
(266, 5, 21, 172, NULL, NULL),
(267, 4, 21, 50, NULL, NULL),
(268, 2, 21, 161, NULL, NULL),
(269, 3, 22, 5, NULL, NULL),
(270, 2, 22, 15, NULL, NULL),
(271, 4, 22, 38, NULL, NULL),
(272, 5, 22, 56, NULL, NULL),
(273, 4, 22, 94, NULL, NULL),
(274, 5, 22, 112, NULL, NULL),
(275, 1, 22, 157, NULL, NULL),
(276, 3, 22, 193, NULL, NULL),
(277, 3, 22, 6, NULL, NULL),
(278, 4, 22, 101, NULL, NULL),
(279, 2, 22, 78, NULL, NULL),
(280, 3, 22, 145, NULL, NULL),
(281, 5, 22, 188, NULL, NULL),
(282, 1, 22, 32, NULL, NULL),
(283, 5, 22, 73, NULL, NULL),
(284, 4, 22, 111, NULL, NULL),
(285, 3, 22, 160, NULL, NULL),
(286, 5, 22, 82, NULL, NULL),
(287, 3, 22, 11, NULL, NULL),
(288, 2, 22, 174, NULL, NULL),
(289, 4, 23, 11, NULL, NULL),
(290, 3, 23, 34, NULL, NULL),
(291, 5, 23, 60, NULL, NULL),
(292, 5, 23, 75, NULL, NULL),
(293, 2, 23, 102, NULL, NULL),
(294, 4, 23, 134, NULL, NULL),
(295, 5, 23, 186, NULL, NULL),
(296, 3, 23, 199, NULL, NULL),
(297, 2, 23, 13, NULL, NULL),
(298, 4, 23, 59, NULL, NULL),
(299, 3, 23, 80, NULL, NULL),
(300, 5, 23, 92, NULL, NULL),
(301, 1, 23, 123, NULL, NULL),
(302, 5, 23, 166, NULL, NULL),
(303, 4, 23, 47, NULL, NULL),
(304, 2, 23, 183, NULL, NULL),
(305, 4, 23, 194, NULL, NULL),
(306, 3, 23, 26, NULL, NULL),
(307, 5, 23, 140, NULL, NULL),
(308, 2, 23, 65, NULL, NULL),
(309, 3, 24, 2, NULL, NULL),
(310, 5, 24, 19, NULL, NULL),
(311, 1, 24, 31, NULL, NULL),
(312, 4, 24, 49, NULL, NULL),
(313, 2, 24, 78, NULL, NULL),
(314, 4, 24, 143, NULL, NULL),
(315, 5, 24, 166, NULL, NULL),
(316, 5, 24, 192, NULL, NULL),
(317, 2, 24, 23, NULL, NULL),
(318, 4, 24, 46, NULL, NULL),
(319, 3, 24, 81, NULL, NULL),
(320, 5, 24, 105, NULL, NULL),
(321, 1, 24, 141, NULL, NULL),
(322, 4, 24, 157, NULL, NULL),
(323, 2, 24, 190, NULL, NULL),
(324, 3, 24, 67, NULL, NULL),
(325, 5, 24, 117, NULL, NULL),
(326, 3, 24, 182, NULL, NULL),
(327, 2, 24, 98, NULL, NULL),
(328, 4, 24, 121, NULL, NULL),
(329, 2, 25, 4, NULL, NULL),
(330, 5, 25, 23, NULL, NULL),
(331, 1, 25, 30, NULL, NULL),
(332, 3, 25, 45, NULL, NULL),
(333, 4, 25, 85, NULL, NULL),
(334, 3, 25, 111, NULL, NULL),
(335, 5, 25, 173, NULL, NULL),
(336, 2, 25, 198, NULL, NULL),
(337, 3, 25, 10, NULL, NULL),
(338, 4, 25, 53, NULL, NULL),
(339, 1, 25, 74, NULL, NULL),
(340, 5, 25, 93, NULL, NULL),
(341, 3, 25, 142, NULL, NULL),
(342, 4, 25, 161, NULL, NULL),
(343, 5, 25, 185, NULL, NULL),
(344, 3, 25, 57, NULL, NULL),
(345, 2, 25, 70, NULL, NULL),
(346, 5, 25, 106, NULL, NULL),
(347, 4, 25, 138, NULL, NULL),
(348, 2, 25, 179, NULL, NULL),
(349, 4, 26, 7, NULL, NULL),
(350, 5, 26, 18, NULL, NULL),
(351, 3, 26, 37, NULL, NULL),
(352, 1, 26, 52, NULL, NULL),
(353, 5, 26, 90, NULL, NULL),
(354, 4, 26, 133, NULL, NULL),
(355, 3, 26, 159, NULL, NULL),
(356, 4, 26, 180, NULL, NULL),
(357, 2, 26, 21, NULL, NULL),
(358, 5, 26, 44, NULL, NULL),
(359, 3, 26, 58, NULL, NULL),
(360, 4, 26, 87, NULL, NULL),
(361, 2, 26, 119, NULL, NULL),
(362, 5, 26, 147, NULL, NULL),
(363, 3, 26, 197, NULL, NULL),
(364, 1, 26, 61, NULL, NULL),
(365, 4, 26, 84, NULL, NULL),
(366, 5, 26, 118, NULL, NULL),
(367, 2, 26, 169, NULL, NULL),
(368, 4, 26, 200, NULL, NULL),
(369, 3, 27, 9, NULL, NULL),
(370, 4, 27, 17, NULL, NULL),
(371, 2, 27, 33, NULL, NULL),
(372, 5, 27, 59, NULL, NULL),
(373, 4, 27, 87, NULL, NULL),
(374, 5, 27, 109, NULL, NULL),
(375, 1, 27, 146, NULL, NULL),
(376, 3, 27, 189, NULL, NULL),
(377, 2, 27, 12, NULL, NULL),
(378, 4, 27, 35, NULL, NULL),
(379, 3, 27, 62, NULL, NULL),
(380, 5, 27, 88, NULL, NULL),
(381, 4, 27, 124, NULL, NULL),
(382, 3, 27, 155, NULL, NULL),
(383, 4, 27, 184, NULL, NULL),
(384, 2, 27, 40, NULL, NULL),
(385, 5, 27, 71, NULL, NULL),
(386, 3, 27, 129, NULL, NULL),
(387, 4, 27, 168, NULL, NULL),
(388, 1, 27, 193, NULL, NULL),
(389, 2, 28, 1, NULL, NULL),
(390, 3, 28, 12, NULL, NULL),
(391, 4, 28, 22, NULL, NULL),
(392, 2, 28, 36, NULL, NULL),
(393, 5, 28, 69, NULL, NULL),
(394, 3, 28, 126, NULL, NULL),
(395, 5, 28, 158, NULL, NULL),
(396, 5, 28, 200, NULL, NULL),
(397, 3, 28, 8, NULL, NULL),
(398, 4, 28, 28, NULL, NULL),
(399, 2, 28, 63, NULL, NULL),
(400, 5, 28, 79, NULL, NULL),
(401, 1, 28, 115, NULL, NULL),
(402, 4, 28, 132, NULL, NULL),
(403, 2, 28, 164, NULL, NULL),
(404, 4, 28, 100, NULL, NULL),
(405, 3, 28, 107, NULL, NULL),
(406, 5, 28, 176, NULL, NULL),
(407, 3, 28, 195, NULL, NULL),
(408, 2, 28, 198, NULL, NULL),
(409, 5, 29, 8, NULL, NULL),
(410, 2, 29, 16, NULL, NULL),
(411, 4, 29, 35, NULL, NULL),
(412, 3, 29, 64, NULL, NULL),
(413, 4, 29, 93, NULL, NULL),
(414, 1, 29, 120, NULL, NULL),
(415, 5, 29, 148, NULL, NULL),
(416, 3, 29, 179, NULL, NULL),
(417, 2, 29, 25, NULL, NULL),
(418, 5, 29, 55, NULL, NULL),
(419, 3, 29, 72, NULL, NULL),
(420, 4, 29, 91, NULL, NULL),
(421, 5, 29, 127, NULL, NULL),
(422, 2, 29, 153, NULL, NULL),
(423, 3, 29, 191, NULL, NULL),
(424, 2, 29, 43, NULL, NULL),
(425, 5, 29, 60, NULL, NULL),
(426, 3, 29, 95, NULL, NULL),
(427, 5, 29, 165, NULL, NULL),
(428, 2, 29, 181, NULL, NULL),
(429, 4, 30, 10, NULL, NULL),
(430, 5, 30, 20, NULL, NULL),
(431, 2, 30, 42, NULL, NULL),
(432, 1, 30, 71, NULL, NULL),
(433, 3, 30, 99, NULL, NULL),
(434, 5, 30, 139, NULL, NULL),
(435, 4, 30, 163, NULL, NULL),
(436, 2, 30, 197, NULL, NULL),
(437, 3, 30, 29, NULL, NULL),
(438, 5, 30, 48, NULL, NULL),
(439, 2, 30, 86, NULL, NULL),
(440, 4, 30, 116, NULL, NULL),
(441, 3, 30, 144, NULL, NULL),
(442, 4, 30, 175, NULL, NULL),
(443, 1, 30, 190, NULL, NULL),
(444, 3, 30, 31, NULL, NULL),
(445, 5, 30, 77, NULL, NULL),
(446, 3, 30, 104, NULL, NULL),
(447, 4, 30, 151, NULL, NULL),
(448, 2, 30, 170, NULL, NULL),
(449, 5, 31, 3, NULL, NULL),
(450, 4, 31, 11, NULL, NULL),
(451, 3, 31, 29, NULL, NULL),
(452, 4, 31, 48, NULL, NULL),
(453, 5, 31, 74, NULL, NULL),
(454, 2, 31, 90, NULL, NULL),
(455, 3, 31, 116, NULL, NULL),
(456, 2, 31, 135, NULL, NULL),
(457, 5, 31, 158, NULL, NULL),
(458, 3, 31, 170, NULL, NULL),
(459, 4, 31, 192, NULL, NULL),
(460, 2, 31, 33, NULL, NULL),
(461, 4, 31, 62, NULL, NULL),
(462, 3, 31, 97, NULL, NULL),
(463, 5, 31, 103, NULL, NULL),
(464, 3, 31, 141, NULL, NULL),
(465, 1, 31, 184, NULL, NULL),
(466, 4, 31, 14, NULL, NULL),
(467, 2, 31, 54, NULL, NULL),
(468, 5, 31, 123, NULL, NULL),
(469, 3, 31, 176, NULL, NULL),
(470, 3, 32, 7, NULL, NULL),
(471, 5, 32, 16, NULL, NULL),
(472, 4, 32, 39, NULL, NULL),
(473, 3, 32, 61, NULL, NULL),
(474, 5, 32, 88, NULL, NULL),
(475, 2, 32, 117, NULL, NULL),
(476, 3, 32, 136, NULL, NULL),
(477, 4, 32, 159, NULL, NULL),
(478, 2, 32, 183, NULL, NULL),
(479, 5, 32, 191, NULL, NULL),
(480, 4, 32, 22, NULL, NULL),
(481, 3, 32, 47, NULL, NULL),
(482, 5, 32, 68, NULL, NULL),
(483, 1, 32, 107, NULL, NULL),
(484, 3, 32, 124, NULL, NULL),
(485, 4, 32, 167, NULL, NULL),
(486, 3, 32, 200, NULL, NULL),
(487, 2, 32, 9, NULL, NULL),
(488, 5, 32, 45, NULL, NULL),
(489, 3, 32, 92, NULL, NULL),
(490, 4, 33, 2, NULL, NULL),
(491, 2, 33, 15, NULL, NULL),
(492, 3, 33, 36, NULL, NULL),
(493, 5, 33, 49, NULL, NULL),
(494, 4, 33, 76, NULL, NULL),
(495, 3, 33, 105, NULL, NULL),
(496, 1, 33, 138, NULL, NULL),
(497, 4, 33, 157, NULL, NULL),
(498, 5, 33, 182, NULL, NULL),
(499, 2, 33, 198, NULL, NULL),
(500, 3, 33, 20, NULL, NULL),
(501, 4, 33, 58, NULL, NULL),
(502, 2, 33, 96, NULL, NULL),
(503, 3, 33, 115, NULL, NULL),
(504, 4, 33, 146, NULL, NULL),
(505, 3, 33, 169, NULL, NULL),
(506, 5, 33, 196, NULL, NULL),
(507, 1, 33, 35, NULL, NULL),
(508, 5, 33, 87, NULL, NULL),
(509, 2, 33, 112, NULL, NULL),
(510, 3, 33, 155, NULL, NULL),
(511, 3, 34, 4, NULL, NULL),
(512, 4, 34, 12, NULL, NULL),
(513, 5, 34, 28, NULL, NULL),
(514, 3, 34, 51, NULL, NULL),
(515, 4, 34, 79, NULL, NULL),
(516, 3, 34, 104, NULL, NULL),
(517, 2, 34, 131, NULL, NULL),
(518, 4, 34, 150, NULL, NULL),
(519, 3, 34, 174, NULL, NULL),
(520, 4, 34, 186, NULL, NULL),
(521, 4, 34, 24, NULL, NULL),
(522, 3, 34, 53, NULL, NULL),
(523, 5, 34, 100, NULL, NULL),
(524, 2, 34, 130, NULL, NULL),
(525, 4, 34, 160, NULL, NULL),
(526, 2, 34, 181, NULL, NULL),
(527, 3, 34, 194, NULL, NULL),
(528, 4, 34, 66, NULL, NULL),
(529, 3, 34, 91, NULL, NULL),
(530, 5, 34, 126, NULL, NULL),
(531, 4, 35, 1, NULL, NULL),
(532, 5, 35, 17, NULL, NULL),
(533, 3, 35, 40, NULL, NULL),
(534, 2, 35, 64, NULL, NULL),
(535, 4, 35, 84, NULL, NULL),
(536, 3, 35, 106, NULL, NULL),
(537, 5, 35, 119, NULL, NULL),
(538, 2, 35, 148, NULL, NULL),
(539, 4, 35, 162, NULL, NULL),
(540, 3, 35, 188, NULL, NULL),
(541, 5, 35, 10, NULL, NULL),
(542, 3, 35, 43, NULL, NULL),
(543, 2, 35, 67, NULL, NULL),
(544, 4, 35, 101, NULL, NULL),
(545, 3, 35, 137, NULL, NULL),
(546, 1, 35, 173, NULL, NULL),
(547, 4, 35, 199, NULL, NULL),
(548, 3, 35, 90, NULL, NULL),
(549, 5, 35, 180, NULL, NULL),
(550, 4, 35, 152, NULL, NULL),
(551, 3, 36, 5, NULL, NULL),
(552, 5, 36, 21, NULL, NULL),
(553, 2, 36, 44, NULL, NULL),
(554, 4, 36, 63, NULL, NULL),
(555, 5, 36, 98, NULL, NULL),
(556, 3, 36, 114, NULL, NULL),
(557, 4, 36, 140, NULL, NULL),
(558, 3, 36, 164, NULL, NULL),
(559, 2, 36, 185, NULL, NULL),
(560, 4, 36, 195, NULL, NULL),
(561, 2, 36, 26, NULL, NULL),
(562, 5, 36, 42, NULL, NULL),
(563, 3, 36, 77, NULL, NULL),
(564, 4, 36, 110, NULL, NULL),
(565, 2, 36, 125, NULL, NULL),
(566, 3, 36, 133, NULL, NULL),
(567, 5, 36, 153, NULL, NULL),
(568, 4, 36, 172, NULL, NULL),
(569, 2, 36, 189, NULL, NULL),
(570, 3, 36, 197, NULL, NULL),
(571, 4, 37, 8, NULL, NULL),
(572, 3, 37, 13, NULL, NULL),
(573, 5, 37, 30, NULL, NULL),
(574, 4, 37, 59, NULL, NULL),
(575, 2, 37, 85, NULL, NULL),
(576, 4, 37, 111, NULL, NULL),
(577, 3, 37, 149, NULL, NULL),
(578, 5, 37, 177, NULL, NULL),
(579, 2, 37, 190, NULL, NULL),
(580, 4, 37, 200, NULL, NULL),
(581, 3, 37, 18, NULL, NULL),
(582, 4, 37, 31, NULL, NULL),
(583, 5, 37, 65, NULL, NULL),
(584, 3, 37, 95, NULL, NULL),
(585, 2, 37, 132, NULL, NULL),
(586, 4, 37, 147, NULL, NULL),
(587, 4, 37, 161, NULL, NULL),
(588, 4, 37, 168, NULL, NULL),
(589, 3, 37, 183, NULL, NULL),
(590, 2, 37, 193, NULL, NULL),
(591, 2, 38, 6, NULL, NULL),
(592, 4, 38, 19, NULL, NULL),
(593, 5, 38, 37, NULL, NULL),
(594, 3, 38, 55, NULL, NULL),
(595, 4, 38, 83, NULL, NULL),
(596, 2, 38, 113, NULL, NULL),
(597, 3, 38, 134, NULL, NULL),
(598, 5, 38, 165, NULL, NULL),
(599, 2, 38, 187, NULL, NULL),
(600, 4, 38, 29, NULL, NULL),
(601, 3, 38, 41, NULL, NULL),
(602, 5, 38, 73, NULL, NULL),
(603, 2, 38, 108, NULL, NULL),
(604, 4, 38, 129, NULL, NULL),
(605, 3, 38, 145, NULL, NULL),
(606, 1, 38, 154, NULL, NULL),
(607, 5, 38, 179, NULL, NULL),
(608, 3, 38, 125, NULL, NULL),
(609, 4, 38, 96, NULL, NULL),
(610, 2, 38, 171, NULL, NULL),
(611, 3, 39, 9, NULL, NULL),
(612, 4, 39, 25, NULL, NULL),
(613, 5, 39, 52, NULL, NULL),
(614, 3, 39, 72, NULL, NULL),
(615, 2, 39, 86, NULL, NULL),
(616, 5, 39, 109, NULL, NULL),
(617, 4, 39, 139, NULL, NULL),
(618, 3, 39, 156, NULL, NULL),
(619, 4, 39, 178, NULL, NULL),
(620, 2, 39, 45, NULL, NULL),
(621, 3, 39, 70, NULL, NULL),
(622, 4, 39, 94, NULL, NULL),
(623, 2, 39, 122, NULL, NULL),
(624, 4, 39, 143, NULL, NULL),
(625, 5, 39, 175, NULL, NULL),
(626, 2, 39, 63, NULL, NULL),
(627, 3, 39, 151, NULL, NULL),
(628, 4, 39, 198, NULL, NULL),
(629, 2, 39, 74, NULL, NULL),
(630, 4, 39, 88, NULL, NULL),
(631, 5, 40, 27, NULL, NULL),
(632, 3, 40, 46, NULL, NULL),
(633, 4, 40, 57, NULL, NULL),
(634, 2, 40, 82, NULL, NULL),
(635, 5, 40, 120, NULL, NULL),
(636, 4, 40, 144, NULL, NULL),
(637, 3, 40, 166, NULL, NULL),
(638, 2, 40, 186, NULL, NULL),
(639, 4, 40, 97, NULL, NULL),
(640, 3, 40, 142, NULL, NULL),
(641, 5, 40, 37, NULL, NULL),
(642, 3, 40, 50, NULL, NULL),
(643, 4, 40, 89, NULL, NULL),
(644, 2, 40, 118, NULL, NULL),
(645, 4, 40, 128, NULL, NULL),
(646, 3, 40, 135, NULL, NULL),
(647, 5, 40, 162, NULL, NULL),
(648, 2, 40, 170, NULL, NULL),
(649, 4, 40, 181, NULL, NULL),
(650, 2, 40, 196, NULL, NULL),
(651, 3, 41, 2, NULL, NULL),
(652, 4, 41, 14, NULL, NULL),
(653, 5, 41, 29, NULL, NULL),
(654, 2, 41, 37, NULL, NULL),
(655, 4, 41, 46, NULL, NULL),
(656, 3, 41, 61, NULL, NULL),
(657, 5, 41, 85, NULL, NULL),
(658, 2, 41, 101, NULL, NULL),
(659, 3, 41, 122, NULL, NULL),
(660, 4, 41, 140, NULL, NULL),
(661, 2, 41, 155, NULL, NULL),
(662, 4, 41, 173, NULL, NULL),
(663, 5, 41, 186, NULL, NULL),
(664, 3, 41, 197, NULL, NULL),
(665, 2, 41, 48, NULL, NULL),
(666, 3, 41, 70, NULL, NULL),
(667, 4, 41, 109, NULL, NULL),
(668, 2, 41, 131, NULL, NULL),
(669, 4, 41, 178, NULL, NULL),
(670, 1, 41, 199, NULL, NULL),
(671, 4, 42, 3, NULL, NULL),
(672, 5, 42, 11, NULL, NULL),
(673, 2, 42, 30, NULL, NULL),
(674, 4, 42, 38, NULL, NULL),
(675, 3, 42, 50, NULL, NULL),
(676, 2, 42, 67, NULL, NULL),
(677, 5, 42, 91, NULL, NULL),
(678, 4, 42, 119, NULL, NULL),
(679, 2, 42, 133, NULL, NULL),
(680, 3, 42, 148, NULL, NULL),
(681, 5, 42, 167, NULL, NULL),
(682, 2, 42, 185, NULL, NULL),
(683, 4, 42, 192, NULL, NULL),
(684, 3, 42, 72, NULL, NULL),
(685, 1, 42, 86, NULL, NULL),
(686, 4, 42, 96, NULL, NULL),
(687, 3, 42, 137, NULL, NULL),
(688, 5, 42, 153, NULL, NULL),
(689, 2, 42, 179, NULL, NULL),
(690, 4, 42, 200, NULL, NULL),
(691, 2, 43, 4, NULL, NULL),
(692, 3, 43, 18, NULL, NULL),
(693, 5, 43, 25, NULL, NULL),
(694, 4, 43, 43, NULL, NULL),
(695, 2, 43, 56, NULL, NULL),
(696, 5, 43, 80, NULL, NULL),
(697, 3, 43, 94, NULL, NULL),
(698, 4, 43, 110, NULL, NULL),
(699, 2, 43, 125, NULL, NULL),
(700, 3, 43, 144, NULL, NULL),
(701, 4, 43, 158, NULL, NULL),
(702, 2, 43, 174, NULL, NULL),
(703, 5, 43, 190, NULL, NULL),
(704, 3, 43, 62, NULL, NULL),
(705, 4, 43, 71, NULL, NULL),
(706, 2, 43, 89, NULL, NULL),
(707, 4, 43, 105, NULL, NULL),
(708, 3, 43, 132, NULL, NULL),
(709, 2, 43, 165, NULL, NULL),
(710, 4, 43, 193, NULL, NULL),
(711, 3, 44, 5, NULL, NULL),
(712, 4, 44, 19, NULL, NULL),
(713, 5, 44, 28, NULL, NULL),
(714, 3, 44, 45, NULL, NULL),
(715, 4, 44, 69, NULL, NULL),
(716, 2, 44, 95, NULL, NULL),
(717, 5, 44, 107, NULL, NULL),
(718, 3, 44, 123, NULL, NULL),
(719, 4, 44, 141, NULL, NULL),
(720, 3, 44, 156, NULL, NULL),
(721, 2, 44, 176, NULL, NULL),
(722, 4, 44, 183, NULL, NULL),
(723, 3, 44, 198, NULL, NULL),
(724, 5, 44, 33, NULL, NULL),
(725, 4, 44, 73, NULL, NULL),
(726, 2, 44, 103, NULL, NULL),
(727, 5, 44, 121, NULL, NULL),
(728, 4, 44, 162, NULL, NULL),
(729, 3, 44, 195, NULL, NULL),
(730, 2, 44, 39, NULL, NULL),
(731, 4, 45, 6, NULL, NULL),
(732, 2, 45, 20, NULL, NULL),
(733, 5, 45, 35, NULL, NULL),
(734, 3, 45, 47, NULL, NULL),
(735, 4, 45, 66, NULL, NULL),
(736, 3, 45, 78, NULL, NULL),
(737, 5, 45, 100, NULL, NULL),
(738, 2, 45, 120, NULL, NULL),
(739, 3, 45, 139, NULL, NULL),
(740, 5, 45, 150, NULL, NULL),
(741, 2, 45, 171, NULL, NULL),
(742, 4, 45, 180, NULL, NULL),
(743, 3, 45, 191, NULL, NULL),
(744, 2, 45, 44, NULL, NULL),
(745, 4, 45, 93, NULL, NULL),
(746, 3, 45, 114, NULL, NULL),
(747, 2, 45, 134, NULL, NULL),
(748, 5, 45, 152, NULL, NULL),
(749, 3, 45, 196, NULL, NULL),
(750, 2, 45, 84, NULL, NULL),
(751, 3, 46, 1, NULL, NULL),
(752, 4, 46, 13, NULL, NULL),
(753, 5, 46, 26, NULL, NULL),
(754, 2, 46, 40, NULL, NULL),
(755, 3, 46, 63, NULL, NULL),
(756, 4, 46, 77, NULL, NULL),
(757, 5, 46, 104, NULL, NULL),
(758, 2, 46, 115, NULL, NULL),
(759, 3, 46, 135, NULL, NULL),
(760, 4, 46, 149, NULL, NULL),
(761, 2, 46, 163, NULL, NULL),
(762, 5, 46, 177, NULL, NULL),
(763, 3, 46, 194, NULL, NULL),
(764, 4, 46, 58, NULL, NULL),
(765, 3, 46, 81, NULL, NULL),
(766, 2, 46, 92, NULL, NULL),
(767, 5, 46, 142, NULL, NULL),
(768, 4, 46, 172, NULL, NULL),
(769, 3, 46, 186, NULL, NULL),
(770, 1, 46, 199, NULL, NULL),
(771, 4, 47, 7, NULL, NULL),
(772, 3, 47, 16, NULL, NULL),
(773, 5, 47, 34, NULL, NULL),
(774, 3, 47, 42, NULL, NULL),
(775, 4, 47, 60, NULL, NULL),
(776, 2, 47, 87, NULL, NULL),
(777, 5, 47, 99, NULL, NULL),
(778, 3, 47, 113, NULL, NULL),
(779, 4, 47, 138, NULL, NULL),
(780, 2, 47, 151, NULL, NULL),
(781, 5, 47, 170, NULL, NULL),
(782, 3, 47, 187, NULL, NULL),
(783, 4, 47, 46, NULL, NULL),
(784, 2, 47, 108, NULL, NULL),
(785, 4, 47, 129, NULL, NULL),
(786, 3, 47, 143, NULL, NULL),
(787, 2, 47, 164, NULL, NULL),
(788, 5, 47, 189, NULL, NULL),
(789, 3, 47, 197, NULL, NULL),
(790, 4, 47, 76, NULL, NULL),
(791, 2, 48, 8, NULL, NULL),
(792, 3, 48, 23, NULL, NULL),
(793, 5, 48, 32, NULL, NULL),
(794, 3, 48, 54, NULL, NULL),
(795, 4, 48, 75, NULL, NULL),
(796, 5, 48, 98, NULL, NULL),
(797, 2, 48, 124, NULL, NULL),
(798, 3, 48, 136, NULL, NULL),
(799, 4, 48, 145, NULL, NULL),
(800, 2, 48, 168, NULL, NULL),
(801, 5, 48, 182, NULL, NULL),
(802, 3, 48, 200, NULL, NULL),
(803, 4, 48, 36, NULL, NULL),
(804, 3, 48, 79, NULL, NULL),
(805, 2, 48, 83, NULL, NULL),
(806, 4, 48, 117, NULL, NULL),
(807, 3, 48, 154, NULL, NULL),
(808, 2, 48, 175, NULL, NULL),
(809, 4, 48, 194, NULL, NULL),
(810, 3, 48, 195, NULL, NULL),
(811, 4, 49, 10, NULL, NULL),
(812, 2, 49, 21, NULL, NULL),
(813, 5, 49, 41, NULL, NULL),
(814, 3, 49, 65, NULL, NULL),
(815, 4, 49, 91, NULL, NULL),
(816, 3, 49, 102, NULL, NULL),
(817, 5, 49, 128, NULL, NULL),
(818, 2, 49, 147, NULL, NULL),
(819, 3, 49, 161, NULL, NULL),
(820, 5, 49, 184, NULL, NULL),
(821, 2, 49, 198, NULL, NULL),
(822, 4, 49, 51, NULL, NULL),
(823, 3, 49, 68, NULL, NULL),
(824, 2, 49, 106, NULL, NULL),
(825, 5, 49, 118, NULL, NULL),
(826, 3, 49, 137, NULL, NULL),
(827, 4, 49, 178, NULL, NULL),
(828, 2, 49, 193, NULL, NULL),
(829, 3, 49, 66, NULL, NULL),
(830, 4, 49, 83, NULL, NULL),
(831, 3, 50, 12, NULL, NULL),
(832, 4, 50, 24, NULL, NULL),
(833, 5, 50, 31, NULL, NULL),
(834, 3, 50, 57, NULL, NULL),
(835, 4, 50, 82, NULL, NULL),
(836, 2, 50, 112, NULL, NULL),
(837, 3, 50, 130, NULL, NULL),
(838, 4, 50, 156, NULL, NULL),
(839, 2, 50, 173, NULL, NULL),
(840, 5, 50, 188, NULL, NULL),
(841, 3, 50, 196, NULL, NULL),
(842, 4, 50, 27, NULL, NULL),
(843, 3, 50, 53, NULL, NULL),
(844, 2, 50, 101, NULL, NULL),
(845, 4, 50, 111, NULL, NULL),
(846, 3, 50, 126, NULL, NULL),
(847, 2, 50, 140, NULL, NULL),
(848, 5, 50, 160, NULL, NULL),
(849, 3, 50, 185, NULL, NULL),
(850, 2, 50, 199, NULL, NULL),
(851, 4, 24, 8, NULL, '2025-05-14'),
(852, 4, 45, 8, NULL, '2025-05-14'),
(853, 3, 33, 8, NULL, '2025-05-14'),
(854, 5, 12, 9, NULL, '2025-05-14'),
(855, 4, 26, 9, NULL, '2025-05-14'),
(856, 4, 42, 9, NULL, '2025-05-14'),
(857, 5, 29, 9, NULL, '2025-05-14'),
(858, 5, 16, 10, NULL, '2025-05-14'),
(859, 4, 27, 10, NULL, '2025-05-14'),
(860, 4, 22, 13, NULL, '2025-05-14'),
(861, 5, 44, 13, NULL, '2025-05-14'),
(862, 4, 35, 13, NULL, '2025-05-14'),
(863, 4, 31, 13, NULL, '2025-05-14'),
(864, 3, 49, 13, NULL, '2025-05-14'),
(865, 4, 46, 21, NULL, '2025-05-14'),
(866, 3, 38, 21, NULL, '2025-05-14'),
(867, 1, 25, 21, NULL, '2025-05-14'),
(868, 3, 43, 21, NULL, '2025-05-14'),
(869, 5, 32, 21, NULL, '2025-05-14'),
(870, 5, 23, 21, NULL, '2025-05-14'),
(871, 1, 39, 21, NULL, '2025-05-14'),
(872, 4, 21, 21, NULL, '2025-05-14'),
(873, 5, 30, 22, NULL, '2025-05-14'),
(874, 4, 47, 22, NULL, '2025-05-14'),
(875, 1, 41, 22, NULL, '2025-05-14'),
(876, 5, 50, 22, NULL, '2025-05-14'),
(877, 4, 43, 22, NULL, '2025-05-14'),
(878, 3, 40, 22, NULL, '2025-05-14'),
(879, 5, 22, 22, NULL, '2025-05-14'),
(880, 5, 22, 23, NULL, '2025-05-14'),
(881, 4, 33, 23, NULL, '2025-05-14'),
(882, 5, 46, 23, NULL, '2025-05-14'),
(883, 3, 38, 23, NULL, '2025-05-14'),
(884, 1, 26, 23, NULL, '2025-05-14'),
(885, 5, 44, 23, NULL, '2025-05-14'),
(886, 3, 44, 24, NULL, '2025-05-14'),
(887, 5, 42, 24, NULL, '2025-05-14'),
(888, 4, 37, 24, NULL, '2025-05-14'),
(889, 2, 25, 24, NULL, '2025-05-14'),
(890, 1, 41, 24, NULL, '2025-05-14'),
(891, 3, 30, 24, NULL, '2025-05-14'),
(892, 5, 30, 25, NULL, '2025-05-14'),
(893, 2, 35, 25, NULL, '2025-05-14'),
(894, 2, 32, 25, NULL, '2025-05-14'),
(895, 3, 28, 25, NULL, '2025-05-14'),
(896, 2, 45, 25, NULL, '2025-05-14'),
(897, 1, 40, 25, NULL, '2025-05-14'),
(898, 3, 24, 25, NULL, '2025-05-14'),
(899, 5, 24, 26, NULL, '2025-05-14'),
(900, 4, 31, 26, NULL, '2025-05-14'),
(901, 1, 27, 26, NULL, '2025-05-14'),
(902, 4, 34, 26, NULL, '2025-05-14'),
(903, 2, 49, 26, NULL, '2025-05-14'),
(904, 4, 29, 26, NULL, '2025-05-14'),
(905, 4, 23, 27, NULL, '2025-05-14'),
(906, 5, 36, 27, NULL, '2025-05-14'),
(907, 2, 43, 27, NULL, '2025-05-14'),
(908, 5, 47, 27, NULL, '2025-05-14'),
(909, 4, 39, 27, NULL, '2025-05-14'),
(910, 4, 22, 27, NULL, '2025-05-14'),
(911, 4, 22, 28, NULL, '2025-05-14'),
(912, 5, 27, 28, NULL, '2025-05-14'),
(913, 4, 48, 28, NULL, '2025-05-14'),
(914, 5, 50, 28, NULL, '2025-05-14'),
(915, 3, 26, 28, NULL, '2025-05-14'),
(916, 5, 42, 28, NULL, '2025-05-14'),
(917, 5, 42, 29, NULL, '2025-05-14'),
(918, 4, 33, 29, NULL, '2025-05-14'),
(919, 4, 24, 29, NULL, '2025-05-14'),
(920, 2, 29, 29, NULL, '2025-05-14'),
(921, 2, 47, 29, NULL, '2025-05-14'),
(922, 4, 25, 29, NULL, '2025-05-14'),
(923, 4, 44, 29, NULL, '2025-05-14'),
(924, 5, 44, 30, NULL, '2025-05-14'),
(925, 3, 50, 30, NULL, '2025-05-14'),
(926, 4, 32, 30, NULL, '2025-05-14'),
(927, 4, 43, 30, NULL, '2025-05-14'),
(928, 3, 39, 30, NULL, '2025-05-14'),
(929, 4, 35, 30, NULL, '2025-05-14'),
(930, 4, 46, 30, NULL, '2025-05-14'),
(931, 5, 30, 30, NULL, '2025-05-14'),
(932, 4, 48, 30, NULL, '2025-05-14'),
(933, 5, 48, 31, NULL, '2025-05-14'),
(934, 3, 21, 31, NULL, '2025-05-14'),
(935, 5, 31, 31, NULL, '2025-05-14'),
(936, 2, 28, 31, NULL, '2025-05-14'),
(937, 2, 45, 31, NULL, '2025-05-14'),
(938, 4, 22, 31, NULL, '2025-05-14'),
(939, 3, 40, 31, NULL, '2025-05-14'),
(940, 5, 49, 31, NULL, '2025-05-14'),
(941, 4, 49, 32, NULL, '2025-05-14'),
(942, 4, 34, 32, NULL, '2025-05-14'),
(943, 4, 25, 32, NULL, '2025-05-14'),
(944, 4, 26, 32, NULL, '2025-05-14'),
(945, 5, 29, 32, NULL, '2025-05-14'),
(946, 4, 45, 32, NULL, '2025-05-14'),
(947, 5, 33, 32, NULL, '2025-05-14'),
(948, 4, 33, 33, NULL, '2025-05-14'),
(949, 5, 35, 33, NULL, '2025-05-14'),
(950, 4, 40, 33, NULL, '2025-05-14'),
(951, 2, 42, 33, NULL, '2025-05-14'),
(952, 5, 7, 33, NULL, '2025-05-14'),
(953, 5, 7, 34, NULL, '2025-05-14'),
(954, 5, 5, 34, NULL, '2025-05-14'),
(955, 5, 36, 34, NULL, '2025-05-14'),
(956, 3, 30, 34, NULL, '2025-05-14'),
(957, 5, 16, 34, NULL, '2025-05-14'),
(958, 4, 14, 34, NULL, '2025-05-14'),
(959, 5, 39, 34, NULL, '2025-05-14'),
(960, 4, 39, 35, NULL, '2025-05-14'),
(961, 4, 17, 35, NULL, '2025-05-14'),
(962, 5, 32, 35, NULL, '2025-05-14'),
(963, 5, 19, 35, NULL, '2025-05-14'),
(964, 5, 22, 35, NULL, '2025-05-14'),
(965, 2, 31, 35, NULL, '2025-05-14'),
(966, 4, 43, 35, NULL, '2025-05-14'),
(967, 4, 43, 36, NULL, '2025-05-14'),
(968, 3, 36, 36, NULL, '2025-05-14'),
(969, 4, 15, 36, NULL, '2025-05-14'),
(970, 3, 18, 36, NULL, '2025-05-14'),
(971, 4, 37, 36, NULL, '2025-05-14'),
(972, 4, 42, 36, NULL, '2025-05-14'),
(973, 3, 39, 36, NULL, '2025-05-14'),
(974, 2, 30, 36, NULL, '2025-05-14'),
(975, 4, 30, 37, NULL, '2025-05-14'),
(976, 3, 7, 37, NULL, '2025-05-14'),
(977, 4, 13, 37, NULL, '2025-05-14'),
(978, 3, 35, 37, NULL, '2025-05-14'),
(979, 3, 23, 37, NULL, '2025-05-14'),
(980, 4, 47, 37, NULL, '2025-05-14'),
(981, 3, 47, 38, NULL, '2025-05-14'),
(982, 3, 17, 38, NULL, '2025-05-14'),
(983, 3, 25, 38, NULL, '2025-05-14'),
(984, 5, 34, 38, NULL, '2025-05-14'),
(985, 4, 27, 38, NULL, '2025-05-14'),
(986, 3, 32, 38, NULL, '2025-05-14'),
(987, 4, 46, 39, NULL, '2025-05-14'),
(988, 3, 34, 39, NULL, '2025-05-14'),
(989, 5, 19, 39, NULL, '2025-05-14'),
(990, 5, 12, 39, NULL, '2025-05-14'),
(991, 4, 11, 39, NULL, '2025-05-14'),
(992, 5, 16, 39, NULL, '2025-05-14'),
(993, 4, 16, 40, NULL, '2025-05-14'),
(994, 4, 43, 40, NULL, '2025-05-14'),
(995, 5, 33, 40, NULL, '2025-05-14'),
(996, 4, 42, 40, NULL, '2025-05-14'),
(997, 3, 39, 40, NULL, '2025-05-14'),
(998, 5, 20, 40, NULL, '2025-05-14'),
(999, 4, 10, 40, NULL, '2025-05-14'),
(1000, 5, 10, 41, NULL, '2025-05-14'),
(1001, 4, 7, 41, NULL, '2025-05-14'),
(1002, 5, 37, 41, NULL, '2025-05-14'),
(1003, 3, 26, 41, NULL, '2025-05-14'),
(1004, 1, 13, 41, NULL, '2025-05-14'),
(1005, 3, 4, 41, NULL, '2025-05-14'),
(1006, 5, 40, 41, NULL, '2025-05-14'),
(1007, 3, 40, 42, NULL, '2025-05-14'),
(1008, 2, 35, 42, NULL, '2025-05-14'),
(1009, 4, 24, 42, NULL, '2025-05-14'),
(1010, 2, 33, 42, NULL, '2025-05-14'),
(1011, 1, 29, 42, NULL, '2025-05-14'),
(1012, 5, 18, 42, NULL, '2025-05-14'),
(1013, 1, 20, 42, NULL, '2025-05-14'),
(1014, 4, 20, 43, NULL, '2025-05-14'),
(1015, 5, 38, 43, NULL, '2025-05-14'),
(1016, 3, 23, 43, NULL, '2025-05-14'),
(1017, 4, 44, 43, NULL, '2025-05-14'),
(1018, 4, 6, 43, NULL, '2025-05-14'),
(1019, 5, 6, 44, NULL, '2025-05-14'),
(1020, 3, 2, 44, NULL, '2025-05-14'),
(1021, 4, 17, 44, NULL, '2025-05-14'),
(1022, 5, 35, 44, NULL, '2025-05-14'),
(1023, 4, 21, 44, NULL, '2025-05-14'),
(1024, 2, 11, 44, NULL, '2025-05-14'),
(1025, 3, 15, 44, NULL, '2025-05-14'),
(1026, 4, 47, 44, NULL, '2025-05-14'),
(1027, 4, 49, 44, NULL, '2025-05-14'),
(1028, 4, 49, 45, NULL, '2025-05-14'),
(1029, 5, 26, 45, NULL, '2025-05-14'),
(1030, 3, 23, 45, NULL, '2025-05-14'),
(1031, 5, 17, 45, NULL, '2025-05-14'),
(1032, 4, 45, 45, NULL, '2025-05-14'),
(1033, 5, 31, 45, NULL, '2025-05-14'),
(1034, 5, 28, 45, NULL, '2025-05-14'),
(1035, 3, 50, 45, NULL, '2025-05-14'),
(1036, 4, 50, 46, NULL, '2025-05-14'),
(1037, 4, 22, 46, NULL, '2025-05-14'),
(1038, 4, 13, 46, NULL, '2025-05-14'),
(1039, 3, 18, 46, NULL, '2025-05-14'),
(1040, 4, 6, 46, NULL, '2025-05-14'),
(1041, 5, 4, 46, NULL, '2025-05-14'),
(1042, 5, 13, 47, NULL, '2025-05-14'),
(1043, 4, 44, 47, NULL, '2025-05-14'),
(1044, 3, 35, 47, NULL, '2025-05-14'),
(1045, 2, 7, 47, NULL, '2025-05-14'),
(1046, 4, 37, 47, NULL, '2025-05-14'),
(1047, 4, 41, 47, NULL, '2025-05-14'),
(1048, 4, 24, 47, NULL, '2025-05-14'),
(1049, 5, 21, 47, NULL, '2025-05-14'),
(1050, 5, 21, 48, NULL, '2025-05-14'),
(1051, 4, 46, 48, NULL, '2025-05-14'),
(1052, 3, 18, 48, NULL, '2025-05-14'),
(1053, 4, 20, 48, NULL, '2025-05-14'),
(1054, 3, 34, 48, NULL, '2025-05-14'),
(1055, 4, 23, 48, NULL, '2025-05-14'),
(1056, 4, 23, 49, NULL, '2025-05-14'),
(1057, 4, 49, 49, NULL, '2025-05-14'),
(1058, 5, 35, 49, NULL, '2025-05-14'),
(1059, 4, 12, 49, NULL, '2025-05-14'),
(1060, 5, 6, 49, NULL, '2025-05-14'),
(1061, 4, 18, 49, NULL, '2025-05-14'),
(1062, 4, 18, 50, NULL, '2025-05-14'),
(1063, 4, 10, 50, NULL, '2025-05-14'),
(1064, 5, 39, 50, NULL, '2025-05-14'),
(1065, 3, 33, 50, NULL, '2025-05-14'),
(1066, 5, 27, 50, NULL, '2025-05-14'),
(1067, 4, 27, 51, NULL, '2025-05-14'),
(1068, 4, 38, 51, NULL, '2025-05-14'),
(1069, 3, 12, 51, NULL, '2025-05-14'),
(1070, 4, 18, 51, NULL, '2025-05-14'),
(1071, 4, 43, 51, NULL, '2025-05-14'),
(1072, 5, 11, 51, NULL, '2025-05-14'),
(1073, 4, 11, 52, NULL, '2025-05-14'),
(1074, 4, 25, 52, NULL, '2025-05-14'),
(1075, 2, 7, 52, NULL, '2025-05-14'),
(1076, 3, 3, 52, NULL, '2025-05-14'),
(1077, 4, 10, 52, NULL, '2025-05-14'),
(1078, 4, 20, 52, NULL, '2025-05-14'),
(1079, 4, 20, 53, NULL, '2025-05-14'),
(1080, 1, 33, 53, NULL, '2025-05-14'),
(1081, 4, 24, 53, NULL, '2025-05-14'),
(1082, 4, 15, 53, NULL, '2025-05-14'),
(1083, 3, 16, 53, NULL, '2025-05-14'),
(1084, 4, 48, 53, NULL, '2025-05-14'),
(1085, 4, 45, 54, NULL, '2025-05-14'),
(1086, 4, 22, 54, NULL, '2025-05-14'),
(1087, 1, 33, 54, NULL, '2025-05-14'),
(1088, 3, 36, 54, NULL, '2025-05-14'),
(1089, 4, 27, 54, NULL, '2025-05-14'),
(1090, 4, 27, 55, NULL, '2025-05-14'),
(1091, 4, 7, 55, NULL, '2025-05-14'),
(1092, 5, 15, 55, NULL, '2025-05-14'),
(1093, 2, 18, 55, NULL, '2025-05-14'),
(1094, 4, 36, 55, NULL, '2025-05-14'),
(1095, 3, 42, 55, NULL, '2025-05-14'),
(1096, 4, 24, 56, NULL, '2025-05-14'),
(1097, 3, 8, 56, NULL, '2025-05-14'),
(1098, 2, 19, 56, NULL, '2025-05-14'),
(1099, 1, 31, 56, NULL, '2025-05-14'),
(1100, 3, 32, 56, NULL, '2025-05-14'),
(1101, 2, 42, 56, NULL, '2025-05-14'),
(1102, 5, 45, 57, NULL, '2025-05-14'),
(1103, 4, 23, 57, NULL, '2025-05-14'),
(1104, 5, 6, 57, NULL, '2025-05-14'),
(1105, 3, 17, 57, NULL, '2025-05-14'),
(1106, 4, 48, 57, NULL, '2025-05-14'),
(1107, 3, 32, 58, NULL, '2025-05-14'),
(1108, 1, 23, 58, NULL, '2025-05-14'),
(1109, 2, 30, 58, NULL, '2025-05-14'),
(1110, 2, 10, 58, NULL, '2025-05-14'),
(1111, 1, 42, 58, NULL, '2025-05-14'),
(1112, 2, 10, 59, NULL, '2025-05-14'),
(1113, 1, 15, 59, NULL, '2025-05-14'),
(1114, 4, 34, 59, NULL, '2025-05-14'),
(1115, 3, 22, 59, NULL, '2025-05-14'),
(1116, 3, 35, 60, NULL, '2025-05-14'),
(1117, 2, 46, 60, NULL, '2025-05-14'),
(1118, 4, 24, 60, NULL, '2025-05-14'),
(1119, 4, 13, 60, NULL, '2025-05-14'),
(1120, 3, 2, 60, NULL, '2025-05-14'),
(1121, 4, 7, 60, NULL, '2025-05-14'),
(1122, 4, 7, 61, NULL, '2025-05-14'),
(1123, 4, 13, 61, NULL, '2025-05-14'),
(1124, 3, 34, 61, NULL, '2025-05-14'),
(1125, 4, 46, 61, NULL, '2025-05-14'),
(1126, 4, 44, 62, NULL, '2025-05-14'),
(1127, 2, 35, 62, NULL, '2025-05-14'),
(1128, 2, 25, 62, NULL, '2025-05-14'),
(1129, 3, 13, 62, NULL, '2025-05-14'),
(1130, 3, 2, 62, NULL, '2025-05-14'),
(1131, 4, 33, 63, NULL, '2025-05-14'),
(1132, 3, 45, 63, NULL, '2025-05-14'),
(1133, 2, 26, 63, NULL, '2025-05-14'),
(1134, 2, 19, 63, NULL, '2025-05-14'),
(1135, 1, 30, 63, NULL, '2025-05-14'),
(1136, 3, 6, 64, NULL, '2025-05-14'),
(1137, 4, 25, 64, NULL, '2025-05-14'),
(1138, 5, 38, 64, NULL, '2025-05-14'),
(1139, 4, 19, 64, NULL, '2025-05-14'),
(1140, 3, 46, 64, NULL, '2025-05-14'),
(1141, 4, 35, 65, NULL, '2025-05-14'),
(1142, 3, 21, 65, NULL, '2025-05-14'),
(1143, 4, 13, 65, NULL, '2025-05-14'),
(1144, 3, 4, 65, NULL, '2025-05-14'),
(1145, 5, 46, 65, NULL, '2025-05-14'),
(1146, 3, 13, 66, NULL, '2025-05-14'),
(1147, 4, 6, 66, NULL, '2025-05-14'),
(1148, 3, 31, 66, NULL, '2025-05-14'),
(1149, 2, 46, 66, NULL, '2025-05-14'),
(1150, 4, 46, 67, NULL, '2025-05-14'),
(1151, 4, 7, 67, NULL, '2025-05-14'),
(1152, 5, 15, 67, NULL, '2025-05-14'),
(1153, 4, 25, 67, NULL, '2025-05-14'),
(1154, 3, 33, 67, NULL, '2025-05-14'),
(1155, 4, 44, 67, NULL, '2025-05-14'),
(1156, 3, 4, 67, NULL, '2025-05-14'),
(1157, 4, 17, 67, NULL, '2025-05-14'),
(1158, 3, 29, 67, NULL, '2025-05-14'),
(1159, 4, 31, 67, NULL, '2025-05-14'),
(1160, 3, 46, 68, NULL, '2025-05-14'),
(1161, 4, 30, 68, NULL, '2025-05-14'),
(1162, 2, 35, 68, NULL, '2025-05-14'),
(1163, 3, 15, 68, NULL, '2025-05-14'),
(1164, 3, 6, 68, NULL, '2025-05-14'),
(1165, 3, 6, 69, NULL, '2025-05-14'),
(1166, 2, 2, 69, NULL, '2025-05-14'),
(1167, 4, 18, 69, NULL, '2025-05-14'),
(1168, 5, 22, 69, NULL, '2025-05-14'),
(1169, 3, 38, 69, NULL, '2025-05-14'),
(1170, 3, 43, 69, NULL, '2025-05-14'),
(1171, 4, 10, 70, NULL, '2025-05-14'),
(1172, 3, 12, 70, NULL, '2025-05-14'),
(1173, 4, 23, 70, NULL, '2025-05-14'),
(1174, 3, 33, 70, NULL, '2025-05-14'),
(1175, 1, 44, 70, NULL, '2025-05-14'),
(1176, 4, 44, 71, NULL, '2025-05-14'),
(1177, 2, 47, 71, NULL, '2025-05-14'),
(1178, 3, 40, 71, NULL, '2025-05-14'),
(1179, 4, 22, 71, NULL, '2025-05-14'),
(1180, 2, 12, 71, NULL, '2025-05-14'),
(1181, 3, 2, 71, NULL, '2025-05-14'),
(1182, 2, 2, 72, NULL, '2025-05-14'),
(1183, 1, 17, 72, NULL, '2025-05-14'),
(1184, 1, 15, 72, NULL, '2025-05-14'),
(1185, 2, 22, 72, NULL, '2025-05-14'),
(1186, 3, 32, 72, NULL, '2025-05-14'),
(1187, 2, 46, 72, NULL, '2025-05-14'),
(1188, 3, 46, 73, NULL, '2025-05-14'),
(1189, 3, 3, 73, NULL, '2025-05-14'),
(1190, 4, 16, 73, NULL, '2025-05-14'),
(1191, 2, 24, 73, NULL, '2025-05-14'),
(1192, 4, 37, 73, NULL, '2025-05-14'),
(1193, 3, 40, 73, NULL, '2025-05-14'),
(1194, 3, 40, 74, NULL, '2025-05-14'),
(1195, 5, 9, 74, NULL, '2025-05-14'),
(1196, 4, 15, 74, NULL, '2025-05-14'),
(1197, 2, 36, 74, NULL, '2025-05-14'),
(1198, 3, 22, 74, NULL, '2025-05-14'),
(1199, 3, 44, 74, NULL, '2025-05-14'),
(1200, 4, 44, 75, NULL, '2025-05-14'),
(1201, 3, 47, 75, NULL, '2025-05-14'),
(1202, 2, 36, 75, NULL, '2025-05-14'),
(1203, 4, 27, 75, NULL, '2025-05-14'),
(1204, 3, 16, 75, NULL, '2025-05-14'),
(1205, 4, 7, 75, NULL, '2025-05-14'),
(1206, 3, 7, 76, NULL, '2025-05-14'),
(1207, 4, 3, 76, NULL, '2025-05-14'),
(1208, 2, 13, 76, NULL, '2025-05-14'),
(1209, 3, 23, 76, NULL, '2025-05-14'),
(1210, 4, 34, 76, NULL, '2025-05-14'),
(1211, 3, 46, 76, NULL, '2025-05-14'),
(1212, 4, 49, 77, NULL, '2025-05-14'),
(1213, 3, 34, 77, NULL, '2025-05-14'),
(1214, 2, 29, 77, NULL, '2025-05-14'),
(1215, 4, 18, 77, NULL, '2025-05-14'),
(1216, 3, 6, 77, NULL, '2025-05-14'),
(1217, 4, 8, 78, NULL, '2025-05-14'),
(1218, 3, 16, 78, NULL, '2025-05-14'),
(1219, 4, 32, 78, NULL, '2025-05-14'),
(1220, 3, 46, 78, NULL, '2025-05-14'),
(1221, 4, 44, 78, NULL, '2025-05-14'),
(1222, 3, 42, 78, NULL, '2025-05-14'),
(1223, 4, 25, 78, NULL, '2025-05-14'),
(1224, 3, 28, 78, NULL, '2025-05-14'),
(1225, 4, 16, 79, NULL, '2025-05-14'),
(1226, 2, 15, 79, NULL, '2025-05-14'),
(1227, 3, 4, 79, NULL, '2025-05-14'),
(1228, 4, 23, 79, NULL, '2025-05-14'),
(1229, 4, 35, 79, NULL, '2025-05-14'),
(1230, 3, 40, 79, NULL, '2025-05-14'),
(1231, 3, 42, 80, NULL, '2025-05-14'),
(1232, 3, 24, 80, NULL, '2025-05-14'),
(1233, 2, 36, 80, NULL, '2025-05-14'),
(1234, 4, 15, 80, NULL, '2025-05-14'),
(1235, 4, 7, 81, NULL, '2025-05-14'),
(1236, 3, 14, 81, NULL, '2025-05-14'),
(1237, 5, 21, 81, NULL, '2025-05-14'),
(1238, 5, 35, 81, NULL, '2025-05-14'),
(1239, 2, 42, 81, NULL, '2025-05-14'),
(1240, 4, 10, 82, NULL, '2025-05-14'),
(1241, 5, 25, 82, NULL, '2025-05-14'),
(1242, 4, 15, 82, NULL, '2025-05-14'),
(1243, 3, 35, 82, NULL, '2025-05-14'),
(1244, 5, 45, 82, NULL, '2025-05-14'),
(1245, 4, 4, 83, NULL, '2025-05-14'),
(1246, 5, 16, 83, NULL, '2025-05-14'),
(1247, 2, 20, 83, NULL, '2025-05-14'),
(1248, 4, 28, 83, NULL, '2025-05-14'),
(1249, 5, 36, 83, NULL, '2025-05-14'),
(1250, 3, 48, 84, NULL, '2025-05-14'),
(1251, 4, 3, 84, NULL, '2025-05-14'),
(1252, 2, 2, 84, NULL, '2025-05-14'),
(1253, 4, 10, 84, NULL, '2025-05-14'),
(1254, 3, 20, 84, NULL, '2025-05-14'),
(1255, 2, 40, 84, NULL, '2025-05-14'),
(1256, 4, 6, 85, NULL, '2025-05-14'),
(1257, 3, 12, 85, NULL, '2025-05-14'),
(1258, 3, 18, 85, NULL, '2025-05-14'),
(1259, 4, 24, 85, NULL, '2025-05-14'),
(1260, 3, 36, 85, NULL, '2025-05-14'),
(1261, 2, 36, 86, NULL, '2025-05-14'),
(1262, 2, 7, 86, NULL, '2025-05-14'),
(1263, 1, 19, 86, NULL, '2025-05-14'),
(1264, 3, 25, 86, NULL, '2025-05-14'),
(1265, 2, 34, 86, NULL, '2025-05-14'),
(1266, 1, 44, 86, NULL, '2025-05-14'),
(1267, 4, 44, 87, NULL, '2025-05-14'),
(1268, 3, 10, 87, NULL, '2025-05-14'),
(1269, 5, 22, 87, NULL, '2025-05-14'),
(1270, 3, 11, 87, NULL, '2025-05-14'),
(1271, 4, 35, 87, NULL, '2025-05-14'),
(1272, 4, 44, 88, NULL, '2025-05-14'),
(1273, 3, 10, 88, NULL, '2025-05-14'),
(1274, 2, 4, 88, NULL, '2025-05-14'),
(1275, 4, 23, 88, NULL, '2025-05-14'),
(1276, 2, 37, 88, NULL, '2025-05-14'),
(1277, 3, 41, 89, NULL, '2025-05-14'),
(1278, 4, 34, 89, NULL, '2025-05-14'),
(1279, 2, 26, 89, NULL, '2025-05-14'),
(1280, 4, 20, 90, NULL, '2025-05-14'),
(1281, 5, 11, 90, NULL, '2025-05-14'),
(1282, 3, 23, 90, NULL, '2025-05-14'),
(1283, 4, 39, 90, NULL, '2025-05-14'),
(1284, 4, 43, 90, NULL, '2025-05-14'),
(1285, 4, 2, 91, NULL, '2025-05-14'),
(1286, 3, 13, 91, NULL, '2025-05-14'),
(1287, 4, 24, 91, NULL, '2025-05-14'),
(1288, 4, 38, 91, NULL, '2025-05-14'),
(1289, 4, 41, 91, NULL, '2025-05-14'),
(1290, 2, 3, 92, NULL, '2025-05-14'),
(1291, 3, 25, 92, NULL, '2025-05-14'),
(1292, 3, 33, 92, NULL, '2025-05-14'),
(1293, 4, 44, 92, NULL, '2025-05-14'),
(1294, 5, 44, 93, NULL, '2025-05-14'),
(1295, 4, 47, 93, NULL, '2025-05-14'),
(1296, 4, 38, 93, NULL, '2025-05-14'),
(1297, 2, 30, 93, NULL, '2025-05-14'),
(1298, 2, 20, 93, NULL, '2025-05-14'),
(1299, 4, 8, 93, NULL, '2025-05-14'),
(1300, 4, 9, 94, NULL, '2025-05-14'),
(1301, 3, 20, 94, NULL, '2025-05-14'),
(1302, 5, 35, 94, NULL, '2025-05-14'),
(1303, 4, 23, 94, NULL, '2025-05-14'),
(1304, 3, 45, 94, NULL, '2025-05-14'),
(1305, 2, 49, 95, NULL, '2025-05-14'),
(1306, 1, 31, 95, NULL, '2025-05-14'),
(1307, 2, 28, 95, NULL, '2025-05-14'),
(1308, 3, 15, 95, NULL, '2025-05-14'),
(1309, 4, 50, 96, NULL, '2025-05-14'),
(1310, 3, 34, 96, NULL, '2025-05-14'),
(1311, 3, 26, 96, NULL, '2025-05-14'),
(1312, 3, 17, 96, NULL, '2025-05-14'),
(1313, 1, 4, 96, NULL, '2025-05-14'),
(1314, 2, 47, 97, NULL, '2025-05-14'),
(1315, 1, 35, 97, NULL, '2025-05-14'),
(1316, 2, 24, 97, NULL, '2025-05-14'),
(1317, 3, 18, 97, NULL, '2025-05-14'),
(1318, 1, 10, 97, NULL, '2025-05-14'),
(1319, 4, 46, 98, NULL, '2025-05-14'),
(1320, 5, 38, 98, NULL, '2025-05-14'),
(1321, 4, 23, 98, NULL, '2025-05-14'),
(1322, 5, 20, 98, NULL, '2025-05-14'),
(1323, 5, 10, 98, NULL, '2025-05-14'),
(1324, 5, 10, 99, NULL, '2025-05-14'),
(1325, 2, 35, 99, NULL, '2025-05-14'),
(1326, 2, 26, 99, NULL, '2025-05-14'),
(1327, 3, 12, 99, NULL, '2025-05-14'),
(1328, 2, 7, 99, NULL, '2025-05-14'),
(1329, 2, 44, 99, NULL, '2025-05-14'),
(1330, 5, 44, 100, NULL, '2025-05-14'),
(1331, 4, 2, 100, NULL, '2025-05-14'),
(1332, 5, 17, 100, NULL, '2025-05-14'),
(1333, 3, 33, 100, NULL, '2025-05-14'),
(1334, 4, 24, 100, NULL, '2025-05-14'),
(1335, 5, 47, 100, NULL, '2025-05-14'),
(1336, 2, 47, 101, NULL, '2025-05-14'),
(1337, 3, 4, 101, NULL, '2025-05-14'),
(1338, 1, 16, 101, NULL, '2025-05-14'),
(1339, 2, 19, 101, NULL, '2025-05-14'),
(1340, 3, 33, 101, NULL, '2025-05-14'),
(1341, 3, 40, 101, NULL, '2025-05-14'),
(1342, 4, 40, 102, NULL, '2025-05-14'),
(1343, 3, 37, 102, NULL, '2025-05-14'),
(1344, 3, 45, 102, NULL, '2025-05-14'),
(1345, 3, 29, 102, NULL, '2025-05-14'),
(1346, 4, 24, 102, NULL, '2025-05-14'),
(1347, 3, 10, 102, NULL, '2025-05-14'),
(1348, 5, 10, 103, NULL, '2025-05-14'),
(1349, 5, 3, 103, NULL, '2025-05-14'),
(1350, 4, 13, 103, NULL, '2025-05-14'),
(1351, 3, 22, 103, NULL, '2025-05-14'),
(1352, 5, 40, 103, NULL, '2025-05-14'),
(1353, 4, 41, 103, NULL, '2025-05-14'),
(1354, 5, 41, 104, NULL, '2025-05-14'),
(1355, 4, 36, 104, NULL, '2025-05-14'),
(1356, 5, 24, 104, NULL, '2025-05-14'),
(1357, 5, 15, 104, NULL, '2025-05-14'),
(1358, 5, 7, 104, NULL, '2025-05-14'),
(1359, 4, 38, 104, NULL, '2025-05-14'),
(1360, 3, 38, 105, NULL, '2025-05-14'),
(1361, 4, 2, 105, NULL, '2025-05-14'),
(1362, 3, 16, 105, NULL, '2025-05-14'),
(1363, 2, 27, 105, NULL, '2025-05-14'),
(1364, 3, 32, 105, NULL, '2025-05-14'),
(1365, 2, 50, 105, NULL, '2025-05-14'),
(1366, 3, 50, 106, NULL, '2025-05-14'),
(1367, 4, 9, 106, NULL, '2025-05-14'),
(1368, 1, 11, 106, NULL, '2025-05-14'),
(1369, 1, 31, 106, NULL, '2025-05-14'),
(1370, 2, 23, 106, NULL, '2025-05-14'),
(1371, 2, 43, 106, NULL, '2025-05-14'),
(1372, 4, 24, 107, NULL, '2025-05-14'),
(1373, 3, 20, 107, NULL, '2025-05-14'),
(1374, 4, 7, 107, NULL, '2025-05-14'),
(1375, 4, 38, 107, NULL, '2025-05-14'),
(1376, 3, 39, 107, NULL, '2025-05-14'),
(1377, 2, 40, 107, NULL, '2025-05-14'),
(1378, 4, 3, 108, NULL, '2025-05-14'),
(1379, 2, 8, 108, NULL, '2025-05-14'),
(1380, 3, 2, 108, NULL, '2025-05-14'),
(1381, 4, 33, 108, NULL, '2025-05-14'),
(1382, 3, 39, 108, NULL, '2025-05-14'),
(1383, 4, 50, 108, NULL, '2025-05-14'),
(1384, 2, 50, 109, NULL, '2025-05-14'),
(1385, 2, 21, 109, NULL, '2025-05-14'),
(1386, 3, 9, 109, NULL, '2025-05-14'),
(1387, 3, 32, 109, NULL, '2025-05-14'),
(1388, 2, 12, 109, NULL, '2025-05-14'),
(1389, 3, 12, 110, NULL, '2025-05-14'),
(1390, 2, 16, 110, NULL, '2025-05-14'),
(1391, 3, 34, 110, NULL, '2025-05-14'),
(1392, 1, 30, 110, NULL, '2025-05-14'),
(1393, 3, 48, 110, NULL, '2025-05-14'),
(1394, 3, 11, 110, NULL, '2025-05-14'),
(1395, 3, 11, 111, NULL, '2025-05-14'),
(1396, 3, 10, 111, NULL, '2025-05-14'),
(1397, 4, 3, 111, NULL, '2025-05-14'),
(1398, 3, 40, 111, NULL, '2025-05-14'),
(1399, 3, 41, 111, NULL, '2025-05-14'),
(1400, 3, 28, 112, NULL, '2025-05-14'),
(1401, 4, 4, 112, NULL, '2025-05-14'),
(1402, 3, 16, 112, NULL, '2025-05-14'),
(1403, 4, 31, 112, NULL, '2025-05-14'),
(1404, 3, 46, 112, NULL, '2025-05-14'),
(1405, 3, 46, 113, NULL, '2025-05-14'),
(1406, 3, 50, 113, NULL, '2025-05-14'),
(1407, 4, 37, 113, NULL, '2025-05-14'),
(1408, 4, 26, 113, NULL, '2025-05-14'),
(1409, 3, 18, 113, NULL, '2025-05-14'),
(1410, 4, 9, 113, NULL, '2025-05-14'),
(1411, 4, 9, 114, NULL, '2025-05-14'),
(1412, 4, 2, 114, NULL, '2025-05-14'),
(1413, 5, 8, 114, NULL, '2025-05-14'),
(1414, 5, 23, 114, NULL, '2025-05-14'),
(1415, 3, 35, 114, NULL, '2025-05-14'),
(1416, 4, 49, 114, NULL, '2025-05-14'),
(1417, 4, 49, 115, NULL, '2025-05-14'),
(1418, 3, 3, 115, NULL, '2025-05-14'),
(1419, 4, 13, 115, NULL, '2025-05-14'),
(1420, 5, 29, 115, NULL, '2025-05-14'),
(1421, 4, 30, 115, NULL, '2025-05-14'),
(1422, 5, 50, 115, NULL, '2025-05-14'),
(1423, 4, 7, 116, NULL, '2025-05-14'),
(1424, 5, 12, 116, NULL, '2025-05-14'),
(1425, 3, 28, 116, NULL, '2025-05-14'),
(1426, 4, 35, 116, NULL, '2025-05-14'),
(1427, 5, 43, 116, NULL, '2025-05-14'),
(1428, 4, 43, 117, NULL, '2025-05-14'),
(1429, 3, 8, 117, NULL, '2025-05-14'),
(1430, 5, 11, 117, NULL, '2025-05-14'),
(1431, 3, 23, 117, NULL, '2025-05-14'),
(1432, 5, 33, 117, NULL, '2025-05-14'),
(1433, 5, 41, 117, NULL, '2025-05-14'),
(1434, 3, 41, 118, NULL, '2025-05-14'),
(1435, 4, 46, 118, NULL, '2025-05-14'),
(1436, 2, 38, 118, NULL, '2025-05-14'),
(1437, 2, 31, 118, NULL, '2025-05-14'),
(1438, 3, 11, 118, NULL, '2025-05-14'),
(1439, 3, 20, 118, NULL, '2025-05-14'),
(1440, 3, 20, 119, NULL, '2025-05-14'),
(1441, 2, 10, 119, NULL, '2025-05-14'),
(1442, 3, 11, 119, NULL, '2025-05-14'),
(1443, 2, 21, 119, NULL, '2025-05-14'),
(1444, 3, 40, 119, NULL, '2025-05-14'),
(1445, 5, 50, 119, NULL, '2025-05-14'),
(1446, 4, 45, 119, NULL, '2025-05-14'),
(1447, 4, 4, 119, NULL, '2025-05-14'),
(1448, 3, 4, 120, NULL, '2025-05-14'),
(1449, 2, 17, 120, NULL, '2025-05-14'),
(1450, 2, 24, 120, NULL, '2025-05-14'),
(1451, 3, 37, 120, NULL, '2025-05-14'),
(1452, 2, 41, 120, NULL, '2025-05-14'),
(1453, 4, 41, 121, NULL, '2025-05-14'),
(1454, 4, 7, 121, NULL, '2025-05-14'),
(1455, 3, 14, 121, NULL, '2025-05-14'),
(1456, 4, 19, 121, NULL, '2025-05-14'),
(1457, 4, 23, 121, NULL, '2025-05-14'),
(1458, 3, 39, 121, NULL, '2025-05-14'),
(1459, 4, 5, 122, NULL, '2025-05-14'),
(1460, 4, 16, 122, NULL, '2025-05-14'),
(1461, 5, 21, 122, NULL, '2025-05-14'),
(1462, 3, 31, 122, NULL, '2025-05-14'),
(1463, 3, 42, 122, NULL, '2025-05-14'),
(1464, 4, 42, 123, NULL, '2025-05-14'),
(1465, 3, 9, 123, NULL, '2025-05-14'),
(1466, 3, 19, 123, NULL, '2025-05-14'),
(1467, 4, 24, 123, NULL, '2025-05-14'),
(1468, 3, 34, 123, NULL, '2025-05-14'),
(1469, 4, 49, 123, NULL, '2025-05-14'),
(1470, 4, 49, 124, NULL, '2025-05-14'),
(1471, 3, 5, 124, NULL, '2025-05-14'),
(1472, 1, 14, 124, NULL, '2025-05-14'),
(1473, 2, 42, 124, NULL, '2025-05-14'),
(1474, 3, 37, 124, NULL, '2025-05-14'),
(1475, 4, 37, 125, NULL, '2025-05-14'),
(1476, 5, 9, 125, NULL, '2025-05-14'),
(1477, 4, 14, 125, NULL, '2025-05-14'),
(1478, 4, 19, 125, NULL, '2025-05-14'),
(1479, 3, 24, 125, NULL, '2025-05-14'),
(1480, 5, 45, 125, NULL, '2025-05-14'),
(1481, 4, 45, 126, NULL, '2025-05-14'),
(1482, 3, 14, 126, NULL, '2025-05-14'),
(1483, 4, 19, 126, NULL, '2025-05-14'),
(1484, 3, 25, 126, NULL, '2025-05-14'),
(1485, 2, 37, 126, NULL, '2025-05-14'),
(1486, 4, 38, 126, NULL, '2025-05-14'),
(1487, 4, 38, 127, NULL, '2025-05-14'),
(1488, 3, 9, 127, NULL, '2025-05-14'),
(1489, 5, 19, 127, NULL, '2025-05-14'),
(1490, 3, 27, 127, NULL, '2025-05-14'),
(1491, 5, 36, 127, NULL, '2025-05-14'),
(1492, 4, 43, 127, NULL, '2025-05-14'),
(1493, 5, 43, 128, NULL, '2025-05-14'),
(1494, 3, 5, 128, NULL, '2025-05-14'),
(1495, 3, 13, 128, NULL, '2025-05-14'),
(1496, 4, 30, 128, NULL, '2025-05-14'),
(1497, 2, 38, 128, NULL, '2025-05-14'),
(1498, 4, 50, 128, NULL, '2025-05-14'),
(1499, 3, 50, 129, NULL, '2025-05-14'),
(1500, 4, 7, 129, NULL, '2025-05-14'),
(1501, 3, 14, 129, NULL, '2025-05-14'),
(1502, 4, 19, 129, NULL, '2025-05-14'),
(1503, 5, 37, 129, NULL, '2025-05-14'),
(1504, 3, 45, 129, NULL, '2025-05-14'),
(1505, 3, 45, 130, NULL, '2025-05-14'),
(1506, 4, 5, 130, NULL, '2025-05-14'),
(1507, 2, 9, 130, NULL, '2025-05-14'),
(1508, 2, 19, 130, NULL, '2025-05-14'),
(1509, 4, 27, 130, NULL, '2025-05-14'),
(1510, 3, 37, 130, NULL, '2025-05-14'),
(1511, 4, 37, 131, NULL, '2025-05-14'),
(1512, 3, 2, 131, NULL, '2025-05-14'),
(1513, 5, 12, 131, NULL, '2025-05-14'),
(1514, 4, 24, 131, NULL, '2025-05-14'),
(1515, 5, 19, 131, NULL, '2025-05-14'),
(1516, 4, 39, 131, NULL, '2025-05-14'),
(1517, 3, 39, 132, NULL, '2025-05-14'),
(1518, 4, 5, 132, NULL, '2025-05-14'),
(1519, 2, 9, 132, NULL, '2025-05-14'),
(1520, 4, 19, 132, NULL, '2025-05-14'),
(1521, 2, 14, 132, NULL, '2025-05-14'),
(1522, 3, 26, 132, NULL, '2025-05-14'),
(1523, 5, 5, 133, NULL, '2025-05-14'),
(1524, 4, 19, 133, NULL, '2025-05-14'),
(1525, 4, 29, 133, NULL, '2025-05-14'),
(1526, 3, 48, 133, NULL, '2025-05-14'),
(1527, 5, 37, 133, NULL, '2025-05-14'),
(1528, 3, 37, 134, NULL, '2025-05-14'),
(1529, 2, 2, 134, NULL, '2025-05-14'),
(1530, 4, 5, 134, NULL, '2025-05-14'),
(1531, 2, 9, 134, NULL, '2025-05-14'),
(1532, 2, 14, 134, NULL, '2025-05-14'),
(1533, 3, 19, 134, NULL, '2025-05-14'),
(1534, 4, 19, 135, NULL, '2025-05-14'),
(1535, 3, 8, 135, NULL, '2025-05-14'),
(1536, 4, 29, 135, NULL, '2025-05-14'),
(1537, 3, 14, 135, NULL, '2025-05-14'),
(1538, 4, 34, 135, NULL, '2025-05-14'),
(1539, 3, 39, 135, NULL, '2025-05-14'),
(1540, 5, 49, 135, NULL, '2025-05-14'),
(1541, 4, 49, 136, NULL, '2025-05-14'),
(1542, 3, 5, 136, NULL, '2025-05-14'),
(1543, 2, 14, 136, NULL, '2025-05-14'),
(1544, 5, 19, 136, NULL, '2025-05-14');
INSERT INTO `feedbacks` (`feedbackID`, `rating`, `userID`, `placeID`, `comment`, `reviewDate`) VALUES
(1545, 4, 22, 136, NULL, '2025-05-14'),
(1546, 4, 47, 136, NULL, '2025-05-14'),
(1547, 4, 47, 137, NULL, '2025-05-14'),
(1548, 3, 48, 137, NULL, '2025-05-14'),
(1549, 5, 36, 137, NULL, '2025-05-14'),
(1550, 3, 25, 137, NULL, '2025-05-14'),
(1551, 5, 14, 137, NULL, '2025-05-14'),
(1552, 4, 8, 137, NULL, '2025-05-14'),
(1553, 4, 8, 138, NULL, '2025-05-14'),
(1554, 3, 17, 138, NULL, '2025-05-14'),
(1555, 4, 28, 138, NULL, '2025-05-14'),
(1556, 3, 38, 138, NULL, '2025-05-14'),
(1557, 3, 48, 138, NULL, '2025-05-14'),
(1558, 4, 48, 139, NULL, '2025-05-14'),
(1559, 3, 9, 139, NULL, '2025-05-14'),
(1560, 4, 19, 139, NULL, '2025-05-14'),
(1561, 5, 20, 139, NULL, '2025-05-14'),
(1562, 3, 22, 139, NULL, '2025-05-14'),
(1563, 5, 42, 139, NULL, '2025-05-14'),
(1564, 3, 42, 140, NULL, '2025-05-14'),
(1565, 4, 19, 140, NULL, '2025-05-14'),
(1566, 4, 34, 140, NULL, '2025-05-14'),
(1567, 5, 45, 140, NULL, '2025-05-14'),
(1568, 4, 45, 141, NULL, '2025-05-14'),
(1569, 3, 7, 141, NULL, '2025-05-14'),
(1570, 4, 27, 141, NULL, '2025-05-14'),
(1571, 5, 36, 141, NULL, '2025-05-14'),
(1572, 4, 43, 141, NULL, '2025-05-14'),
(1573, 4, 43, 142, NULL, '2025-05-14'),
(1574, 3, 4, 142, NULL, '2025-05-14'),
(1575, 4, 15, 142, NULL, '2025-05-14'),
(1576, 4, 26, 142, NULL, '2025-05-14'),
(1577, 3, 38, 142, NULL, '2025-05-14'),
(1578, 5, 50, 143, NULL, '2025-05-14'),
(1579, 2, 40, 143, NULL, '2025-05-14'),
(1580, 3, 14, 143, NULL, '2025-05-14'),
(1581, 4, 6, 143, NULL, '2025-05-14'),
(1582, 3, 26, 143, NULL, '2025-05-14'),
(1583, 3, 26, 144, NULL, '2025-05-14'),
(1584, 2, 3, 144, NULL, '2025-05-14'),
(1585, 3, 12, 144, NULL, '2025-05-14'),
(1586, 3, 21, 144, NULL, '2025-05-14'),
(1587, 3, 39, 144, NULL, '2025-05-14'),
(1588, 4, 47, 144, NULL, '2025-05-14'),
(1589, 2, 47, 145, NULL, '2025-05-14'),
(1590, 1, 4, 145, NULL, '2025-05-14'),
(1591, 3, 15, 145, NULL, '2025-05-14'),
(1592, 1, 27, 145, NULL, '2025-05-14'),
(1593, 2, 32, 145, NULL, '2025-05-14'),
(1594, 3, 45, 145, NULL, '2025-05-14'),
(1595, 4, 45, 146, NULL, '2025-05-14'),
(1596, 3, 7, 146, NULL, '2025-05-14'),
(1597, 2, 16, 146, NULL, '2025-05-14'),
(1598, 4, 24, 146, NULL, '2025-05-14'),
(1599, 3, 39, 146, NULL, '2025-05-14'),
(1600, 3, 50, 146, NULL, '2025-05-14'),
(1601, 3, 50, 147, NULL, '2025-05-14'),
(1602, 4, 3, 147, NULL, '2025-05-14'),
(1603, 5, 17, 147, NULL, '2025-05-14'),
(1604, 5, 28, 147, NULL, '2025-05-14'),
(1605, 5, 31, 147, NULL, '2025-05-14'),
(1606, 4, 42, 147, NULL, '2025-05-14'),
(1607, 4, 6, 148, NULL, '2025-05-14'),
(1608, 3, 15, 148, NULL, '2025-05-14'),
(1609, 4, 24, 148, NULL, '2025-05-14'),
(1610, 5, 33, 148, NULL, '2025-05-14'),
(1611, 4, 47, 148, NULL, '2025-05-14'),
(1612, 2, 47, 149, NULL, '2025-05-14'),
(1613, 1, 7, 149, NULL, '2025-05-14'),
(1614, 2, 15, 149, NULL, '2025-05-14'),
(1615, 1, 22, 149, NULL, '2025-05-14'),
(1616, 3, 33, 149, NULL, '2025-05-14'),
(1617, 1, 50, 149, NULL, '2025-05-14'),
(1618, 4, 50, 150, NULL, '2025-05-14'),
(1619, 2, 11, 150, NULL, '2025-05-14'),
(1620, 3, 8, 150, NULL, '2025-05-14'),
(1621, 2, 24, 150, NULL, '2025-05-14'),
(1622, 4, 37, 150, NULL, '2025-05-14'),
(1623, 4, 43, 150, NULL, '2025-05-14'),
(1624, 4, 43, 151, NULL, '2025-05-14'),
(1625, 3, 5, 151, NULL, '2025-05-14'),
(1626, 1, 14, 151, NULL, '2025-05-14'),
(1627, 2, 19, 151, NULL, '2025-05-14'),
(1628, 1, 23, 151, NULL, '2025-05-14'),
(1629, 2, 33, 151, NULL, '2025-05-14'),
(1630, 3, 33, 152, NULL, '2025-05-14'),
(1631, 2, 19, 152, NULL, '2025-05-14'),
(1632, 4, 13, 152, NULL, '2025-05-14'),
(1633, 4, 34, 152, NULL, '2025-05-14'),
(1634, 3, 23, 152, NULL, '2025-05-14'),
(1635, 4, 23, 153, NULL, '2025-05-14'),
(1636, 2, 6, 153, NULL, '2025-05-14'),
(1637, 4, 19, 153, NULL, '2025-05-14'),
(1638, 4, 5, 153, NULL, '2025-05-14'),
(1639, 4, 30, 153, NULL, '2025-05-14'),
(1640, 5, 40, 153, NULL, '2025-05-14'),
(1641, 3, 40, 154, NULL, '2025-05-14'),
(1642, 5, 5, 154, NULL, '2025-05-14'),
(1643, 2, 14, 154, NULL, '2025-05-14'),
(1644, 4, 29, 154, NULL, '2025-05-14'),
(1645, 4, 47, 154, NULL, '2025-05-14'),
(1646, 4, 47, 155, NULL, '2025-05-14'),
(1647, 5, 2, 155, NULL, '2025-05-14'),
(1648, 4, 20, 155, NULL, '2025-05-14'),
(1649, 5, 21, 155, NULL, '2025-05-14'),
(1650, 3, 32, 155, NULL, '2025-05-14'),
(1651, 4, 42, 155, NULL, '2025-05-14'),
(1652, 3, 42, 156, NULL, '2025-05-14'),
(1653, 4, 4, 156, NULL, '2025-05-14'),
(1654, 3, 16, 156, NULL, '2025-05-14'),
(1655, 2, 19, 156, NULL, '2025-05-14'),
(1656, 4, 27, 156, NULL, '2025-05-14'),
(1657, 2, 9, 156, NULL, '2025-05-14'),
(1658, 5, 9, 157, NULL, '2025-05-14'),
(1659, 4, 5, 157, NULL, '2025-05-14'),
(1660, 5, 14, 157, NULL, '2025-05-14'),
(1661, 2, 19, 157, NULL, '2025-05-14'),
(1662, 3, 43, 157, NULL, '2025-05-14'),
(1663, 3, 4, 158, NULL, '2025-05-14'),
(1664, 4, 7, 158, NULL, '2025-05-14'),
(1665, 3, 10, 158, NULL, '2025-05-14'),
(1666, 2, 11, 158, NULL, '2025-05-14'),
(1667, 1, 17, 158, NULL, '2025-05-14'),
(1668, 2, 17, 159, NULL, '2025-05-14'),
(1669, 2, 2, 159, NULL, '2025-05-14'),
(1670, 3, 12, 159, NULL, '2025-05-14'),
(1671, 1, 22, 159, NULL, '2025-05-14'),
(1672, 3, 33, 159, NULL, '2025-05-14'),
(1673, 4, 45, 159, NULL, '2025-05-14'),
(1674, 4, 45, 160, NULL, '2025-05-14'),
(1675, 3, 5, 160, NULL, '2025-05-14'),
(1676, 4, 9, 160, NULL, '2025-05-14'),
(1677, 4, 14, 160, NULL, '2025-05-14'),
(1678, 3, 19, 160, NULL, '2025-05-14'),
(1679, 5, 49, 160, NULL, '2025-05-14'),
(1680, 5, 5, 161, NULL, '2025-05-14'),
(1681, 4, 14, 161, NULL, '2025-05-14'),
(1682, 5, 18, 161, NULL, '2025-05-14'),
(1683, 5, 24, 161, NULL, '2025-05-14'),
(1684, 5, 34, 161, NULL, '2025-05-14'),
(1685, 5, 29, 161, NULL, '2025-05-14'),
(1686, 4, 3, 162, NULL, '2025-05-14'),
(1687, 2, 6, 162, NULL, '2025-05-14'),
(1688, 3, 7, 162, NULL, '2025-05-14'),
(1689, 4, 8, 162, NULL, '2025-05-14'),
(1690, 1, 9, 162, NULL, '2025-05-14'),
(1691, 3, 9, 163, NULL, '2025-05-14'),
(1692, 1, 5, 163, NULL, '2025-05-14'),
(1693, 2, 7, 163, NULL, '2025-05-14'),
(1694, 3, 23, 163, NULL, '2025-05-14'),
(1695, 2, 37, 163, NULL, '2025-05-14'),
(1696, 1, 47, 163, NULL, '2025-05-14'),
(1697, 4, 8, 164, NULL, '2025-05-14'),
(1698, 2, 12, 164, NULL, '2025-05-14'),
(1699, 3, 21, 164, NULL, '2025-05-14'),
(1700, 1, 31, 164, NULL, '2025-05-14'),
(1701, 2, 50, 164, NULL, '2025-05-14'),
(1702, 5, 50, 165, NULL, '2025-05-14'),
(1703, 4, 8, 165, NULL, '2025-05-14'),
(1704, 5, 9, 165, NULL, '2025-05-14'),
(1705, 4, 19, 165, NULL, '2025-05-14'),
(1706, 4, 37, 165, NULL, '2025-05-14'),
(1707, 5, 14, 165, NULL, '2025-05-14'),
(1708, 2, 14, 166, NULL, '2025-05-14'),
(1709, 1, 7, 166, NULL, '2025-05-14'),
(1710, 3, 17, 166, NULL, '2025-05-14'),
(1711, 3, 33, 166, NULL, '2025-05-14'),
(1712, 4, 43, 166, NULL, '2025-05-14'),
(1713, 4, 43, 167, NULL, '2025-05-14'),
(1714, 4, 5, 167, NULL, '2025-05-14'),
(1715, 3, 9, 167, NULL, '2025-05-14'),
(1716, 5, 14, 167, NULL, '2025-05-14'),
(1717, 3, 24, 167, NULL, '2025-05-14'),
(1718, 4, 37, 167, NULL, '2025-05-14'),
(1719, 4, 17, 167, NULL, '2025-05-14'),
(1720, 2, 17, 168, NULL, '2025-05-14'),
(1721, 1, 5, 168, NULL, '2025-05-14'),
(1722, 4, 15, 168, NULL, '2025-05-14'),
(1723, 2, 7, 168, NULL, '2025-05-14'),
(1724, 3, 26, 168, NULL, '2025-05-14'),
(1725, 3, 20, 168, NULL, '2025-05-14'),
(1726, 2, 33, 168, NULL, '2025-05-14'),
(1727, 4, 3, 169, NULL, '2025-05-14'),
(1728, 4, 13, 169, NULL, '2025-05-14'),
(1729, 4, 23, 169, NULL, '2025-05-14'),
(1730, 2, 34, 169, NULL, '2025-05-14'),
(1731, 3, 40, 169, NULL, '2025-05-14'),
(1732, 3, 9, 170, NULL, '2025-05-14'),
(1733, 5, 14, 170, NULL, '2025-05-14'),
(1734, 4, 27, 170, NULL, '2025-05-14'),
(1735, 4, 49, 170, NULL, '2025-05-14'),
(1736, 4, 49, 171, NULL, '2025-05-14'),
(1737, 5, 7, 171, NULL, '2025-05-14'),
(1738, 4, 20, 171, NULL, '2025-05-14'),
(1739, 3, 10, 171, NULL, '2025-05-14'),
(1740, 5, 23, 171, NULL, '2025-05-14'),
(1741, 4, 43, 171, NULL, '2025-05-14'),
(1742, 4, 43, 172, NULL, '2025-05-14'),
(1743, 5, 6, 172, NULL, '2025-05-14'),
(1744, 3, 9, 172, NULL, '2025-05-14'),
(1745, 4, 19, 172, NULL, '2025-05-14'),
(1746, 2, 23, 172, NULL, '2025-05-14'),
(1747, 3, 34, 172, NULL, '2025-05-14'),
(1748, 4, 30, 172, NULL, '2025-05-14'),
(1749, 5, 10, 172, NULL, '2025-05-14'),
(1750, 4, 10, 173, NULL, '2025-05-14'),
(1751, 3, 1, 173, NULL, '2025-05-14'),
(1752, 4, 9, 173, NULL, '2025-05-14'),
(1753, 3, 12, 173, NULL, '2025-05-14'),
(1754, 4, 17, 173, NULL, '2025-05-14'),
(1755, 5, 20, 173, NULL, '2025-05-14'),
(1756, 4, 20, 174, NULL, '2025-05-14'),
(1757, 4, 7, 174, NULL, '2025-05-14'),
(1758, 4, 23, 174, NULL, '2025-05-14'),
(1759, 5, 10, 174, NULL, '2025-05-14'),
(1760, 4, 37, 174, NULL, '2025-05-14'),
(1761, 3, 49, 174, NULL, '2025-05-14'),
(1762, 4, 49, 175, NULL, '2025-05-14'),
(1763, 4, 4, 175, NULL, '2025-05-14'),
(1764, 3, 9, 175, NULL, '2025-05-14'),
(1765, 5, 14, 175, NULL, '2025-05-14'),
(1766, 2, 28, 175, NULL, '2025-05-14'),
(1767, 5, 31, 175, NULL, '2025-05-14'),
(1768, 3, 2, 176, NULL, '2025-05-14'),
(1769, 4, 12, 176, NULL, '2025-05-14'),
(1770, 5, 14, 176, NULL, '2025-05-14'),
(1771, 4, 19, 176, NULL, '2025-05-14'),
(1772, 5, 50, 176, NULL, '2025-05-14'),
(1773, 5, 50, 177, NULL, '2025-05-14'),
(1774, 4, 7, 177, NULL, '2025-05-14'),
(1775, 5, 17, 177, NULL, '2025-05-14'),
(1776, 5, 27, 177, NULL, '2025-05-14'),
(1777, 4, 47, 177, NULL, '2025-05-14'),
(1778, 4, 34, 177, NULL, '2025-05-14'),
(1779, 4, 34, 178, NULL, '2025-05-14'),
(1780, 3, 9, 178, NULL, '2025-05-14'),
(1781, 5, 14, 178, NULL, '2025-05-14'),
(1782, 5, 33, 178, NULL, '2025-05-14'),
(1783, 4, 29, 178, NULL, '2025-05-14'),
(1784, 3, 50, 178, NULL, '2025-05-14'),
(1785, 4, 50, 179, NULL, '2025-05-14'),
(1786, 5, 8, 179, NULL, '2025-05-14'),
(1787, 3, 10, 179, NULL, '2025-05-14'),
(1788, 4, 22, 179, NULL, '2025-05-14'),
(1789, 5, 39, 179, NULL, '2025-05-14'),
(1790, 3, 47, 179, NULL, '2025-05-14'),
(1791, 2, 45, 179, NULL, '2025-05-14'),
(1792, 1, 5, 180, NULL, '2025-05-14'),
(1793, 3, 15, 180, NULL, '2025-05-14'),
(1794, 1, 29, 180, NULL, '2025-05-14'),
(1795, 2, 30, 180, NULL, '2025-05-14'),
(1796, 1, 40, 180, NULL, '2025-05-14'),
(1797, 2, 2, 181, NULL, '2025-05-14'),
(1798, 4, 11, 181, NULL, '2025-05-14'),
(1799, 3, 22, 181, NULL, '2025-05-14'),
(1800, 3, 47, 181, NULL, '2025-05-14'),
(1801, 2, 41, 181, NULL, '2025-05-14'),
(1802, 5, 41, 182, NULL, '2025-05-14'),
(1803, 5, 1, 182, NULL, '2025-05-14'),
(1804, 4, 7, 182, NULL, '2025-05-14'),
(1805, 5, 9, 182, NULL, '2025-05-14'),
(1806, 3, 10, 182, NULL, '2025-05-14'),
(1807, 4, 23, 182, NULL, '2025-05-14'),
(1808, 5, 29, 182, NULL, '2025-05-14'),
(1809, 4, 29, 183, NULL, '2025-05-14'),
(1810, 4, 43, 183, NULL, '2025-05-14'),
(1811, 2, 36, 183, NULL, '2025-05-14'),
(1812, 5, 26, 183, NULL, '2025-05-14'),
(1813, 3, 17, 183, NULL, '2025-05-14'),
(1814, 2, 4, 183, NULL, '2025-05-14'),
(1815, 4, 4, 184, NULL, '2025-05-14'),
(1816, 4, 16, 184, NULL, '2025-05-14'),
(1817, 3, 6, 184, NULL, '2025-05-14'),
(1818, 4, 23, 184, NULL, '2025-05-14'),
(1819, 5, 29, 184, NULL, '2025-05-14'),
(1820, 2, 34, 184, NULL, '2025-05-14'),
(1821, 5, 34, 185, NULL, '2025-05-14'),
(1822, 3, 9, 185, NULL, '2025-05-14'),
(1823, 5, 14, 185, NULL, '2025-05-14'),
(1824, 2, 28, 185, NULL, '2025-05-14'),
(1825, 5, 31, 185, NULL, '2025-05-14'),
(1826, 4, 49, 185, NULL, '2025-05-14'),
(1827, 4, 49, 186, NULL, '2025-05-14'),
(1828, 5, 7, 186, NULL, '2025-05-14'),
(1829, 4, 13, 186, NULL, '2025-05-14'),
(1830, 5, 24, 186, NULL, '2025-05-14'),
(1831, 5, 42, 186, NULL, '2025-05-14'),
(1832, 4, 42, 187, NULL, '2025-05-14'),
(1833, 3, 2, 187, NULL, '2025-05-14'),
(1834, 5, 5, 187, NULL, '2025-05-14'),
(1835, 2, 9, 187, NULL, '2025-05-14'),
(1836, 5, 14, 187, NULL, '2025-05-14'),
(1837, 4, 19, 187, NULL, '2025-05-14'),
(1838, 5, 19, 188, NULL, '2025-05-14'),
(1839, 3, 21, 188, NULL, '2025-05-14'),
(1840, 4, 24, 188, NULL, '2025-05-14'),
(1841, 5, 27, 188, NULL, '2025-05-14'),
(1842, 2, 30, 188, NULL, '2025-05-14'),
(1843, 5, 45, 188, NULL, '2025-05-14'),
(1844, 4, 45, 189, NULL, '2025-05-14'),
(1845, 2, 10, 189, NULL, '2025-05-14'),
(1846, 4, 22, 189, NULL, '2025-05-14'),
(1847, 5, 14, 189, NULL, '2025-05-14'),
(1849, 3, 32, 189, NULL, '2025-05-14'),
(1850, 4, 44, 189, NULL, '2025-05-14'),
(1851, 5, 44, 190, NULL, '2025-05-14'),
(1852, 4, 5, 190, NULL, '2025-05-14'),
(1853, 3, 9, 190, NULL, '2025-05-14'),
(1854, 5, 23, 190, NULL, '2025-05-14'),
(1855, 2, 14, 190, NULL, '2025-05-14'),
(1856, 4, 34, 190, NULL, '2025-05-14'),
(1857, 5, 34, 191, NULL, '2025-05-14'),
(1858, 4, 2, 191, NULL, '2025-05-14'),
(1859, 5, 5, 191, NULL, '2025-05-14'),
(1860, 4, 9, 191, NULL, '2025-05-14'),
(1861, 2, 19, 191, NULL, '2025-05-14'),
(1862, 5, 14, 191, NULL, '2025-05-14'),
(1863, 3, 14, 192, NULL, '2025-05-14'),
(1864, 5, 12, 192, NULL, '2025-05-14'),
(1865, 4, 10, 192, NULL, '2025-05-14'),
(1866, 5, 19, 192, NULL, '2025-05-14'),
(1867, 3, 30, 192, NULL, '2025-05-14'),
(1868, 5, 36, 192, NULL, '2025-05-14'),
(1869, 3, 47, 192, NULL, '2025-05-14'),
(1870, 4, 47, 193, NULL, '2025-05-14'),
(1871, 3, 3, 193, NULL, '2025-05-14'),
(1872, 4, 6, 193, NULL, '2025-05-14'),
(1873, 4, 25, 193, NULL, '2025-05-14'),
(1874, 4, 31, 193, NULL, '2025-05-14'),
(1875, 3, 48, 193, NULL, '2025-05-14'),
(1876, 5, 17, 194, NULL, '2025-05-14'),
(1877, 5, 15, 194, NULL, '2025-05-14'),
(1878, 4, 13, 194, NULL, '2025-05-14'),
(1879, 5, 33, 194, NULL, '2025-05-14'),
(1880, 5, 36, 194, NULL, '2025-05-14'),
(1881, 4, 7, 195, NULL, '2025-05-14'),
(1882, 3, 8, 195, NULL, '2025-05-14'),
(1883, 5, 9, 195, NULL, '2025-05-14'),
(1884, 2, 10, 195, NULL, '2025-05-14'),
(1885, 5, 25, 195, NULL, '2025-05-14'),
(1886, 4, 25, 196, NULL, '2025-05-14'),
(1887, 3, 4, 196, NULL, '2025-05-14'),
(1888, 5, 14, 196, NULL, '2025-05-14'),
(1889, 4, 34, 196, NULL, '2025-05-14'),
(1890, 3, 43, 196, NULL, '2025-05-14'),
(1891, 5, 23, 196, NULL, '2025-05-14'),
(1892, 4, 23, 197, NULL, '2025-05-14'),
(1893, 3, 6, 197, NULL, '2025-05-14'),
(1894, 1, 16, 197, NULL, '2025-05-14'),
(1895, 2, 24, 197, NULL, '2025-05-14'),
(1896, 3, 34, 197, NULL, '2025-05-14'),
(1897, 3, 31, 197, NULL, '2025-05-14'),
(1898, 4, 31, 198, NULL, '2025-05-14'),
(1899, 3, 8, 198, NULL, '2025-05-14'),
(1900, 5, 15, 198, NULL, '2025-05-14'),
(1901, 2, 27, 198, NULL, '2025-05-14'),
(1902, 5, 38, 198, NULL, '2025-05-14'),
(1903, 3, 47, 198, NULL, '2025-05-14'),
(1904, 4, 47, 199, NULL, '2025-05-14'),
(1905, 2, 2, 199, NULL, '2025-05-14'),
(1906, 3, 12, 199, NULL, '2025-05-14'),
(1907, 3, 22, 199, NULL, '2025-05-14'),
(1908, 5, 37, 199, NULL, '2025-05-14'),
(1909, 5, 49, 199, NULL, '2025-05-14'),
(1910, 4, 31, 199, NULL, '2025-05-14'),
(1911, 4, 31, 200, NULL, '2025-05-14'),
(1912, 4, 5, 200, NULL, '2025-05-14'),
(1913, 2, 14, 200, NULL, '2025-05-14'),
(1914, 5, 22, 200, NULL, '2025-05-14'),
(1915, 4, 34, 200, NULL, '2025-05-14'),
(1916, 3, 44, 200, NULL, '2025-05-14'),
(1917, 3, 1, 15, NULL, '2025-05-17'),
(1918, 3, 1, 4, NULL, '2025-05-20'),
(1919, 3, 1, 22, NULL, '2025-05-20'),
(1925, 4, 52, 5, NULL, '2025-06-11'),
(1926, 5, 52, 10, NULL, '2025-06-11'),
(1927, 3, 52, 125, NULL, '2025-06-11'),
(1928, 5, 52, 171, NULL, '2025-06-11'),
(1929, 5, 52, 36, NULL, '2025-06-11'),
(1930, 5, 52, 45, NULL, '2025-06-11'),
(1931, 4, 53, 1, NULL, '2025-06-16'),
(1932, 3, 53, 9, NULL, '2025-06-16'),
(1933, 5, 53, 52, NULL, '2025-06-16'),
(1934, 4, 53, 42, NULL, '2025-06-16'),
(1935, 5, 53, 45, NULL, '2025-06-16'),
(1936, 5, 53, 177, NULL, '2025-06-16'),
(1937, 5, 53, 10, 'Гарне місце', '2025-06-16'),
(1938, 5, 55, 1, NULL, '2025-06-16'),
(1939, 4, 55, 52, NULL, '2025-06-16'),
(1940, 3, 55, 36, NULL, '2025-06-16'),
(1941, 5, 55, 42, NULL, '2025-06-16'),
(1942, 5, 55, 45, NULL, '2025-06-16'),
(1943, 5, 55, 171, NULL, '2025-06-16'),
(1944, 4, 55, 177, NULL, '2025-06-16'),
(1945, 4, 55, 10, NULL, '2025-06-16'),
(1946, 5, 56, 1, NULL, '2025-06-16'),
(1947, 3, 56, 36, NULL, '2025-06-16'),
(1948, 5, 56, 42, NULL, '2025-06-16'),
(1949, 4, 56, 52, NULL, '2025-06-16'),
(1950, 5, 56, 177, NULL, '2025-06-16');

-- --------------------------------------------------------

--
-- Структура таблиці `places`
--

CREATE TABLE `places` (
  `placeID` int(11) NOT NULL,
  `name` varchar(100) NOT NULL,
  `description` text NOT NULL,
  `address` varchar(100) DEFAULT NULL,
  `cityID` int(11) NOT NULL DEFAULT 1,
  `addedDate` datetime DEFAULT current_timestamp(),
  `imagePath` varchar(255) DEFAULT NULL,
  `featureVector` longtext CHARACTER SET utf8mb4 COLLATE utf8mb4_bin DEFAULT NULL CHECK (json_valid(`featureVector`))
) ENGINE=InnoDB DEFAULT CHARSET=utf8mb4 COLLATE=utf8mb4_general_ci;

--
-- Дамп даних таблиці `places`
--

INSERT INTO `places` (`placeID`, `name`, `description`, `address`, `cityID`, `addedDate`, `imagePath`, `featureVector`) VALUES
(1, 'Києво-Печерська лавра', 'історичний монастирський комплекс, внесений до списку спадщини ЮНЕСКО. ----- Один із найвизначніших духовних центрів Східної Європи, який розташований на мальовничих схилах Дніпра в Києві. Заснована у 1051 році, лавра слугує символом християнства та національної культурної спадщини України. Комплекс вражає своєю архітектурною величчю, поєднуючи в собі печерні храми, дзвіниці, собори та монастирські споруди. Особливу атмосферу створюють підземні печери з мощами святих, куди щороку прямують тисячі паломників. Києво-Печерська лавра не лише духовний осередок, але й культурний — тут розташовані музеї, які зберігають унікальні артефакти та ікони. Її включення до списку Світової спадщини ЮНЕСКО підтверджує всесвітню цінність цього унікального місця.', 'вулиця Лаврська, 15', 1, '2025-05-04 15:23:48', '/images/places/Київ/Києво-Печерська лавра.jpg', '[0.6291489108821662,0.13768974520324168,0.4513181035504441,1.0887388276363732,1.1386124643261628,-0.908263677748748,-0.41036590281064783,1.3164609568018208,0.029284665831823778,0.021814329358102152,0.36578106291773593,0.35187893431760087,1.0425804387509299,0.20277892797218938,0.7865747004785186]'),
(2, 'Софійський собор', 'християнський храм XI століття, визначна пам’ятка архітектури та живопису Київської Русі, одна з найголовніших святинь Східної Європи. ----- Софійський собор у Києві є шедевром давньоруської архітектури, що зберіг фрески й мозаїки XI століття. Заснований за князя Ярослава Мудрого, він символізує велич Київської Русі. У храмі похований сам Ярослав. Сьогодні собор є музеєм та діючою релігійною спорудою, охороняється як об’єкт світової спадщини ЮНЕСКО.', 'вулиця Володимирська, 24', 1, '2025-05-07 15:23:48', '/images/places/Київ/Софійський собор.jpg', '[0.08317730141831554,0.056080820619580196,0.6341827265222565,0.41525383733888893,1.0446734461345568,0.13842384896696347,1.250641575247406,-0.36129210807284406,-0.17166542569230608,0.8818941897247206,0.50298722459961,-0.6323649765410109,0.7508558273689556,0.40663843915577225,0.9990815064212656]'),
(3, 'Андріївський узвіз', 'мальовнича вулиця з мистецькими галереями, сувенірами та атмосферними кафе. ----- Андріївський узвіз вважається київським Монмартром. Він поєднує Поділ із верхнім містом, тягнучись до Андріївської церкви. Тут розташовані будинок Булгакова, галереї, майстерні художників, сувенірні лавки. Вулиця часто стає сценою для вуличних концертів і вистав.', NULL, 1, '2025-05-07 15:23:48', '/images/places/Київ/Андріївський узвіз.jpg', '[0.5481617358096479,0.4266240539344437,1.1555565748478007,0.4378178117725174,0.04100831438538436,0.4016493220894255,-0.004447138060380374,-0.5862768046770085,-0.24792005983352106,0.23275548374690935,-0.6636875136972776,0.7399280109037174,0.15395431090584533,0.5259505543340651,1.4322917134958455]'),
(4, 'Золоті ворота', 'відновлена середньовічна брама Київської Русі. ----- Золоті ворота — головний вхід до стародавнього Києва часів Ярослава Мудрого. Побудовані у 1037 році, вони символізували могутність держави. Сучасна реконструкція дає уявлення про вигляд давньоруських укріплень. Усередині розташований музей оборонної архітектури.', 'вулиця Володимирська, 40А', 1, '2025-05-07 15:23:48', '/images/places/Київ/Золоті ворота.jpg', '[0.579633213653567,0.5314021042996359,0.39267872515813795,1.7256113373451785,1.0542586268929734,1.0970243072345394,0.44328885469526297,0.044637512815100866,0.4274007021220192,-0.5372770766059435,0.5321159610403607,0.40092071045888866,0.0033021942164822285,-0.7352425243903298,0.3190751611055531]'),
(5, 'Володимирський собор', 'величний храм у неовізантійському стилі з сімома золотими куполами, один із символів духовної архітектури Києва. ----- Володимирський собор будувався у XIX столітті на честь 900-річчя хрещення Русі. Його інтер’єри розписані видатними художниками Васнєцовим і Нестеровим. Храм є діючим центром православ’я та важливою історичною пам’яткою.', 'бульвар Тараса Шевченка, 20', 1, '2025-05-07 15:23:48', '/images/places/Київ/Володимирський собор.jpg', '[-0.07802538712954897,0.4445612136909621,-0.5456322232493565,0.909611217848927,0.18010665311843752,1.2900661006791234,0.4783134076592946,1.6212164187380929,1.4499178168686473,0.09451025234959906,-0.02350874069030583,0.2571626465110164,0.5597111534406667,0.9279042820630617,-0.5439206594690649]'),
(6, 'Михайлівський Золотоверхий монастир', 'видатна архітектурна пам’ятка з яскравими золотими куполами. ----- Михайлівський Золотоверхий монастир був зведений у XII столітті, зруйнований у радянські часи та відновлений у 1990-х роках. Сьогодні монастир функціонує як духовний центр УПЦ КП. Його фасад і куполи виблискують золотом, а інтер’єр прикрашають ікони та фрески.', 'вулиця Трьохсвятительська, 8', 1, '2025-05-07 15:23:48', '/images/places/Київ/Михайлівський Золотоверхий монастир.jpg', '[-0.01515379370095861,1.0709920684453393,0.7603987157277211,-0.14581086572386048,0.6124963214602652,0.2767722755624118,0.29715928856530804,0.40706766132033245,-0.27986881387622836,1.0395238834620046,1.2195058406879327,0.19819721365495133,0.2259644584977072,1.0704673757389502,0.1934155313442688]'),
(7, 'Парк «Володимирська гірка» ', 'мальовничий парк із панорамними видами на Дніпро. ----- Парк «Володимирська гірка» розташований на схилі над Подолом. Центральним об’єктом є пам’ятник князю Володимиру. З парку відкривається краєвид на Дніпро, Труханів острів і Лівий берег. Алеї та оглядові майданчики роблять його улюбленим місцем для прогулянок.', 'Володимирський узвіз, 1', 1, '2025-05-07 15:23:48', '/images/places/Київ/Парк «Володимирська гірка».jpg', '[0.6416807515221974,-0.6102822800277184,-0.04327970817146811,1.542758432592153,-0.4853562749461557,-0.2170444003380476,0.6879656411345552,0.18099587118033564,-0.09981744367786251,0.8134709329847959,1.0892317463453771,0.5606377501534577,0.07791797471303663,0.9590776895577473,-0.04431375059997729]'),
(8, 'Музей історії України у Другій світовій війні', 'один із найбільших музеїв країни, розташований на площі 12 га, включає монумент «Батьківщина-мати» та понад 400 тисяч експонатів. ----- Музей охоплює період 1939–1945 років, показуючи героїзм, трагедію та наслідки війни. Величезна експозиція включає техніку, документи, фотографії, особисті речі солдатів. Центром комплексу є 62-метрова статуя з мечем і щитом.', 'вулиця Лаврська, 27', 1, '2025-05-10 15:23:48', '/images/places/Київ/Музей історії України у Другій світовій війні.jpg', '[0.8282360388237114,1.4325769112762392,1.1200526001088897,0.6090846563639857,0.38946890380584986,-0.20801264905098077,-0.28416712378154413,0.46341201637957813,1.0206359272813312,-0.049624128905843876,0.23359323025057396,0.7397103686964274,0.21781349886733048,0.07903603522002987,0.3709589989417551]'),
(9, 'Костел Святого Миколая', 'неоготична архітектурна перлина Києва, створена Владиславом Городецьким, яка поєднує функції храму та концертного залу органної музики. ----- Костел збудовано у 1909 році для католицької громади. Високі шпилі та вітражі створюють неповторний образ готичної архітектури. Після реставрації він також слугує концертним залом з унікальним органом.', 'вулиця Велика Васильківська, 75.', 1, '2025-05-10 15:23:48', '/images/places/Київ/Костел Святого Миколая.jpeg', '[0.9457449630263635,-0.5726292662318339,0.8642534459966662,0.9369475965427171,0.6202930873434069,0.6192872655864738,-0.6272668845046022,0.7577078650470945,0.07255204872798832,0.43525302907060875,0.666056039730291,1.2220825700898124,-0.06679315004310493,0.523920059760418,0.38720350495158273]'),
(10, 'Маріїнський палац', 'офіційна резиденція для урочистих подій, розташована біля мальовничого парку. ----- Маріїнський палац зведений у 1750-х роках за наказом імператриці Єлизавети. Згодом став резиденцією для імператорських осіб. Архітектура палацу виконана у стилі бароко. Палац активно використовується для державних заходів і прийомів.', 'вулиця Михайла Грушевського, 5А', 1, '2025-05-10 15:23:48', '/images/places/Київ/Маріїнський палац.jpg', '[0.4784253211267423,0.5881101568253937,0.2797098898515064,0.3299718312051473,0.35552163280383786,1.5584467930097852,0.2885214684996488,0.6140916457546765,0.478096415622786,0.4362227394267747,0.8504409286817514,1.1100592791662451,0.8154589571166488,-0.22832278889352264,0.5326330272314249]'),
(11, 'Національний ботанічний сад ім. Гришка', 'великий ботанічний сад із різноманіттям рослин і гарними краєвидами. ----- Сад названий на честь академіка Гришка і охоплює понад 130 га. Тут ростуть рослини з усіх континентів, є оранжереї, сади сакур, розарії. Відкривається чудовий вид на Дніпро і Лавру. Це науково-дослідницький, освітній і рекреаційний центр.', 'вулиця Садово-Ботанічна, 1', 1, '2025-05-07 15:23:48', '/images/places/Київ/Національний ботанічний сад ім. Гришка.jpg', '[-0.6822912210883593,0.010568879281655957,0.6599709727421523,0.4856138037933336,0.6678918619874382,0.2495215552753749,-0.30988059448061744,0.35135861109320066,0.4380432566528171,1.0202070092762872,0.36524774149905725,0.5236197747816808,0.8805901077409354,1.0521414922703403,0.7811597357771022]'),
(12, 'Оперний театр України', 'чудова будівля для поціновувачів опери та балету. ----- Національна опера України — одна з провідних сцен Європи. Відкрита у 1901 році, вона має багату історію, видатний склад артистів і безліч постановок. Інтер’єр вражає розкішшю, а сама будівля — приклад неоренесансної архітектури.', 'вулиця Володимирська, 50', 1, '2025-05-10 15:23:48', '/images/places/Київ/Оперний театр України.jpg', '[0.23092069604613577,0.7773447093586464,0.30961366969341164,-0.2337750992635832,0.6473505522735807,1.0649265865044903,0.8446692432471677,0.620053593574784,-0.13358028177511305,0.9711333071164522,0.30925057076833723,0.6341790763263354,-0.5648217668427697,0.18936094707004106,0.28231483609586416]'),
(13, 'Пейзажна алея', 'незвичайний арт-простір із казковими скульптурами та барвистими мозаїками. ----- Пейзажна алея — улюблене місце киян і туристів. Тут можна побачити скульптури котів, зайців, лавок у вигляді казкових персонажів. Алея збудована на історичному узвозі та поєднує мистецтво з видом на Поділ.', NULL, 1, '2025-05-10 15:23:48', '/images/places/Київ/Пейзажна алея.jpg', '[0.15411096139463593,1.3937615778477856,0.42356839831011894,0.13349398574293195,1.2657137532663296,0.3854457611176667,0.39300094249107353,0.5411456051702853,-0.17878254734621243,0.18005707170120255,-0.18754283660267276,0.6168682653308328,-0.028125920389758568,0.5685065313100018,1.0105517937109176]'),
(14, 'Лисогірський форт', 'загадкова оборонна споруда XIX століття ----- Розташований на Лисій горі в Києві, форт був частиною оборонної системи міста. Має мережу тунелів, підземель та збережені фортифікації. Місце овіяне легендами про містичні події й популярне серед дослідників урбаністичних локацій.', 'вул. Лисогірська, район Лиса гора', 1, '2025-05-07 15:23:48', '/images/places/Київ/Лисогірський форт.jpg', '[0.20429472350957673,1.0143038654529475,0.14639288041949508,0.7899966097229102,0.5366000126630556,0.9097894365882694,0.498172109019816,-0.3661015224256588,-0.32765257072012316,0.20766306193072534,-0.37172415634123335,0.9352066005557665,0.5695888982997469,0.9002320217355946,0.1241129032788449]'),
(15, 'Контрактова площа', 'історичний центр Подолу з безліччю пам\'яток і кафе. ----- Контрактова площа є одним із найстаріших торговельних центрів Києва. Назва походить від контрактів, які укладалися тут з купцями. На площі розташовані Контрактовий дім, пам’ятник Григорію Сковороді, церкви та кафе. Вона зберегла атмосферу старого Подолу.', NULL, 1, '2025-05-07 15:23:48', '/images/places/Київ/Контрактова площа.jpg', '[0.3747865212731133,0.38629016122645365,1.0306527446650375,0.4041557036545176,0.5081281747578648,0.6984271616200513,0.5421556339549304,0.8057307661707791,0.6896846701335927,0.44480612204934056,-0.12272435485781866,0.488409383696996,0.4184586773856271,0.12246966323000295,-0.5628638365735376]'),
(16, 'Національний музей мистецтв імені Богдана та Варвари Ханенків', 'колекція західноєвропейського, азійського та українського мистецтва. ----- Музей Ханенків заснований на базі приватної колекції подружжя Ханенків. Тут представлені роботи Рубенса, Ван Дейка, східні гравюри, українські ікони. Будівля музею — пам’ятка історії. Це один із найкращих художніх музеїв країни.', 'вулиця Терещенківська, 15-17', 1, '2025-05-07 15:23:48', '/images/places/Київ/Національний музей мистецтв імені Богдана та Варвари Ханенків.jpg', '[0.2333531480729325,0.902661090685466,0.6793820977511476,0.7171929400158725,-0.07658495719753429,0.44033449517081047,0.5671473037534274,-0.1707193078888701,1.0409137111072235,0.6961361134674957,0.05265509634597309,0.20196253570232514,1.8710037605205214,0.30723263613194673,-0.13041356805026247]'),
(17, 'Музей мікромініатюр Миколи Сядристого', 'унікальні мініатюрні експонати, які можна побачити тільки під мікроскопом. ----- Музей демонструє творчість майстра Миколи Сядристого, який створив десятки надточних мініатюр — від шахів на маковому зернятку до каравану у вушку голки. Усі експонати виготовлені вручну і вражають рівнем майстерності.', 'вулиця Лаврська, 9, корпус 4', 1, '2025-05-07 15:23:48', '/images/places/Київ/Музей мікромініатюр Миколи Сядристого.jpg', '[0.10682320951765854,0.04999741760269792,1.6447589381593164,-0.26077771757645507,0.4348070816460623,0.4300342698363632,1.0620926097452426,0.7883812443411117,-0.3375678812957627,0.8444008860861466,0.13271701829444377,0.11348110505811705,0.9507583314963135,0.4874842429836336,0.25356053511362614]'),
(18, 'Музей Івана Гончара', 'відкритий культурно-мистецький заклад освітнього, наукового та рекреаційного типу, що своєю діяльністю сприяє спадкоємності досвіду і знань у сфері традиційної народної культури. ----- Музей Івана Гончара презентує українську традиційну культуру через колекції побутових предметів, рушників, костюмів, ікон, скульптур. Тут проводяться виставки, ярмарки, майстер-класи. Заклад виконує важливу роль у збереженні нематеріальної спадщини.', 'вул. Лаврська, 19', 1, '2025-05-07 15:23:48', '/images/places/Київ/Музей Івана Гончара.jpg', '[-0.6002561364705298,-0.26330202022537336,0.5986379125025155,1.6524426280975155,0.7655314483853232,0.5421417055708132,-0.08583321614405627,0.7311400952264187,0.6937387752989715,-0.00698271435916824,0.7651655500531328,0.20629769167840156,1.0723520286910062,0.5729864430483931,0.13785373143898141]'),
(19, 'Патріарший Собор Воскресіння Христового УГКЦ', 'головний храм Української греко-католицької церкви, збудований у сучасному стилі, що виразно виділяється серед традиційної української сакральної архітектури. ----- Собор розташований на лівому березі Дніпра, є символом відродження УГКЦ в незалежній Україні. Його внутрішній простір світлий, відкритий для відвідувачів. Тут проходять богослужіння, концерти та заходи церковної спільноти.', 'вулиця Микільсько-Слобідська, 5', 1, '2025-05-07 15:23:48', '/images/places/Київ/Патріарший Собор Воскресіння Христового УГКЦ.jpg', '[1.6039472369542636,-0.2263046161826742,0.8474325154555777,-0.40325325887779906,1.216492602034515,0.45207991149170756,0.24116520027191693,-0.31591065145440167,0.8602627531421967,0.03595066855061714,1.0193456235195983,0.2336196929836659,0.8212121374815943,-0.4160487883277729,-0.10289471264291919]'),
(20, 'PinchukArtCentre', 'сучасний артцентр у відреставрованому Бессарабському кварталі Києва, створений за проєктом французького архітектора Філіпа Кіамбаретти, один із провідних центрів сучасного мистецтва в Україні. ----- PinchukArtCentre презентує роботи українських та міжнародних художників, проводить виставки, перформанси, дискусії. Центр відіграє важливу роль у підтримці молодих митців. Вхід безкоштовний, що сприяє доступності мистецтва для всіх.', 'вул. Велика Васильківська, вулиця Басейна, 1, 3-2', 1, '2025-05-07 15:23:48', '/images/places/Київ/PinchukArtCentre.jpg', '[0.8587957526945815,-0.022231742077457102,0.12767386360730903,0.3664034955484084,-0.0019730869211391435,0.30361647452502843,0.08453328102833953,0.3627978107569404,1.105025500067134,1.3773559475711805,0.186376630327043,1.0815324641621655,1.176031409217597,-0.10793771136829537,1.3765714900222374]'),
(21, 'Національний музей Тараса Шевченка', 'музей, присвячений життю та творчості Кобзаря ----- У музеї представлені оригінальні рукописи, картини, документи та особисті речі Тараса Шевченка. Будівля музею є пам’яткою архітектури початку ХХ століття. Заклад активно проводить виставки, лекції, культурні події та має великий науковий архів.', 'бульвар Тараса Шевченка, 12', 1, '2025-05-14 14:55:53', '/images/places/Київ/Музей Тараса Шевченка.jpg', '[0.2355302202924645,0.5484029397042427,0.07985202747246219,0.42450990582881404,0.1419043507080217,0.5517084491782318,0.4978499196368105,0.4062410432546119,0.4733866285190725,0.28574110649222056,0.3119808621858306,0.6742899794071864,1.1465660563891076,0.6474104754030746,0.16075338303403292]'),
(22, 'Будинок з химерами', 'архітектурна перлина у стилі модерн ----- Побудований Володимиром Городецьким, будинок вирізняється фантастичними скульптурами на фасаді. Його прикрашають химерні істоти, тварини та казкові сцени. Будівля є частиною Адміністрації Президента України. Це одне з найвідоміших місць Києва, яке вражає туристів з усього світу.', 'вулиця Банкова, 10', 1, '2025-05-14 14:55:53', '/images/places/Київ/Будинок з химерами.webp', '[0.5827968317579675,0.26735713782483916,0.13175291211362078,0.3506366867994255,0.780171381580192,0.8729675752490366,0.1187362107326351,0.5077116161654243,0.39855663317301254,0.7078315079273266,0.9017661708074056,0.21336239921868005,0.5248757300218353,0.23366067376657165,0.7849805930612762]'),
(23, 'Національний цирк України', 'традиційний київський цирк з багатою історією ----- Національний цирк працює ще з радянських часів і зберігає популярність серед киян. Тут виступають акробати, клоуни, дресировані тварини. Приміщення вражає своїм куполом і місткістю. Цирк розташований неподалік від центру міста.', 'проспект Перемоги, 2', 1, '2025-05-14 14:55:53', '/images/places/Київ/Національний цирк України.jpg', '[0.4364627153061896,0.8733539076663003,0.39958659804792335,-0.17630023599510988,0.3877655001091952,0.5491747515925637,0.7474641831469911,0.5617141912183687,0.6040802104963586,0.49973166926159107,0.3124943757278165,0.48086680732927967,0.5033717495027143,0.667062648824799,0.8537666721564484]'),
(24, 'Музей води', 'пізнавальний музей під землею ----- Музей розташований у колишньому водонапірному комплексі. Експозиція знайомить із важливістю води у природі та побуті. Тут багато інтерактивних зон, що подобаються дітям. Також можна побачити водоспад і навіть занурити руки в \"болото\".', 'вулиця Грушевського, 1В', 1, '2025-05-14 14:55:53', '/images/places/Київ/Музей води.jpg', '[0.35141970018395285,0.21098633977176667,0.7347349502135948,0.28314405143244803,0.2441626714338806,0.5651416157623136,0.293346056692819,0.6450383733027238,0.26559735544565094,0.52825844711942,0.5520123791340116,0.48536322748344635,0.5793981650265377,0.5359391735890853,0.7104987444123283]'),
(25, 'Київський планетарій', 'найстаріший планетарій України ----- Тут демонструються захопливі астрономічні шоу. Планетарій має сучасне обладнання для проєкцій зоряного неба. Часто проводяться лекції, концерти та візуальні шоу. Це популярне місце серед дітей та дорослих.', 'вул. Велика Васильківська, 57/3', 1, '2025-05-14 14:55:53', '/images/places/Київ/Київський планетарій.jpg', '[0.6245598268683514,0.35451490559611604,0.49733487271094284,0.2471986247133656,0.6489769464269272,0.6389695108672258,0.185176389203173,0.10928708310963627,0.38210018677575797,0.6088640892280276,0.4074297828568058,-0.029238825765048732,0.5677033474042069,0.7395107097966385,0.7122451829526768]'),
(26, 'Парк «Феофанія»', 'великий ландшафтний парк на околиці Києва ----- Це ідеальне місце для пікніків, прогулянок та відпочинку на природі. Тут багато алей, ставків і зелені. Поруч розташований однойменний монастир. Атмосфера спокою та краси приваблює родини та туристів.', 'вулиця Академіка Лебедєва, 32', 1, '2025-05-14 14:55:53', '/images/places/Київ/Парк Феофанія.jpg', '[0.5421263071201524,0.3640182860251814,0.22769430507693217,0.7577131758993848,0.9326108273889813,0.3073785966228009,0.5609142192975592,0.17032941266677468,0.4042367239789055,0.5015478478936792,0.2737225595409824,0.8614428442717074,0.3897300629825458,0.4165179141897739,0.5087714660401644]'),
(27, 'Караїмська кенаса', 'історична релігійна споруда караїмів ----- Ця будівля вражає мавританською архітектурою. Зараз тут функціонує Будинок актора. Кенаса є унікальним прикладом збереженої культурної спадщини караїмської громади Києва.', 'вулиця Ярославів Вал, 7', 1, '2025-05-14 14:55:53', '/images/places/Київ/Караїмська кенаса.jpg', '[0.7325788595767868,0.6690959004897394,0.8455071865713504,0.529455444516704,0.15777266985045635,0.4262378119250095,0.32760176978014655,0.39929289726946493,0.5915905577526516,0.7748287305799132,0.8854547245958241,0.2710925222358519,0.5567861282667411,0.2798168076919487,0.3049643987227514]'),
(28, 'Замкова гора', 'одне з найстаріших культових місць Києва ----- Замкова гора була центром князівської влади ще за часів Київської Русі. Тут відкриваються чудові панорами на Поділ і Дніпро. Гора має багатошарову історію — від язичницьких капищ до оборонних споруд. Сьогодні це мальовнича локація для прогулянок і роздумів.', NULL, 1, '2025-05-14 14:55:53', '/images/places/Київ/Замкова гора.jpg', '[0.3401985977494127,0.7370692056847963,0.5640264055635973,0.5735950125048793,0.5897935958905246,0.6296045740129077,0.2432382478004593,0.596400740770468,0.544521555779241,0.7222972317251797,0.538042385616814,0.4316214294676642,0.39335436042210464,0.6110599600696403,0.9615780152748468]'),
(29, 'Київська фортеця', 'історичний комплекс оборонних споруд ----- Фортеця побудована в XIX столітті й відігравала роль військового укріплення. Нині тут розміщується музей. Частина території доступна для прогулянок. Вона розташована неподалік Либідської станції метро.', 'вулиця Госпітальна, 24А', 1, '2025-05-14 14:55:53', '/images/places/Київ/Київська фортеця.jpg', '[0.37069734019021816,0.3799281201861921,0.5255400199556526,0.41541519159649176,1.0721195614736727,0.22276087427345218,0.48865092141879785,0.1419797394176561,0.4113535345458778,0.6140638069011962,0.3857256998294793,0.3799828180570551,0.6394252769655049,0.7580093644480337,0.46677860427038154]'),
(30, 'Виставковий центр ВДНГ', 'величезна територія з павільйонами, парком і подіями ----- ВДНГ проводить фестивалі, виставки, ярмарки. У будні це місце для відпочинку, а у вихідні — для активностей. Тут є ферма, фудкорти, парк розваг. Це простір для всієї родини.', 'проспект Академіка Глушкова, 1', 1, '2025-05-14 14:55:53', '/images/places/Київ/ВДНГ.jpg', '[0.763716076780442,0.4236403641016882,0.332813855155072,0.24098257135009737,0.6106439075977118,0.7812325323931524,0.5541260191912305,0.44491216683440404,0.21691988409471474,0.5113388158225227,0.4510151868327477,0.6368241469917201,0.6284737551751429,0.32710520997363224,0.6974388517881274]'),
(31, 'Площа Ринок', 'історичний центр Львова ----- Площа Ринок є серцем Львова з часів середньовіччя. Вона оточена будинками з різних епох, від готики до модерну. Тут розташовано Ратушу, численні музеї та кафе. Вечорами площа наповнюється музикою та живою атмосферою. Це місце, де зустрічаються історія і сучасність.', 'площа Ринок', 2, '2025-05-14 15:08:36', '/images/places/Львівщина/Площа Ринок.webp', '[0.3965446936074149,0.4905741503236366,0.38010629285830566,0.7267791381584138,0.4269425018339328,0.5235460099694791,0.3610008657311115,0.7135781300130456,0.45710045374006025,0.8951522431473136,0.05078042398171119,0.17892602448372386,0.426302588920456,0.4690983933014848,0.7581281572387594]'),
(32, 'Львівський оперний театр', 'велична архітектурна пам’ятка ----- Театр побудований у стилі неоренесансу й є одним із найкрасивіших в Європі. Інтер\'єри прикрашені позолотою та ліпниною. Тут виступають відомі оперні та балетні артисти. Це головна сцена міста та символ культурного життя Львова.', 'проспект Свободи, 28', 2, '2025-05-14 15:08:36', '/images/places/Львівщина/Львівський оперний театр.jpg', '[0.30825816293570685,0.30773624776507064,0.7278670947330255,0.6428642741649151,0.411496555682294,0.29919813694483777,0.9060200665912344,0.7286860594329879,0.1930632527991657,0.5470289879381339,0.49772272149560515,0.7899234952988259,0.3238623284382624,0.7059751185565051,0.3898080160524983]'),
(33, 'Високий замок', 'оглядовий майданчик із видом на Львів ----- Руїни замку розташовані на найвищій точці міста. Звідси відкривається панорама Львова. Парк навколо замку ідеальний для прогулянок. Це одне з найвідвідуваніших туристичних місць області.', 'вулиця Замкова', 2, '2025-05-14 15:08:36', '/images/places/Львівщина/Високий замок.webp', '[0.7418316019227246,0.51753441071808,0.2567248481426074,0.24922907354803758,0.5154330015973766,0.3340518533105471,0.8499654936227734,0.5861474176362753,0.2822432204145017,0.3615493986924963,0.7512603111405869,0.46853408260132656,0.7919278518830339,0.4180856276829645,0.5833139907220205]'),
(34, 'Каплиця Боїмів', 'унікальна ренесансна святиня ----- Каплиця є родинною усипальницею багатої купецької родини. Її фасад прикрашений барельєфами біблійних сцен. Інтер\'єр має неймовірну акустику та розписи. Це зразок поєднання готики і ренесансу.', 'вулиця Коперника, 28', 2, '2025-05-14 15:08:36', '/images/places/Львівщина/Каплиця Боїмів.jpeg', '[0.5970622688724385,0.8580308996661612,0.8465211563483264,0.48388313562358154,0.44987543903358396,0.5101824965650583,0.4248954513498793,0.6486232924306696,0.6062959117402339,0.7023756098429765,0.6597109270164286,0.5191845841243594,0.5106879977809103,0.4516015732682427,0.47932888264550577]'),
(35, 'Архикатедральний собор Святого Юра', 'бароковий собор на пагорбі ----- Одна з головних святинь Української греко-католицької церкви. Архітектура поєднує бароко та класицизм. Комплекс включає монастир, дзвіницю та скульптури святих. Собор видно з багатьох точок міста.', 'площа Святого Юра, 5', 2, '2025-05-14 15:08:36', '/images/places/Львівщина/Собор Святого Юра.jpg', '[0.44065655596480025,0.7871675418786913,0.15125236661519073,0.6112878720049608,0.4568084789394277,0.8591530206898219,0.28559740977109677,0.7792580573090399,0.7430727312502333,0.20222407539578358,0.6933167710994325,0.5709523355138377,0.670860359780042,0.4448264237299723,0.15750793256744594]'),
(36, 'Шевченківський гай', 'скансен просто неба ----- Музей народної архітектури та побуту під відкритим небом. Тут зібрано автентичні хати, церкви та млини з різних районів України. Відвідувачі можуть побачити традиційне життя українців. Часто проводяться ярмарки та фольклорні свята.', 'вулиця Чернеча Гора, 1', 2, '2025-05-14 15:08:36', '/images/places/Львівщина/Шевченківський гай.jpg', '[0.3895925166962212,0.3237319207772935,0.5789838488530118,0.4326220753941858,0.40382986125463255,0.4201867405871258,0.6718635738931561,0.45095381389951095,0.4047685263264196,0.5232567585646294,0.25730989716076563,0.5200295790464368,0.5305946191301991,0.33716690321409465,0.7192040818664635]'),
(37, 'Домініканський собор', 'бароковий храм з музеєм ----- Один із найвизначніших барокових храмів Львова. Сьогодні він діє як музей історії релігії. Купол і внутрішнє оздоблення вражають величчю. Поруч часто проводять концерти органної музики.', 'площа Музейна, 1', 2, '2025-05-14 15:08:36', '/images/places/Львівщина/Домініканський собор.jpg', '[0.4067324485210238,0.12285503748290419,0.5100040548020919,0.6170527603552773,0.5492340822621768,0.5884471010397802,0.21853530689312425,0.178876713060193,0.6805611863955232,0.6566495495115111,0.6286092552615873,0.5425950635406235,0.7831766511318231,0.24602846824998464,0.7377749426347675]'),
(38, 'Аптека-музей', 'найстаріша аптека Львова ----- Заснована у 18 столітті й досі діє. Тут представлено старовинні аптечні інструменти, меблі та рецепти. Частину музею займає алхімічна лабораторія. Це цікава зупинка для допитливих туристів.', 'площа Ринок, 2', 2, '2025-05-14 15:08:36', '/images/places/Львівщина/Аптека-музей.jpg', '[0.4179696383252252,0.40243351952475276,0.6602767634730652,0.3130813717315417,0.2500252141552635,0.6898592952728136,0.4255415030350244,0.5240796813835608,0.5060951585882713,0.3051409686167315,0.6771093228051778,0.3422312491937255,0.35090572197470526,0.6741526458073501,0.7334483602582195]'),
(39, 'Личаківський цвинтар', 'меморіал визначних українців ----- Один із найстаріших некрополів Європи. Тут поховані письменники, науковці, митці, військові. Алеї та склепи створюють атмосферу поваги й історії. Цвинтар є пам’яткою національного значення.', 'вулиця Мечникова, 33', 2, '2025-05-14 15:08:36', '/images/places/Львівщина/Личаківський цвинтар.jpg', '[0.45193400477817297,0.27893276221333335,0.6939983569605496,0.7131197418208584,0.5744659988715027,0.7128100715531428,0.16199696020006069,0.4924872973043545,0.4596374030006231,0.8734134755334183,0.5918567815665902,0.328843984396425,0.6704573094183909,0.67948577491104,0.14475289733299554]'),
(40, 'Музей Арсенал', 'військово-історичний музей ----- Розташований у середньовічній оборонній споруді. Експозиція включає зброю, обладунки, артефакти. Тут можна побачити гармати, шаблі, мушкети. Музей є частиною старої фортифікаційної системи міста.', 'вулиця Підвальна, 5', 2, '2025-05-14 15:08:36', '/images/places/Львівщина/Музей Арсенал.jpg', '[0.43907208039654316,0.5535548582786741,0.7878959641472466,0.6637469051605779,0.39582157819768354,0.46150293562134126,0.3802449462210867,0.27658678526608627,-0.03286935670367432,0.7376973041828788,0.5423181415201078,0.35555237432765785,0.3319617992792098,0.6917313853256296,0.5699894088313572]'),
(41, 'Бернардинський монастир', 'історичний сакральний комплекс XVII століття ----- Комплекс включає костел і монастир бернардинів, збудовані у стилі ренесансу з бароковими елементами. Внутрішнє оздоблення вражає старовинними фресками, скульптурами та різьбленням. Розташований у районі Личакова, цей об\'єкт є маловідомим, але дуже цінним прикладом духовної та архітектурної спадщини Львівщини.', 'Соборна площа, 1', 2, '2025-05-14 15:10:27', '/images/places/Львівщина/Бернардинський монастир.jpg', '[0.7613408929836886,0.7380681914091387,0.8906972912049458,0.5777174032128792,0.3746493469731705,0.640469189132458,0.4322001612383305,0.5452848319920585,0.23113474539995932,0.6042133711600328,0.44599528208100725,0.12213217960480056,0.4851155813105438,0.45967390083570786,0.45541024879096176]'),
(42, 'Палац Потоцьких', 'розкішний палац XIX століття ----- Колишня резиденція графів Потоцьких, сьогодні палац є частиною Львівської галереї мистецтв. Внутрішнє оздоблення вражає люстрами, паркетом та мармуром. Тут часто проводяться виставки та культурні заходи.', 'вулиця Коперника, 15', 2, '2025-05-14 15:10:27', '/images/places/Львівщина/Палац Потоцьких.jpeg', '[0.25678889140552186,0.4583289483257037,0.40219144497919446,0.08562619028308929,0.40363093337690487,0.25952060255864584,0.24007095510015716,-0.06415010264346387,0.6952758560750655,0.5381427147696577,0.7747254754672678,0.7882554959401412,0.7092863974010443,0.43673013260601795,-0.1072332150803579]'),
(43, 'Оперний сквер', 'затишний сквер біля театру ----- Невеличкий зелений острівець біля Оперного театру. У сквері є фонтан, лавки, квітники. Місце ідеальне для відпочинку та фотографій. Тут часто гуляють туристи перед або після вистави.', 'проспект Свободи', 2, '2025-05-14 15:10:27', '/images/places/Львівщина/Оперний сквер.webp', '[0.5184659916414646,0.6338656673212186,0.32863502334990524,0.5010629848496435,0.7620256978392931,0.6729870516077656,0.4505860595158558,0.2996420799298303,0.44211860638157235,0.5077360101436235,0.5130909446846476,0.16173946175810058,0.35232071194660847,0.5296486006890444,0.7667537770285033]'),
(44, 'Львіварня', 'музей пивоваріння з дегустацією ----- Сучасний музей на місці старого пивзаводу. В експозиції — історія пива у Львові, обладнання, старі пляшки та етикетки. В кінці екскурсії можна скуштувати крафтове пиво. Популярне місце серед туристів.', 'вулиця Клепарівська, 18', 2, '2025-05-14 15:10:27', '/images/places/Львівщина/Львіварня.jpg', '[0.3291930089481199,0.5873073164152728,0.3343839474950577,0.7983596902231536,0.5300573980971266,0.6862467107052217,0.46401498791596574,0.5057702135596958,-0.04975046150824376,0.488825754008535,0.6573976219174411,0.4660017363736925,0.4855320776003677,0.3772900305613429,0.5332457237925781]'),
(45, 'Італійський дворик', 'ренесансний дворик у серці міста ----- Прихований у внутрішньому дворику одного з будинків на площі Ринок. Нагадує дворики Флоренції. Тут працює кав\'ярня, грає жива музика. Місце популярне серед закоханих пар і поціновувачів історії.', 'площа Ринок, 6', 2, '2025-05-14 15:10:27', '/images/places/Львівщина/Італійський дворик.jpg', '[0.2191058644152919,0.7521753760500338,0.24942028315915477,0.8513593595029603,0.4957025149936458,0.6208561322360614,0.5436391702747578,0.46064808933285434,0.3772995560966467,0.698899057602388,0.6279722979279226,0.674163131670135,0.649411034056014,0.567688673353339,0.4464247860214991]'),
(46, 'Порохова вежа', 'одна з найстаріших оборонних споруд ----- Збудована у 16 столітті, вона збереглась майже в первісному вигляді. Сьогодні тут виставковий зал Спілки архітекторів. Вежа є важливим фрагментом фортифікацій міста.', 'вулиця Підвальна, 4', 2, '2025-05-14 15:10:27', '/images/places/Львівщина/Порохова вежа.jpg', '[0.7756391198977335,0.5767056688963657,0.594428645318249,0.7058327111327246,0.6698552972787409,0.30622089922361356,0.1347014516679462,0.5014570867268836,0.6834493217740933,0.6421496693006209,0.4334351113078108,0.6478923813133137,0.187052339337602,0.5077950577735473,0.404923650836854]'),
(47, 'Церква Святої Єлизавети', 'неоготичний храм із вітражами ----- Виділяється високими шпилями, побудований на початку XX століття. Має розкішні вітражі, орган і кам\'яні різьблення. Церква є однією з найвищих споруд міста.', 'площа Кропивницького, 1', 2, '2025-05-14 15:10:27', '/images/places/Львівщина/Церква Єлизавети.jpg', '[0.6949057141906814,0.3124884082171172,0.30890946977182443,0.6381469759736348,0.42797055377599147,0.5558643222490943,0.44815149732405285,0.4116389448883088,0.452139018587109,0.23348389720989463,0.21184782969230675,0.9621371991968303,0.6600317801079038,0.4711307469882776,0.5242415568364803]'),
(48, 'Собор святого Андрія', 'бароковий храм із чудовим інтер\'єром ----- Колишній костел бернардинів, нині греко-католицький собор. Має пишне оздоблення та старовинні фрески. Поруч — затишна площа із фонтаном та кафе.', 'площа Соборна, 3А', 2, '2025-05-14 15:10:27', '/images/places/Львівщина/Собор святого Андрія.jpg', '[0.5375976561898476,0.31725426070732393,0.4698049771009701,0.5661621109854605,0.6459394818721762,0.7524029150680319,0.34879681344218283,0.3579540542687683,0.4401894275163306,0.6170591341794034,0.3841290625596063,0.5365076534417299,0.5588265908494553,0.5437326844694942,0.6453671000171173]'),
(49, 'Парк імені Івана Франка', 'найстаріший міський парк України ----- Заснований у XVIII столітті на місці монастирських садів. Тут затишні алеї, старі дерева, дитячі майданчики. Парк межує з університетом, що створює атмосферу студентського Львова.', 'вулиця Університетська', 2, '2025-05-14 15:10:27', '/images/places/Львівщина/Парк Франка.jpg', '[0.4410471145321352,0.851978275028705,0.3965919695546508,0.5287699705617508,0.5201276941812142,0.43106146495304687,0.48756356071251233,0.7819043812732909,0.2494799178277384,0.35887653057308694,0.8783680189477423,0.8672591381032452,0.38123044681230894,0.5130269914061069,0.4871588828676422]'),
(50, 'Музей-садиба Івана Франка', 'дім великого письменника та мислителя ----- Тут збереглися особисті речі Франка, книги, меблі. Музей розташований у невеликому будинку, де він провів останні роки життя. Атмосфера дому передає дух епохи.', 'вулиця Івана Франка, 150-152', 2, '2025-05-14 15:10:27', '/images/places/Львівщина/Музей Франка.jpg', '[0.8052748117220213,0.7081860645472932,0.6752780875498835,0.23676956310070185,0.350838246456521,0.890760978939539,0.5036810932037076,0.28300113752579686,0.5660531197536046,0.41352292802531787,0.27820449200398445,0.30373428877269154,0.6894987449275127,0.5511422376092169,0.2118610979170567]'),
(51, 'Замок у Підгірцях', 'ренесансний замок з парком ----- Підгорецький замок — одна з найвеличніших резиденцій Речі Посполитої. Побудований у стилі пізнього ренесансу з елементами бароко. Комплекс включає замок, парк, костел. Зараз тут ведуться реставраційні роботи, але вигляд залишається вражаючим.', 'село Підгірці, вулиця Замкова, 1', 2, '2025-05-14 15:16:50', '/images/places/Львівщина/Підгорецький замок.jpg', '[0.38128095283496277,0.5240343254348606,0.7637273510825309,0.3564630246038559,0.6325557964465631,0.43843558048666076,0.35807768101679305,0.6304053077199205,0.4081998837540918,0.674032868907072,0.42507102679495257,0.34641696618576107,0.8033473427501124,0.7638752085342989,0.17739330569224246]'),
(52, 'Олеський замок', 'музей-заповідник у середньовічному замку ----- Один із найстаріших замків України, датується XIII століттям. Був резиденцією польських королів. Нині функціонує як музей з колекцією живопису, скульптур та меблів. Замок розташований на пагорбі серед мальовничого ландшафту.', 'смт Олесько, вулиця Замкова, 10', 2, '2025-05-14 15:16:50', '/images/places/Львівщина/Олеський замок.jpg', '[0.7516724040595505,0.4373923514878539,0.8227662499396756,0.3057353014302033,0.452056846667502,0.6473430119024166,0.44378764738847426,0.23122755640933898,0.39499878701182217,0.6290768783840829,0.5740429506616888,-0.07669020840960718,0.38534565822436895,0.5117739557083526,0.5025290156770426]'),
(53, 'Жовківський замок', 'ренесансна фортеця з оборонними елементами ----- Побудований у XVII столітті як резиденція польського короля Яна III Собеського. Містить у собі елементи ренесансної архітектури та військового укріплення. Розташований у самому центрі історичного міста Жовква.', 'місто Жовква, площа Вічева, 2', 2, '2025-05-14 15:16:50', '/images/places/Львівщина/Жовківський замок.jpg', '[0.4849172636779732,0.45547681283896935,0.6316649155812218,0.39666337431642906,0.7932356719418994,0.5741207750178683,0.5854061072856364,0.16287117574671012,0.24460529141550655,0.29498485315190626,0.7750182423413098,0.2793714244547414,0.1822842200415382,0.3430719589670386,0.7354234901761899]'),
(54, 'Костел Святого Лаврентія', 'барокова святиня Жовкви ----- Побудований у XVII столітті. Вражає масштабами, білим фасадом та інтер\'єром із фресками та вівтарями. Є частиною історико-архітектурного комплексу міста.', 'місто Жовква, вулиця Львівська, 8', 2, '2025-05-14 15:16:50', '/images/places/Львівщина/Костел Святого Лаврентія.webp', '[0.6562587111199654,0.4473233545594557,0.5903228281671283,0.2644107794254403,0.4427926257570989,0.5215619262102817,0.5172790328243169,0.9105708976470409,0.4790787233693925,0.0841687075529724,0.2281811100882643,0.5996544329150838,0.7078589157359947,-0.016458762590356217,0.23504071986102526]'),
(55, 'Стільське городище', 'археологічна пам\'ятка княжої доби ----- Колишній центр одного з племінних князівств білих хорватів. Залишки валів, печер і стародавніх укріплень. Досліджується археологами, відкрито для туристів. Унікальне місце для любителів старовини та природи.', 'село Стільсько, вулиця Головна, 1', 2, '2025-05-14 15:16:50', '/images/places/Львівщина/Стільське городище.jpg', '[0.7296901336727114,0.6765726170408481,0.8495383359717469,0.7973314981944926,0.43380360494455134,0.6114224684881272,0.5151791802764497,0.520524250594096,0.27359251000289203,0.04907659090477691,0.1256425286362123,0.3994341108509288,0.42176281047800523,0.60689845385954,0.565484494736451]'),
(56, 'Монастир святого Онуфрія у Лаврові', 'один із найдавніших монастирів області ----- Заснований у XIII столітті василіанами. Розташований у горах, в оточенні лісу. Місце паломництва та духовної тиші. Зберігся дерев\'яний храм та келії.', 'село Лаврів, вулиця Монастирська, 12', 2, '2025-05-14 15:16:50', '/images/places/Львівщина/Лаврівський монастир.jpg', '[0.37546428554878075,0.6110690825575283,0.32057480485331824,0.5893379813780818,0.6638408281807856,0.38544555122654567,0.40841782384997355,0.5715563105127672,0.7523376772293731,0.1888084675681703,0.6880716886510121,0.05673910768017981,0.3481398212948083,-0.10859192198721128,0.4502412317606996]'),
(57, 'Добромильська ратуша', 'архітектурна домінанта старого містечка ----- Ратуша з годинником розташована в центрі Добромиля. Має двоповерхову будівлю з елементами класицизму. Поруч старі будинки та костел. Місце зберігає дух давнього галицького містечка.', 'місто Добромиль, площа Ринок, 1', 2, '2025-05-14 15:16:50', '/images/places/Львівщина/Добромильська ратуша.jpg', '[0.3687571513253232,0.5332764587558454,0.21501105500911805,0.37009592006103714,0.731205192003077,0.28017632528334063,0.6884560399942914,0.8352779397062807,0.487054019393885,0.7025795547570199,0.6402465993659008,0.6767069482096645,0.5386599256773735,0.33092492443854127,0.4595540855186693]'),
(58, 'Фортеця Тустань', 'українська середньовічна скельна фортеця ----- Розташована в Сколівських Бескидах, Тустань — унікальний археологічний комплекс IX–XIII століть, висічений у скелях. Тут збереглись сліди дерев’яних укріплень, оборонні рови та видовищні краєвиди. Це місце поєднує історію, природу та містичну атмосферу Карпат.', 'с. Урич, Сколівський р-н', 2, '2025-05-14 15:16:50', '/images/places/Львівщина/Фортеця Тустань.jpg', '[0.6480656472741226,0.8155723659226327,-0.08571369056261431,0.29382531629599296,0.5852895513328794,0.2726176587349842,0.40668453852165987,0.3378117976461063,0.46419033940315985,0.6606278958369899,0.35260877324495116,0.29733605711404026,0.4060716679391889,0.3316410320956821,0.2957637288833456]'),
(59, 'Трускавецький бювет', 'курортне джерело мінеральних вод ----- Найвідоміше джерело мінеральної води “Нафтуся”. Оточене зеленню та санаторіями. Вхід до бювету безкоштовний. Щодня сюди приходять тисячі відпочивальників.', 'місто Трускавець, вулиця Суховоля, 2', 2, '2025-05-14 15:16:50', '/images/places/Львівщина/Трускавецький бювет.jpg', '[0.18029109178784222,0.2750843389077098,0.7889604800159913,0.21580992713628794,-0.020486948167773408,0.5881617169807188,0.2941148169123678,0.9152793521922822,0.5759866042459243,0.27413866011690213,0.29428945208557084,0.8519655157097429,0.4398431973109036,0.4529736315691663,0.5120160786455918]'),
(60, 'Моршинський парк', 'лікувальний парк курортного міста ----- Заснований у XIX столітті, має симетричні алеї, бювети, квітники. Ідеальне місце для прогулянок, оздоровлення та релаксації. Тут поєднується природа та оздоровча інфраструктура.', 'місто Моршин, вулиця Привокзальна, 4', 2, '2025-05-14 15:16:50', '/images/places/Львівщина/Моршинський парк.jpg', '[0.7669837383934743,0.3378265346583987,0.482130002077047,0.7160953279573488,0.2828865268316554,0.28004928965287146,0.45226323368502047,0.3261373195594327,0.6176320176621594,0.06493254182109642,0.49484626685916244,0.8323184585106698,0.5971625816105604,0.5120100612652941,0.797935195454355]'),
(61, 'Одеський оперний театр', 'архітектурна перлина Одеси ----- Один із найвідоміших театрів України, побудований у стилі віденського бароко. Інтер\'єр оздоблений мармуром, ліпниною та позолотою. У театрі відбуваються виступи найкращих оперних і балетних труп. Це візитівка міста, яка приваблює туристів з усього світу.', 'вулиця Ланжеронівська, 1, Одеса', 3, '2025-05-14 15:20:52', '/images/places/Одещина/Одеський оперний театр.jpg', '[0.3399454692691535,0.5040493393723896,0.3448243894170086,0.28446119071947595,0.5143126162781689,0.30613038369921286,0.2931474943284736,0.41441937185191546,0.6031051560583749,0.4440640956245092,0.22447824514848638,0.7672249461539979,0.7142117127079954,0.4631335277930485,0.6221071599760467]'),
(62, 'Потьомкінські сходи', 'знакова архітектурна пам\'ятка міста ----- Побудовані у XIX столітті як головний вхід до міста з порту. Сходи мають оптичну ілюзію — знизу видно лише сходи, згори — лише майданчики. Вони ведуть до Приморського бульвару і вважаються символом Одеси.', 'вулиця Приморська, Одеса', 3, '2025-05-14 15:20:52', '/images/places/Одещина/Потьомкінські сходи.jpg', '[0.6504974531794684,0.5671283406332481,0.17665658579783003,0.7254244814909377,0.40186074978103564,0.6319260313559332,0.23465625365049278,0.5336958593056738,0.29670286837566906,0.18218642995563303,0.2389414139954878,0.4669568180511542,0.29092799650219053,0.41301249533587053,0.6234682544033002]'),
(63, 'Одеська філармонія', 'архітектурна перлина у стилі неоготики ----- Побудована у XIX столітті як біржа, нині функціонує як концертна зала Одеської філармонії', 'вулиця Буніна, 15, Одеса', 3, '2025-05-14 15:20:52', '/images/places/Одещина/Філармонія Одеса.jpg', '[0.08093641182917613,0.48445354020801484,0.32214663979770136,0.2684799079096757,0.35044620062547416,0.17557984892426295,0.6833064050492828,0.2768930093831496,0.3395360863883893,0.5425332438767888,0.4372725542478192,0.21219032589070616,0.5151922185026422,0.7923113346420932,0.16177677691977382]'),
(64, 'Приморський бульвар', 'улюблене місце для прогулянок ----- Звідси відкривається вид на море та порт. Алея прикрашена пам\'ятниками, ліхтарями та лавками. Тут розташовані історичні будівлі та входи до підземних катакомб. Атмосфера нагадує європейські набережні.', 'Приморський бульвар, Одеса', 3, '2025-05-14 15:20:52', '/images/places/Одещина/Приморський бульвар.jpg', '[0.5405443956375898,0.3445347545276725,0.23530076545441012,0.3408753710838887,0.36322746545704765,0.7040166540644178,0.5718710831266678,0.3610884235760669,0.9569312651307738,0.3577707830125457,0.5065963659936493,0.4281816844883474,0.5675042308083005,0.5877899657524851,0.22854677347810104]'),
(65, 'Одеські катакомби', 'найдовші у світі підземні лабіринти ----- Катакомби сягають понад 2500 км і охоплюють усе місто. Тут переховувались партизани, діяли контрабандисти. Проводяться екскурсії з гідом, частина тунелів облаштована як музей. Одне з найзагадковіших місць регіону.', 'вулиця Буніна, 33, Одеса', 3, '2025-05-14 15:20:52', '/images/places/Одещина/Катакомби.jpg', '[0.5244680035152559,0.4764427459578913,0.33570278485856053,0.33636395172649713,0.388688037312017,0.6011824287809421,0.640185068239492,0.5709571632880381,0.19967623715325086,0.6403133008479447,0.31260448562477444,0.9169903301675213,0.7961081061514791,0.0780407554261687,0.23200678910497116]'),
(66, 'Фортеця в Білгороді-Дністровському', 'середньовічна фортеця на березі лиману ----- Акерманська фортеця — одна з найбільших в Україні. Побудована у XIII–XV століттях і чудово збереглася. Має потужні стіни, бастіони, внутрішній двір. Щоліта тут відбуваються фестивалі та реконструкції боїв.', 'Білгород-Дністровський, вулиця Ушакова, 2', 3, '2025-05-14 15:20:52', '/images/places/Одещина/Фортеця в Білгороді-Дністровському.jpg', '[0.4875950742806306,0.6289979690577457,0.4710296136862425,0.33667001955971315,0.5329582799264905,0.680549628211111,0.2232547346040127,0.7443667174203279,0.5900895061393777,0.24723767882472109,0.4247135133288523,0.439470390032295,-0.09291228017729132,0.3651743752551519,0.3075202394590804]'),
(67, 'Вилкове (українська Венеція)', 'місто на воді в дельті Дунаю ----- Вилкове відоме своїми каналами замість вулиць. Люди пересуваються човнами, вирощують виноград і рибалять. Тут перетинаються природа, старообрядництво та унікальна культура. Ідеальне місце для екотуризму.', 'місто Вилкове, вулиця Набережна, 10', 3, '2025-05-14 15:20:52', '/images/places/Одещина/Вилкове.jpg', '[0.6068873844077071,0.6357742283035113,0.15928684176863236,0.5660410953283812,0.5250406665251184,0.6112845928167955,0.6248110239820325,0.362085965583862,0.7147750834487477,0.5812551273743243,0.3271909320317667,0.2691970888272878,0.5040282239042627,0.3145955173114429,0.6078830634340957]'),
(68, 'Башта Шахта у Білгороді-Дністровській фортеці', 'середньовічна оборонна споруда ----- Вежа була ключовим елементом захисту фортеці під час облоги', 'вулиця Ушакова, 2, Білгород-Дністровський', 3, '2025-05-14 15:20:52', '/images/places/Одещина/Башта Шахта.jpg', '[0.757999434690015,0.04902695082578105,-0.06957310508872223,0.24306921190156824,0.2368511478196188,0.7514129931261558,0.5680561242497472,0.6131193867425822,0.3157671862073125,0.4257555050714813,0.6287985552561288,0.2726147595644193,0.6889877361114366,0.4857144197388589,0.5155825859749193]'),
(69, 'Колонада Воронцовського палацу', 'велична неокласична споруда ----- Колонада є популярною пам’яткою архітектури і оглядовим майданчиком з видом на море', 'Приморський бульвар, Одеса', 3, '2025-05-14 15:20:52', '/images/places/Одещина/Колонада Воронцова.jpg', '[0.5331900403228174,0.5756703432000115,0.154204665296393,0.433558139680868,0.692146050963188,0.27746254027024986,0.31706526301620425,0.6903378284221439,0.5426154721182336,0.4595073443162588,0.5703914722531179,0.50399175825968,0.701764287740283,0.3394871648112741,0.6996029651314305]'),
(70, 'Парк Шевченка', 'міський парк біля моря ----- Заснований у XIX столітті, простягається від стадіону до берега. Тут є зони для прогулянок, атракціони, кафе. З парку відкривається вид на порт і море. Це одне з найзеленіших місць у центрі Одеси.', 'вулиця Маразліївська, 1, Одеса', 3, '2025-05-14 15:20:52', '/images/places/Одещина/Парк Шевченка.webp', '[0.441506994350275,0.5973855864146763,0.7100528066002258,0.4125212752306073,0.07651979789840375,0.22185219598861788,0.25270948642040436,0.13868182274687288,0.35756251930588095,0.5375333750617082,0.3955734865230304,0.7198419578145798,0.7400461320333903,0.4858118446965188,0.012669924064056731]');
INSERT INTO `places` (`placeID`, `name`, `description`, `address`, `cityID`, `addedDate`, `imagePath`, `featureVector`) VALUES
(71, 'Музей західного і східного мистецтва', 'один із найстаріших художніх музеїв України ----- Розташований у колишньому палаці Абази, музей має експозиції європейського живопису, східного фарфору, меблів. Відомий своєю колекцією ікон та полотнами Карпа Брюллова. Будівля вражає архітектурою та інтер\'єром.', 'вулиця Пушкінська, 9', 3, '2025-05-14 15:25:58', '/images/places/Одещина/Музей західного мистецтва.jpg', '[0.42990037851748875,0.9266284482321842,0.523616566245097,0.39845444778954703,0.3712950454924876,0.5723439865140094,0.14901875154945757,0.6409840541848569,0.32745214292888425,0.1483940726953269,0.2119412265183404,0.18354403841795178,0.6823116405040809,0.5684701589457791,0.5632961179025059]'),
(72, 'Синагога Бродського юдейського братства', 'історична синагога Одеси ----- Заснована у XIX столітті, будівля є однією з найдавніших юдейських споруд міста', 'вулиця Єврейська, 25, Одеса', 3, '2025-05-14 15:25:58', '/images/places/Одещина/Синагога Бродського братства.jpg', '[0.12306908648597352,0.45889195896562124,0.6889384020318849,0.1109189361309939,0.43778385595886077,0.2791042888594718,0.3888475903211197,0.6182174928214489,0.4904818302500149,0.13474744125162838,0.38655196867009356,0.49390722682025023,0.317171004099274,0.34837729563544145,0.22109022792921063]'),
(73, 'Ботанічний сад Одеського університету', 'зелений оазис у центрі міста ----- Заснований у 1820-х роках, сад має десятки видів рослин з усього світу. Тут є теплиці, сади, колекції тропічних і субтропічних культур. Гарне місце для спокійних прогулянок.', 'вулиця Французький бульвар, 48/50', 3, '2025-05-14 15:25:58', '/images/places/Одещина/Ботанічний сад.jpg', '[0.7157603236658083,0.5769914955549021,0.49571842589495774,0.3792303041856596,0.476662715356932,0.6918177170887315,0.10308500759835121,0.5009271068285412,0.740769514574159,0.4871521533361345,0.45697847137662784,0.19786045252984802,0.6489652923511802,0.10829301686715191,0.5054579735370314]'),
(74, 'Будинок Русова', 'архітектурна перлина у стилі модерн ----- Збудований на межі XIX–XX століть, нещодавно відреставрований і став окрасою історичного центру Одеси', 'вулиця Садова, 21', 3, '2025-05-14 15:25:58', '/images/places/Одещина/Будинок Русова.jpg', '[0.3799979991722954,0.15899918774324542,0.3508332843710243,0.9108749537978932,0.644070321828651,0.6278476157599154,0.38708494620765266,0.22048042325059128,0.5871381239094834,0.6697771557874317,-0.139855670543699,0.49906427862199454,0.22483633189140015,0.2113657838292816,0.7520649052462008]'),
(75, 'Свято-Пантелеймонівський монастир', 'один із найбільших монастирів Одеси ----- Заснований у XIX столітті поблизу залізничного вокзалу. Має величний собор, келії та храмову архітектуру в російському стилі. Досі діючий і відкритий для відвідувачів.', 'вулиця Пантелеймонівська, 66', 3, '2025-05-14 15:25:58', '/images/places/Одещина/Пантелеймонівський монастир.jpg', '[0.340381967631647,0.4659511719308716,0.6521958834558098,0.571286520545465,0.4027417526897083,0.44088071855403926,0.3406782681971278,0.766933970161725,0.34804841310696427,0.3259966121576982,0.36482575162702,0.456603633420597,0.5980008740845262,0.6572174563745267,0.6960782150850203]'),
(76, 'Церква Різдва Христового у Шабо', 'старовинна церква виноробного краю ----- Побудована у 1830-х роках швейцарськими колоністами. Храм має унікальний вигляд і зберіг елементи європейської архітектури. Знаходиться поруч із виноробнею та музеєм.', 'село Шабо, вулиця Центральна, 44', 3, '2025-05-14 15:25:58', '/images/places/Одещина/Церква Шабо.jpg', '[0.32116689562872314,0.7425384440415101,0.5323280699247408,0.37950713448664997,0.31310422191249654,0.3328635318465972,0.5923651059805294,0.40831259354563226,0.3327256119536756,0.6893335238822481,0.5755967277150679,0.2670567505307315,0.3264413194609245,0.6846097908791333,0.4880977547442879]'),
(77, 'Нижньодністровський національний природний парк', 'природна перлина з дельтою Дністра ----- Розташований у пониззі річки Дністер. Має багатий біорізноманіття: птахи, риби, водні рослини. Організовуються човнові екскурсії, спостереження за птахами та фото-сафарі.', 'село Маяки, вулиця Лугова, 1', 3, '2025-05-14 15:25:58', '/images/places/Одещина/Нижньодністровський парк.jpg', '[0.4509746880100615,0.04986674406031593,0.3406284257783635,0.4849151088889571,0.39900709545536295,0.7640395311607331,0.7215727715363639,0.47037802242615845,0.5982411285679358,0.9668884583295487,0.24984600615587663,0.2870245595415216,0.507288193334902,0.36400772223843014,0.37640656358057784]'),
(78, 'Центральний парк культури і відпочинку ім. Т. Шевченка', 'один із найстаріших парків Одеси ----- Має розвинену інфраструктуру, атракціони, стадіон «Чорноморець», кафе. Простягається до узбережжя. Ідеальне місце для сімейного відпочинку.', 'вулиця Маразліївська, 1', 3, '2025-05-14 15:25:58', '/images/places/Одещина/Парк культури.jpg', '[0.18130814957898664,0.33084146034118145,0.48399975845942717,0.1421366248299635,0.49606779269699075,0.5549128684893445,0.6437557830348556,0.3739070960519239,0.5536298961992315,0.33140468686433155,0.5787806351610373,0.31503490849282295,0.5555515474904142,0.5273796312159605,0.46120084156316615]'),
(79, 'Виноробня Шабо', 'одне з найстаріших виноробних господарств України ----- Засноване швейцарськими колоністами у XIX столітті. Включає музей, дегустаційні зали та виноградники. Відоме своєю якістю продукції та туристичними турами.', 'село Шабо, вулиця Виноградна, 10', 3, '2025-05-14 15:25:58', '/images/places/Одещина/Шабо виноробня.jpg', '[0.16041105613724121,0.5567098479908382,0.29913898979041637,0.48600894367499015,0.6187357199095548,0.6438397794763059,0.29477873813863764,0.5590391246580665,0.38063275160640075,0.4440796382077992,0.7739494474269898,0.798331386568922,0.5299901798165113,0.5852916677261628,0.40383381325845724]'),
(80, 'Каральське озеро', 'солоне озеро з рожевою водою ----- Влітку вода набуває рожевого відтінку завдяки мікроводоростям. Лікувальні грязі приваблюють туристів. Мальовничі пейзажі роблять озеро популярним для фотосесій.', 'село Каралі, вулиця Озерна, 2', 3, '2025-05-14 15:25:58', '/images/places/Одещина/Каральське озеро.jpg', '[0.35990035363393674,0.33822211438286715,0.5157197586427563,0.12521597017915098,0.9210383662176371,0.3403407600919433,0.5525353822159054,0.6642482265867611,0.262958602491843,0.45518202277956243,0.5145198107426787,0.3728722993064293,0.3480606933718392,0.7265938959993175,0.5567827123179924]'),
(81, 'Одеський художній музей', 'музей у палаці з унікальною колекцією ----- Розташований у палаці Потоцьких, музей має понад 10 000 творів мистецтва. Тут представлено український живопис, графіку, скульптуру. Окремі зали присвячені одеській школі живопису. Це один із найцінніших художніх музеїв півдня України.', 'вулиця Софіївська, 5А', 3, '2025-05-14 15:28:08', '/images/places/Одещина/Художній музей.jpg', '[0.5986771855396043,0.5866961053430875,0.3245798159281383,0.2580374474813771,0.5010773885310037,0.5587944731655212,0.9248598663225005,0.2928061534580827,0.2815852053520497,0.5021709025809243,0.5898535332140522,0.4700917958169143,0.7757327728141697,0.4517598625107732,0.47494388666181403]'),
(82, 'Центральна синагога Одеси', 'одна з найстаріших синагог міста ----- Побудована у XIX столітті, нині діюча й відреставрована. Має ошатний фасад, історичний інтер\'єр і важливе значення для єврейської громади. Поруч — культурні єврейські центри.', 'вулиця Єврейська, 25', 3, '2025-05-14 15:28:08', '/images/places/Одещина/Синагога.jpg', '[0.5683653680575972,1.0121753238825677,0.5297896062623327,0.18404430076415193,0.6438181691416148,0.5541227865253331,0.5868617881141411,0.6888122242144464,0.6339088494898363,0.48349174898580294,0.41410308809914553,0.34012840598024213,0.3564108335832553,0.28625162847943136,0.5454798684526084]'),
(83, 'Палац Бжозовського', 'вишукана садиба на Французькому бульварі ----- Побудований у стилі еклектики, палац відомий своїми колоннами, фасадом і садом. Зараз використовується як частина медичного університету. Цінна архітектурна пам\'ятка Одеси.', 'Французький бульвар, 33', 3, '2025-05-14 15:28:08', '/images/places/Одещина/Палац Бжозовського.jpg', '[0.662362539271001,0.6589540062977733,0.6972608318066427,0.3413975376276841,0.5943446285896532,0.7523694763764899,0.3131812406237283,0.6700170259187683,0.6877054063720355,0.3922959706632237,0.5014874577447146,0.4488700966868141,0.6251955254218081,0.2825661563590333,0.08064176376913602]'),
(84, 'Церква святого Миколая в Чорноморському', 'сучасний храм у прибережному селищі ----- Побудований на початку 2000-х років. Має білий фасад із золотими куполами, прикрашений мозаїками. Служить духовним центром для мешканців і туристів.', 'селище Чорноморське, вулиця Набережна, 1', 3, '2025-05-14 15:28:08', '/images/places/Одещина/Церква Чорноморське.jpg', '[0.36949333287278713,0.656570325013432,0.6526184481639359,0.6842930885933073,0.4308060998138397,0.5246696883387573,0.483468016749175,0.4659474728154698,-0.1437884415420802,0.34057675646573826,0.24855103527816924,0.5817751288447721,0.3184157658188913,0.4791770305415121,0.3713721333278159]'),
(85, 'Татарбунарський степовий заказник', 'заповідна зона з унікальною флорою ----- Територія охороняється задля збереження степових ландшафтів півдня Одещини. Тут ростуть рідкісні рослини та мешкають степові птахи. Ідеальне місце для дослідників і природолюбів.', 'Татарбунарський район, урочище Степ', 3, '2025-05-14 15:28:08', '/images/places/Одещина/Татарбунарський заказник.webp', '[0.40242826786809605,0.7914420322130304,0.6492594513716085,0.2948786110483842,0.8738740904884911,0.3467349175655361,0.6065503727455056,0.33440873288607287,0.6502924460890078,0.2554989063522724,0.4372478034131479,0.5161145957661171,0.260102948256347,0.37461200241558007,0.299303645491926]'),
(86, 'Острів Єрмаків', 'частина дельти Дунаю з дикою природою ----- Острів покритий плавнями, лісами, заболоченими ділянками. Тут гніздяться пелікани, чаплі, журавлі. Доступ можливий лише човном. Екотуристичне місце великого значення.', 'дельта Дунаю, координати: 45.4109, 29.6653', 3, '2025-05-14 15:28:08', '/images/places/Одещина/Острів Єрмаків.webp', '[0.3664927251118074,0.10612741132602832,0.06985716702238462,-0.031394133687944054,0.20050634748136933,0.14127592837835024,0.39740812760989097,-0.013957947578090525,0.5483243835341319,0.4842504225278785,0.607328608807083,0.12429478947667856,0.052727439950502074,0.36017496157344936,0.4278706167306942]'),
(87, 'Сарматські скелі біля Тарутиного', 'геологічна пам\'ятка півдня України ----- Скелі з вапняку утворились мільйони років тому. Вони формують мальовничі каньйони та обриви. Популярне місце для туристів і фотозйомок.', 'село Лісне, Тарутинська громада', 3, '2025-05-14 15:28:08', '/images/places/Одещина/Сарматські скелі.jpg', '[0.5704676208326687,0.9189314910705977,0.3912627834778113,0.3526271168694313,0.5785958820551688,0.4193654748177613,0.290889942846325,0.5999462231074342,0.3351604040445497,0.39896007601123784,0.49681243290429017,0.3340636570845368,0.6581969274171983,0.6953449670480899,0.7339667759618344]'),
(88, 'Лебедине озеро в Савранському лісі', 'тихий куточок дикої природи ----- Невелике озеро серед лісу, де гніздяться лебеді, чаплі та качки. Територія доглянута, облаштована для екотуризму. Поруч — еко-стежки та зони відпочинку.', 'Савранський ліс, село Осички', 3, '2025-05-14 15:28:08', '/images/places/Одещина/Лебедине озеро.jpg', '[0.5942391402755476,0.6283156297247176,0.44493553117118945,0.34077263217036347,0.057200069250011296,0.8941176883457264,0.5300064708908411,0.44791296053619417,0.8478698339342503,0.19062797753387328,0.4707243317815034,0.22325953824853711,0.7228856385451609,0.5255361939626233,0.16888742292791536]'),
(89, 'Одеська національна наукова бібліотека', 'архітектурна пам’ятка неоренесансу XIX століття ----- Один із найдавніших книгозбірень України з унікальним оздобленням і бібліографічними колекціями', 'вулиця Пастера, 13', 3, '2025-05-14 15:28:08', '/images/places/Одещина/Бібліотека Одеса.jpg', '[0.20119843023772105,0.24770904029011578,0.19684895578502956,0.4336650559895192,0.11274393900165877,0.2367937921334457,0.4113218878775515,0.6442814965979601,0.8016993153554923,0.678340360750764,0.14397470513730695,0.7685586536674868,0.3077823401384939,0.637561530616031,0.49616741851296015]'),
(90, 'Маяк на мисі Великого Фонтану', 'одна з крайніх точок Одеси на узбережжі ----- Маяк допомагає навігації суден у Чорному морі. Звідси відкривається чудова панорама на море, особливо на заході сонця. До маяка веде стежка вздовж пляжу.', 'Фонтанська дорога, 193', 3, '2025-05-14 15:28:08', '/images/places/Одещина/Маяк Великий Фонтан.jpg', '[0.5144956225601158,0.5538363781886902,0.4564647094810983,0.7000433255583992,0.45428170189140665,0.4216600212751103,0.6535604915134355,0.6429222227845002,0.010306553176435881,0.4696286284988596,0.8254574855590463,0.19486196997158362,0.4146037681466798,0.8935997313568181,0.14288296365184583]'),
(91, 'Теребовлянський замок', 'фортеця над Серетом ----- Побудована у XI столітті, відігравала важливу роль у захисті Поділля від нападів', 'місто Теребовля, вулиця Замкова', 5, '2025-05-14 15:33:40', '/images/places/Тернопільщина/Замок Теребовля.jpg', '[0.3642948609622444,0.49448825658320744,0.9516764581693901,0.5193461810240079,0.5978030751444907,0.37961193168483626,0.4358488071767425,0.45029893064474075,0.6186466523299413,0.34365023688578483,0.5462877381144838,0.4666098639742891,0.2680169844960099,0.7245965285912493,0.520771392048848]'),
(92, 'Катедральний собор Непорочного Зачаття Пресвятої Богородиці', 'головний греко-католицький храм Тернополя ----- Побудований у XVIII столітті в бароковому стилі. Має два масивні фасадні вежі, розкішні фрески та іконостас. Є духовним осередком міста. Розташований поруч з історичним центром.', 'вулиця Сагайдачного, 14', 5, '2025-05-14 15:33:40', '/images/places/Тернопільщина/Катедральний собор Непорочного Зачаття Пресвятої Богородиці.jpg', '[0.5084016546150026,0.009342360779313646,0.693909965667961,0.11077507472200233,0.14728345116406746,0.580367524617781,0.6004336675110541,0.5842084328916569,0.5377930393086132,0.29500940048435254,0.5123137016081987,0.40166750206719604,0.7108429922869308,0.43289529351017547,0.5588693228523429]'),
(93, 'Кременецький ботанічний сад', 'один із найстаріших ботанічних садів України ----- Заснований у 1806 році при Кременецькому ліцеї. Тут росте понад 2 тисячі видів рослин, багато з яких — рідкісні. Розташований на схилах Кременецьких гір. Мальовниче місце для прогулянок і наукових досліджень.', 'місто Кременець, вулиця Шевченка, 67', 5, '2025-05-14 15:33:40', '/images/places/Тернопільщина/Кременецький ботанічний сад.jpg', '[0.5449225491653678,0.802436779928224,0.3254825010469347,0.3865712124786842,0.43843416905435717,0.659417310768,0.8062452674197167,0.5462890639160496,0.6631703219979046,0.25145545634306,0.7673110448329087,0.5082401772101651,0.3479268865590816,0.32007849828676266,0.5068412688131326]'),
(94, 'Збаразький замок', 'резиденція князів Вишневецьких ----- Замок XVII століття із музеєм та оборонними укріпленнями. Тут проходять історичні фестивалі, лицарські турніри та виставки. Навколо розташований парк та ставок.', 'місто Збараж, вулиця Замкова, 6', 5, '2025-05-14 15:33:40', '/images/places/Тернопільщина/Збаразький замок.jpg', '[0.5170865685543947,0.3798585712788262,0.588668910789936,0.7075482728154832,0.6173754395071657,0.6172340423324584,0.42502179494266223,0.7685936484822686,0.45802037690284036,0.5648055815618302,0.5134582030342687,0.4018375746033164,0.5241764608807999,0.2561679851563157,0.5147721076155699]'),
(95, 'Печера Млинки', 'активна спелеоподорож в гіпсовому лабіринті ----- Млинки — гіпсова печера довжиною понад 50 км. Вона відома своїми вузькими ходами, кристалами, «заломами». Проводяться екскурсії з ліхтарями та захисним спорядженням. Знаходиться в селі Залісся.', 'село Залісся, вулиця Центральна, 3', 5, '2025-05-14 15:33:40', '/images/places/Тернопільщина/Печера Млинки.jpg', '[0.44864705620903217,0.010452472383579743,0.6948294494244998,0.5413246645837497,0.5499067349063256,0.45713641458732523,0.0852007176111684,0.17314927495011542,0.2911237377037358,0.015813663736061537,0.40408613168636603,0.4606626912199505,0.4623217957452482,-0.06935059246432425,0.31107745920955443]'),
(96, 'Бучацька ратуша', 'унікальна пам’ятка барокової архітектури ----- Побудована в XVIII столітті з розкішною скульптурною композицією Йоганна Пінзеля. Ратуша є візитівкою Бучача. Розташована в історичному центрі міста.', 'місто Бучач, площа Ринок, 1', 5, '2025-05-14 15:33:40', '/images/places/Тернопільщина/Бучацька ратуша.jpg', '[0.3182985306750903,0.48830363043160047,0.6327716259369998,0.28116081802396536,0.8844898750415726,0.5198378176819256,0.4363508013642494,0.08148369611325802,0.316534441805514,0.6655039662373341,0.308673612920972,0.36240331090809647,0.6092569024510929,0.372976921902744,0.5924969385427639]'),
(97, 'Каскадний фонтан «Кульбаба»', 'популярна зона відпочинку в Тернополі ----- Фонтан складається з декількох рівнів з підсвіткою. Увечері він створює світломузичне шоу. Знаходиться біля набережної, поруч із пляжем та парком Шевченка.', 'вулиця Руська', 5, '2025-05-14 15:33:40', '/images/places/Тернопільщина/Фонтан Кульбаба.jpg', '[0.576844088353097,0.21007617225029634,-0.03976756885011752,0.5181757299371665,0.20960135760084198,0.17329454789004967,-0.22993304543956541,0.31047367474845466,0.7013194230804991,0.6710826240522538,0.4061243928667166,0.34849344535292737,0.48372143300903275,0.33828998907360064,0.23855568457370468]'),
(98, 'Замок у Кременці', 'фортеця на горі Бона ----- Руїни замку розташовані на високій горі, звідки відкривається краєвид на місто. Фортеця виконувала оборонну функцію у середньовіччі. Доступна для туристів і любителів історії.', 'місто Кременець, вулиця Замкова гора', 5, '2025-05-14 15:33:40', '/images/places/Тернопільщина/Замок Кременець.jpg', '[0.24919094357404467,0.7251613677478146,0.37413456839756415,0.5182237588184578,0.4248733379281271,0.7640562014720158,0.9081378249469535,0.06698498515612512,0.5829006492106173,0.7705735878751425,0.5477295736817376,0.28919873054683515,0.8973761784211068,0.7390389082019679,0.499992626376154]'),
(99, 'Дністровський каньйон біля села Устечко', 'один із найбільших каньйонів Європи ----- Скелясті береги, річка, водоспади, ліси — все це створює унікальний природний ландшафт. Популярний маршрут для сплавів, кемпінгу, фототурів. Частина території є заповідною.', 'село Устечко, вулиця Наддністрянська', 5, '2025-05-14 15:33:40', '/images/places/Тернопільщина/Дністровський каньйон.jpg', '[0.5211429664720807,0.3469204918984177,0.6307522334589378,0.6089368275381521,0.3012755989436122,0.827523501560442,0.21306677834216586,-0.18135985725829212,0.6447685253233008,0.7768553301155738,0.5458798132273339,0.27322671107267626,0.16717244263972367,0.2770586490161008,0.5213858612888773]'),
(100, 'Вишнівецький палац', 'резиденція магнатів із парком ----- Велична будівля з архітектурою у стилі бароко та ренесанс. Має внутрішній двір, парадний фасад, залишки садово-паркового комплексу. Знаходиться на півночі області, біля Почаєва.', 'смт Вишнівець, вулиця Замкова, 1', 5, '2025-05-14 15:33:40', '/images/places/Тернопільщина/Палац Вишнівецьких.jpg', '[0.436416061929807,0.5269057479566385,0.11757480680869496,0.838130899721196,0.5479700687905886,0.5220082229891251,0.7433873033253499,0.5791588627711031,0.5388200611831295,0.39908515157122376,0.8886808678077331,0.6985448116491522,0.5302603705995589,0.6763767041539908,0.65045860394454]'),
(101, 'Парк Топільче', 'великий міський парк з водоймами ----- Розташований у центрі Тернополя. Має зоопарк, канали з містками, дитячі майданчики. Ідеальне місце для родинного відпочинку. У парку є тематичні зони, зони тиші та скульптури.', 'вулиця Миру', 5, '2025-05-14 15:36:15', '/images/places/Тернопільщина/Парк Топільче.jpg', '[0.6147969985052502,0.41807384739736075,0.2901542706390509,0.1745962029313468,0.10650279986709209,0.06068555391414476,0.18602014499905434,0.42026637656214283,0.34650174893396124,0.48860135020101375,0.3366531638935361,0.6584557216225915,0.7143869055579066,0.16250064680864798,0.7188968881576073]'),
(102, 'Монастир Кармелітів у Бучачі', 'релігійний комплекс на пагорбі ----- Побудований у XVII столітті з високою дзвіницею. Має підземелля, келії та каплиці. Розташований над містом, звідки відкривається панорама на долину. Один з духовних центрів краю.', 'місто Бучач, вулиця Монастирська, 3', 5, '2025-05-14 15:36:15', '/images/places/Тернопільщина/Монастир Бучач.jpg', '[0.6989150068711635,0.2949104575668145,0.5882935058380544,0.4386701542143161,0.6180602239640122,-0.011459960493626967,0.21638602114956093,0.5306322739745102,0.28571252535565056,0.740198679461673,0.4237224401372964,0.2937208348080484,0.613488715263376,0.3289800898477765,0.0473588292370365]'),
(103, 'Печера Кришталева', 'туристична печера з підсвіткою ----- Довжина маршруту — понад 2 км. Всередині — великі зали, гіпсові кристали, сталактити. Оснащена електричним освітленням і доріжками. Відкрита для відвідувачів з гідом.', 'село Кривче, вулиця Печерна, 1', 5, '2025-05-14 15:36:15', '/images/places/Тернопільщина/Печера Кришталева.jpg', '[0.4979131336221693,0.7363832064059909,0.875007390313939,0.9374793742869928,0.5052918477638367,0.2973312962324985,0.22132240542657458,0.27828401931353886,0.5554108113127423,0.7090695220170851,0.09443544888337053,0.738057976908243,0.541164401172916,0.6743082531629917,0.29793622781976187]'),
(104, 'Монастир Успіння Богородиці в Зарваниці', 'місце паломництва греко-католиків ----- Один із найбільших духовних центрів України. Комплекс включає собор, купальню, каплиці, тераси. Сюди щороку приходять тисячі прочан з усієї країни.', 'село Зарваниця, вулиця Паломницька, 7', 5, '2025-05-14 15:36:15', '/images/places/Тернопільщина/Зарваниця.jpg', '[0.7204639498975401,0.6566388746158502,0.4586054032043618,0.45676047445070994,0.8454254078002754,0.11708547824046875,0.672366302654469,0.1164012349882978,0.6259058395161295,0.689043033013581,0.4562064163642853,0.7108228621655484,0.680168981468234,0.23858234820534935,0.5235473707526358]'),
(105, 'Плебанівський віадук', 'старовинний кам\'яний міст з арками ----- Побудований на початку XX століття. Має кілька високих аркових прольотів, якими проходить залізниця. Розташований серед ланів і пагорбів, часто використовується для фотосесій.', 'село Плебанівка, вулиця Залізнична', 5, '2025-05-14 15:36:15', '/images/places/Тернопільщина/Плебанівський віадук.jpg', '[0.6963409689899788,0.3655224773754809,0.42432054148252996,0.7130677857345104,0.7799454420874989,0.07473571648679814,0.31741361279461394,0.5735783081217536,0.43089759878533984,0.25155858564340083,0.5727182961621576,0.5218173071206423,0.5501094558061527,0.524867464158581,0.41262340229685507]'),
(106, 'Руїни монастиря капуцинів у Бучачі', 'барокова святиня XVIII століття ----- Монастир був важливим релігійним центром, нині збереглися лише руїни з унікальним фасадом', 'місто Бучач, вулиця Монастирська, 5', 5, '2025-05-14 15:36:15', '/images/places/Тернопільщина/Монастир капуцинів.jpg', '[0.13639468156254436,0.3222445819541013,0.22646881636041732,0.06224637181757088,0.8086875860459386,0.44890992479934444,0.8405068733211905,0.3315261096998394,0.525369418475097,0.3227159634740668,0.8275588932655176,0.47200397025788343,0.005661650994377861,0.22793729357585935,0.23446811452703883]'),
(107, 'Парк Національного відродження', 'зона спорту і культури в місті ----- Має стадіон, тенісні корти, пам’ятник Незалежності. Часто приймає фестивалі та святкові події. У парку є велодоріжки, фонтани та сцена.', 'вулиця 15 Квітня', 5, '2025-05-14 15:36:15', '/images/places/Тернопільщина/Парк Відродження.jpg', '[0.6938934082412628,0.28925168339607593,0.35311851191759996,0.5227472779956076,0.7248412171213606,0.3001872163783546,0.5529907305402709,0.26269948568831303,0.5111311425201118,0.26213157957876565,0.3600046088906604,0.7005557208148102,0.18222199381378085,0.4969168579563595,0.8049284136405536]'),
(108, 'Скала-Подільська фортеця', 'руїни замку над річкою ----- Фортеця заснована ще у XIV столітті. Збереглися частини мурів, башти та підземелля. Відкривається вид на долину та Дністер. Атмосферне місце з історичним духом.', 'смт Скала-Подільська, вулиця Замкова', 5, '2025-05-14 15:36:15', '/images/places/Тернопільщина/Скала-Подільська.jpg', '[0.35242667986499865,0.5666392388384228,0.5446310490827644,0.2983539985239161,0.5952141255808414,0.07373890017204297,0.44185337592607765,0.5814981451152136,0.4336730274705458,0.49848280811118695,0.21444351855676896,0.427421366603241,0.22907842871729098,0.8676783202612955,0.46564425436055323]'),
(109, 'Старий млин у Теребовлі', 'історична будівля з водяним колесом ----- Млин розташований біля річки Гнізна. Зберіг автентичну архітектуру XIX століття. Використовується як музей та локація для екскурсій.', 'місто Теребовля, вулиця Надрічна', 5, '2025-05-14 15:36:15', '/images/places/Тернопільщина/Млин Теребовля.jpg', '[0.7516818204970009,0.5040984258383878,0.46120225992273933,0.29480834830305136,0.19712289836787308,0.5384498977367221,0.4288895978684246,0.6429019256813521,0.8911119146945222,0.5229224356763942,0.05341337652255175,0.3878436802992619,0.6473034236713201,0.6972271120819938,0.17283709494493674]'),
(110, 'Парк Шевченка', 'класичний міський парк у Тернополі ----- Має монумент Кобзарю, став, алеї та атракціони. Парк об’єднує природу, відпочинок та події. Поруч — пляж, кафе та прогулянкові доріжки.', 'вулиця Листопадова', 5, '2025-05-14 15:36:15', '/images/places/Тернопільщина/Парк Шевченка.jpg', '[0.5431033662178042,0.7932188253084049,0.35847142304942237,0.3410998198607378,0.48822194968993043,0.0851938118943118,0.6094645755382039,0.34136279294394484,0.43701487561057306,0.5333726116088776,0.23550976343165425,0.2802081964215773,0.43518785046478714,0.6189789897418737,0.5775262355137137]'),
(111, 'Тернопільський краєзнавчий музей', 'музей з багатою експозицією області ----- У фондах музею — понад 160 000 експонатів, що охоплюють історію, етнографію, природу краю. Виставки відображають життя Тернопільщини від кам’яної доби до сучасності. Є інтерактивні зони та екскурсії для школярів.', 'вулиця Героїв Євромайдану, 3', 5, '2025-05-14 15:39:47', '/images/places/Тернопільщина/Краєзнавчий музей.jpg', '[0.34972356989887154,0.5928034007837839,0.6093510145738368,0.4512623029033009,0.5199810761343884,0.209983768808702,0.38164962201127317,0.5877068866258482,0.3451917042565523,0.7062157866532706,0.5341229942096963,0.35899404458102185,0.33055055817895734,0.47017119516098616,0.7573838947732243]'),
(112, 'Музей політичних в’язнів у Чорткові', 'музей у приміщенні колишньої тюрми НКВС ----- Представлено експозиції про репресії, життя політичних ув’язнених, боротьбу за незалежність. Відвідувачі можуть побачити камери, документи, особисті речі. Місце пам’яті й історичної правди.', 'місто Чортків, вулиця Шевченка, 18', 5, '2025-05-14 15:39:47', '/images/places/Тернопільщина/Музей в\'язнів.jpg', '[0.7761157134900628,0.712137529128911,0.45870418240702454,0.6102912312904422,0.44318183102596986,0.45691922038803384,0.014962655438372297,0.22459410544607888,0.5719588271415132,0.5364752571537701,0.6457180555275216,0.3913990333268386,0.3345861966413367,0.21022466977898133,0.8640808502504734]'),
(113, 'Гусятинська синагога', 'одна з найстаріших синагог на Поділлі ----- Побудована у XVI столітті у стилі оборонної архітектури. Має товсті мури, бійниці, збережені елементи декору. Нині частково зруйнована, але доступна для огляду. Важливий об’єкт єврейської спадщини.', 'смт Гусятин, вулиця Шевченка, 1', 5, '2025-05-14 15:39:47', '/images/places/Тернопільщина/Синагога Гусятин.jpg', '[0.741143334805185,0.5292643261254812,0.449052955902634,0.7936966713790723,0.5681204836674774,0.4777082406754994,0.4198483829305932,0.5599906704460199,0.23814229139073684,0.39344376686506977,0.3152791111147532,0.5226538030934061,0.20899903668049374,0.3906969518221649,0.25225476045356554]'),
(114, 'Печера Вертеба', 'підземний музей Трипільської культури ----- Тут знайдено численні артефакти: кераміка, знаряддя, фігурки. Печера освітлена, має безпечні маршрути. Екскурсія триває понад годину і проводиться у супроводі археолога.', 'село Більче-Золоте, вулиця Печерна, 1', 5, '2025-05-14 15:39:47', '/images/places/Тернопільщина/Печера Вертеба.jpg', '[0.1631344222591977,0.3592744247993895,0.6789339392977359,0.5510953416036719,0.2653204837204896,0.5423992619463353,0.4953911029354302,0.7221697648894688,0.6975125982172287,0.3408119685402299,0.48434767907701315,0.41304415474948886,0.7858223953448052,0.7605208915632292,0.3735811734454699]'),
(115, 'Церква святого Юра в Тернополі', 'історичний храм у центрі міста ----- Побудований у XVIII столітті, належить до УГКЦ. Має яскравий бароковий фасад, дві вежі, розписаний інтер’єр. Тут часто проводяться служби та події.', 'вулиця Руська, 22', 5, '2025-05-14 15:39:47', '/images/places/Тернопільщина/Церква Юра.jpg', '[0.6122342298020791,0.0667768915010084,0.506452236780177,0.7377688325586207,0.42721120915129496,0.4820849740105104,0.39831562264340886,0.8505365041383995,0.6451469404261073,0.22356221765794784,0.45435627032025927,0.31042725899447904,0.42590982981386977,0.5698756108110573,0.818216154554001]'),
(116, 'Раївський палац', 'неоготична садиба у мальовничому селі ----- Побудований у XIX столітті в англійському стилі. Має вежу, зимовий сад, парк із ставком. Палац частково зруйнований, але популярний серед туристів і фотографів.', 'село Раївка, вулиця Палацова, 1', 5, '2025-05-14 15:39:47', '/images/places/Тернопільщина/Раївський палац.jpg', '[0.8474187458956106,0.3799988999021686,0.29524386964103155,0.33531351934111736,0.8566782137026819,0.58134223222962,0.46933948576493734,0.35820718367496734,0.1689236455153744,0.4044790348695469,0.7478668250715944,0.30479483153969245,0.8376297424792795,0.4065018169069913,0.7499487593975274]'),
(117, 'Сатанівська брама', 'містична вежа з історією оборони ----- Вважається частиною давньої системи захисту. Розташована в селі на межі з Хмельниччиною. Брама оточена легендами та переказами. Є локацією для історичних реконструкцій.', 'село Сатанівка, вулиця Прикордонна', 5, '2025-05-14 15:39:47', '/images/places/Тернопільщина/Сатанівська брама.jpg', '[0.49847409841141244,0.6417508432865233,0.8255189445607475,0.6283377422666467,1.0565986422298619,-0.03811926098333062,0.5505858494726716,0.5026321550413718,0.10153295636315096,0.5769890079665787,0.4230470827667364,0.29484667591870906,0.5215748567560936,0.68619625318665,0.2606346399882068]'),
(118, 'Музей-садиба Леся Курбаса', 'меморіальний дім українського режисера ----- У селі Старий Скалат зберігся будинок, де народився Лесь Курбас. Тут зібрано особисті речі, документи, фото. Садиба збережена в автентичному стилі.', 'село Старий Скалат, вулиця Курбаса, 5', 5, '2025-05-14 15:39:47', '/images/places/Тернопільщина/Садиба Курбаса.jpg', '[0.684484406310202,0.6554039139391317,0.5636001401125021,0.6671402624568198,0.5446402046271597,0.5964475781722037,0.38932516293785924,0.7873669855983211,0.21475179878258807,0.2742633699389012,0.6787847205616058,0.33469332825300324,0.3056186818223336,0.4475159088565931,0.09731634519983214]'),
(119, 'Гримайлівський парк', 'ландшафтний парк у стилі англійського саду ----- Створений у XVIII столітті поруч із палацом графа Комарницького. Має каскади, ставки, екзотичні дерева. Частково збережений, приваблює туристів та біологів.', 'смт Гримайлів, вулиця Паркова, 2', 5, '2025-05-14 15:39:47', '/images/places/Тернопільщина/Гримайлівський парк.jpg', '[0.20232062204151804,0.3842420962786292,0.8009221465673337,0.4085989594097375,0.6819040282548584,0.2973211952950711,0.47455548914218215,1.0006705802541636,0.5291766797706753,0.4446451391166744,0.432353627619343,0.4447514623472173,0.5070447527043105,0.29708696642582344,0.5751196201866074]'),
(120, 'Парк Слави у Тернополі', 'меморіальний комплекс у центрі міста ----- Встановлено пам’ятники воїнам, підпільникам, жертвам репресій. Є алея з іменами героїв та вічний вогонь. Територія доглянута, з лавками та деревами.', 'вулиця Соломії Крушельницької', 5, '2025-05-14 15:39:47', '/images/places/Тернопільщина/Парк Слави.jpg', '[0.31752589969667117,0.28891930839187513,0.1904756732046949,0.3744820262426131,-0.05085361730433747,0.20369883598818145,0.28764235915540964,0.195492818844125,0.16889272768844285,0.8882422622929483,0.6669634462715142,0.7787733035322019,0.4840242961015144,0.5486703471320433,0.16217332405215934]'),
(121, 'Світломузичний фонтан Roshen', 'найбільший плавучий фонтан Європи ----- Розташований на річці Південний Буг біля набережної Roshen. Вечорами тут відбуваються світломузичні шоу з лазерами, водяними екранами та вогнем. Це головна туристична атракція Вінниці.', 'набережна Roshen', 7, '2025-05-14 15:46:32', '/images/places/Вінничина/Фонтан Roshen.jpg', '[0.6354635703801468,0.7835161668933274,0.3837017106587667,0.341875736733552,0.7735743456727472,0.35922832888988676,0.33933490965811236,0.4873065387915041,0.4229259523733141,0.247801020425612,0.6461488150117819,0.7204891137984252,0.5035047719454476,0.4768001981653473,0.5156625925363251]'),
(122, 'Садиба Пирогова', 'меморіальний музей видатного хірурга ----- Тут розташовані будинок, аптека, музей і усипальниця Миколи Пирогова. Експозиція розповідає про його наукову та медичну діяльність. Садиба оточена великим парком.', 'вулиця Пирогова, 155', 7, '2025-05-14 15:46:32', '/images/places/Вінничина/Садиба Пирогова.webp', '[0.5819355319552577,0.7424844052680564,0.40600425250949174,0.48631184773013403,0.4132183970957086,0.7191421831777328,0.5358364206343674,0.2948263583185344,0.35817667384575747,0.3844501009424515,0.49136764881074735,0.8135757795334505,0.3846990555571809,0.40423663449968833,0.27095162356655306]'),
(123, 'Вінницький обласний краєзнавчий музей', 'музей з історією Поділля ----- Має понад 200 000 експонатів, зокрема археологію, етнографію, фауну. Розташований у будівлі колишнього чоловічого училища. Один із найстаріших музеїв області.', 'вулиця Соборна, 19', 7, '2025-05-14 15:46:32', '/images/places/Вінничина/Краєзнавчий музей.jpg', '[0.6397411444977955,0.6522147193516433,0.6319002420416236,0.6607497287402171,0.5782433302876056,0.4773409465645381,0.43074495761421,0.36084789507986514,0.2296349885839637,0.7709430181262303,0.1402399339206525,0.4490722591362664,0.09241985070453716,0.3144875687094422,0.6063247394630199]'),
(124, 'Палац Потоцьких у Тульчині', 'розкішна барокова резиденція XVIII століття ----- Палац побудований як одна з найбільших шляхетських резиденцій в Україні. Має симетричний фасад, парк та флігелі. Сьогодні використовується як училище культури та мистецтв.', 'місто Тульчин, вулиця Незалежності, 19', 7, '2025-05-14 15:46:32', '/images/places/Вінничина/Палац Потоцьких.jpg', '[0.47544776300209324,0.4638831110467358,0.5163961858016722,0.6018226083878685,0.2694327867209776,0.37648093509688363,0.15295892710561826,0.626141933777608,0.576631086047154,0.4678913293518178,0.5582428163297632,0.19158043776030909,0.5486341212047103,0.06648915200898793,0.18373021537190629]'),
(125, 'Музей-садиба Леонтовича', 'будинок відомого композитора ----- Тут народився автор «Щедрика» Микола Леонтович. Збережено інтер\'єр, особисті речі, ноти, інструменти. Експозиція присвячена його життю та музичній спадщині.', 'село Марківка, вулиця Леонтовича, 1', 7, '2025-05-14 15:46:32', '/images/places/Вінничина/Садиба Леонтовича.jpg', '[0.63888262579707,0.4646206509758124,0.7114690772118103,0.30930554439923585,0.6102014985226958,0.6124550718369818,0.5599935465719,0.7997990478684847,0.6708998348151713,0.6131290086419324,0.2216268895560956,0.6904925542967475,-0.06259870812442798,0.220013908971121,-0.02947562062391455]'),
(126, 'Скалетський монастир', 'історичний монастир-фортеця ----- Заснований у XVII столітті василіанами. Має масивні стіни, келії, підземелля. Відомий іконою Богородиці та своєю оборонною архітектурою. Нині діючий.', 'село Скалетщина, вулиця Монастирська, 8', 7, '2025-05-14 15:46:32', '/images/places/Вінничина/Скалетський монастир.webp', '[0.3266777222159653,0.3461033821909965,0.5574310830307929,0.2762895739542391,0.4532523032237697,0.7786505055738998,0.44532832562200825,0.6057429163771637,0.9703713374992261,0.32923576130208204,0.27771592013884727,0.4603595305174293,0.37377066052400765,0.5228131694656062,0.2506848181307928]'),
(127, 'Кармелюкове джерело', 'місце, пов’язане з легендарним отаманом ----- За переказами, Устим Кармелюк тут зупинявся, пив воду і ховався від переслідувань. Джерело має кам’яний колодязь і охайну зону відпочинку. Популярне серед мандрівників.', 'село Шарівка, вулиця Джерельна', 7, '2025-05-14 15:46:32', '/images/places/Вінничина/Кармелюкове джерело.jpg', '[0.7297696250038292,0.44086644261723906,0.7344545469673409,0.454564206197559,0.7318461925217875,0.5689452490723138,0.38593234552978095,0.41775634034642584,0.6890432010482022,0.4217300616643518,0.66424838126789,0.41131504570856187,0.8263207599914757,0.5667658577495913,0.16199914066055493]'),
(128, 'Палац Грохольських-Можайських', 'неоготичний палац у Вінницькій області ----- Побудований у XVIII столітті, пізніше перебудований. Має вежі, арки, склепіння, навколо — англійський парк. Палац потребує реставрації, але залишається улюбленим об’єктом для фото.', 'село Вороновиця, вулиця Палацова, 1', 7, '2025-05-14 15:46:32', '/images/places/Вінничина/Палац Вороновиця.jpg', '[0.8118317840025734,0.46367151983083027,0.35076135972667494,0.5463276759171565,0.2865807409034403,0.46712191372506157,0.5077648622817044,0.6255895467258102,0.10859316625334212,0.5668657967220737,0.5005024491108213,0.32736554029302717,0.7400172011649281,0.7082378020645446,0.7393479358668351]'),
(129, 'Музей авіації та космонавтики', 'унікальний музей техніки в палаці ----- Створений у палаці Грохольських у Вороновиці. Присвячений історії авіації, Леоніду Можайському, винахіднику літака. У залах представлено моделі літаків, прилади, документи.', 'село Вороновиця, вулиця Авіаційна, 2', 7, '2025-05-14 15:46:32', '/images/places/Вінничина/Музей авіації.jpg', '[0.46750308131090995,0.751758664033335,0.5595670658023731,0.39346092322653486,0.3987911900828525,0.6198420841802709,0.25369588317847686,0.4408193834908301,0.7303880675186398,0.5589596052745006,0.45699520060356025,0.5348523284009848,0.39732339569460573,0.39483178029971533,0.43274859117603187]'),
(130, 'Гайдамацький Яр', 'урочище з історією визвольної боротьби ----- Гайдамацький Яр — це мальовниче місце з крутими схилами, де за переказами переховувалися повстанці-гайдамаки. Тут поєднуються дика природа, скелі, печери й історичний дух Поділля.', 'село Буша, Ямпільський район', 7, '2025-05-14 15:46:32', '/images/places/Вінничина/Гайдамацький Яр.jpg', '[0.4278740319803619,0.5368388548363077,0.3047403450966795,0.43520014354381853,0.1255844181435004,0.42707706689798974,0.38713298445600847,0.8630812746075106,0.32883973150688145,0.39584218311737956,0.5287055880828461,0.4165541591679041,0.3203884082812645,0.3439941730481086,0.71149356959838]'),
(131, 'Мури Вінниці', 'залишки оборонного монастиря ----- Це частина фортифікаційного комплексу XVII століття, що оточував монастир капуцинів. Стіни товсті, з бійницями та арками. Один з найстаріших архітектурних об’єктів міста.', 'вулиця Соборна, 12', 7, '2025-05-14 15:49:03', '/images/places/Вінничина/Мури Вінниці.jpg', '[0.6902772118436812,0.4419158761206008,0.5241520518723357,0.7472348354383358,0.78028791568754,0.5350544464035912,-0.09056817549955298,0.11267095507842181,0.29770047715780845,0.6854836048670809,0.7505517231188242,0.5197514733563393,0.4714479681710917,0.31332539850759134,0.3431877028436004]'),
(132, 'Парк “Сонячний”', 'сучасний міський парк для сімейного відпочинку ----- Парк “Сонячний” — це простір із затіненими алеями, дитячими майданчиками та зоною для пікніків. Тут часто проводять фестивалі, ярмарки та спортивні події. Місце стало улюбленим серед мешканців мікрорайону Поділля.', 'вулиця Зодчих, 18', 7, '2025-05-14 15:49:03', '/images/places/Вінничина/Парк Сонячний.jpg', '[0.25845014606272726,0.7433052846659841,0.30407061846103206,0.15626525196916582,0.5784574047455938,0.671971479272533,0.03812457488340945,0.32026347767225005,0.6662552816733553,0.4454248625501592,0.5745297146210985,0.3424547373002941,0.6061544697644388,0.3113275313748906,0.4861908278219311]'),
(133, 'Церква святого Миколая', 'дерев’яний храм XVIII століття ----- Побудований без єдиного цвяха, є зразком подільської дерев’яної архітектури. Оточений деревами, має дзвіницю, збережений автентичний інтер’єр.', 'село Селище, вулиця Центральна, 3', 7, '2025-05-14 15:49:03', '/images/places/Вінничина/Церква Селище.jpg', '[0.7018998371192804,0.5931471333944615,0.30605693832792275,0.4996590096903752,0.5753831168577581,0.7253007028744104,0.17618851593107343,0.6342705093766647,0.42538977975483244,0.2209168911734126,0.6905510047339498,0.7988053574080225,0.5005561402981161,0.11190614460206165,0.28296657951507415]'),
(134, 'Ставка Гітлера «Вервольф»', 'залишки нацистського командного пункту ----- Розташована у лісі поблизу Вінниці. Колись тут було понад 80 об’єктів, сьогодні збереглися фундаменти, бункери та бетонні конструкції. Діє меморіальний комплекс із музеєм.', 'село Стрижавка, вулиця Лісова, 1', 7, '2025-05-14 15:49:03', '/images/places/Вінничина/Ставка Вервольф.jpg', '[0.3685352933008943,0.4526780893235218,0.4005015424527154,0.15870984062944457,0.47813977263059915,0.4698756834865152,0.29388730223358767,0.22966059590166624,0.2703155557911661,0.36370818856867143,0.7114956637841696,0.7461189298901184,0.40784585630833575,0.37267916237714205,0.4912649729164261]'),
(135, 'Монастир-фортеця у Лядівці', 'монастир на скелі над Дністром ----- Заснований у XI столітті, частина комплексу вирубана в скелі. Має церкву, келії, джерело та чудовий краєвид. Місце паломництва і тиші.', 'село Лядова, вулиця Монастирська, 1', 7, '2025-05-14 15:49:03', '/images/places/Вінничина/Монастир Лядова.jpg', '[0.4718859316760048,0.5025788689934533,0.4072776375133309,0.7322910772802365,0.3553213136761346,0.6232984400682814,0.4511080627181865,0.8785103429243856,0.4022001841291637,0.43296649492717204,0.6187299209923938,0.4589981117756553,0.3914893272269475,0.335355005091338,0.2310566153769783]'),
(136, 'Тиврівський костел Архангела Михаїла', 'готичний храм XVIII століття ----- Має високу башту, вітражі, стрілчасті вікна. Поруч — монастирський комплекс та підземелля. Діючий храм із тривалою історією.', 'смт Тиврів, вулиця Шкільна, 9', 7, '2025-05-14 15:49:03', '/images/places/Вінничина/Костел Тиврів.jpg', '[0.6473072260438997,0.5466007010326064,0.23186225174109912,0.678042355796005,0.4780064831858785,0.7458209545524963,0.07791497185495376,0.3976074706107422,0.3510530068352695,0.47870637914402603,0.5718305140244677,0.6103894449971259,0.37966684076825563,0.40090275836983663,0.5698501453957792]'),
(137, 'Собор Преображення Господнього', 'головний православний собор Вінниці ----- Раніше — костел домініканців, пізніше переданий православній громаді. Має величну архітектуру, два куполи, внутрішній живопис. Розташований у центрі міста.', 'вулиця Соборна, 23', 7, '2025-05-14 15:49:03', '/images/places/Вінничина/Собор Преображення.jpg', '[0.4779657925606048,0.24607773743488723,0.43616958723829535,0.36777794999984326,0.30284118283190053,0.598160227280999,0.6834706825541154,0.17791059043807042,0.8019644176574594,0.5877155470976451,0.7615528458849221,0.4757508911320754,0.596847550497496,0.5995962490067597,0.42114580222667763]'),
(138, 'Парк «Поділля»', 'сучасний міський парк для активного дозвілля ----- Має велодоріжки, дитячі майданчики, зони відпочинку. Новий ландшафтний дизайн і освітлення. Один із наймолодших парків Вінниці.', 'вулиця Зодчих, 10', 7, '2025-05-14 15:49:03', '/images/places/Вінничина/Парк Поділля.jpg', '[0.3896956712921222,0.1665903273422673,0.32202563890074304,0.30478574707421696,0.5136155083140923,0.8416419144015787,0.44913657056661693,0.2529580763379385,0.5619650932915248,0.22058826718642272,0.9864937618310632,0.3549364700958957,0.43313168728989404,0.3440148696148044,0.6230033156248179]'),
(139, 'Музей ретро-техніки «Автомотовело-фото-телерадіо»', 'приватна колекція техніки XX століття ----- Представлено понад 500 експонатів: автомобілі, мотоцикли, радіоприймачі, фотоапарати. Музей цікавий для поціновувачів технічної історії.', 'вулиця Соборна, 43', 7, '2025-05-14 15:49:03', '/images/places/Вінничина/Музей техніки.jpg', '[0.503507272768147,0.3242736601761848,0.5873572328182964,0.44684559318845135,0.5717334859260634,0.9029120231161217,0.38457420321463726,0.21897122248430692,0.36698340554518877,0.6156807475775908,0.4557436703805512,0.47012653606316757,0.6108824994558473,0.7994937870742292,0.813318759675096]'),
(140, 'Водонапірна вежа', 'історична споруда початку XX століття ----- Побудована у 1912 році за проєктом архітектора Григорія Артинова, вежа стала однією з перших інженерних споруд сучасного водопостачання у Вінниці. Протягом століття виконувала різні функції — від водозабезпечення до спостережного пункту. Сьогодні в ній розміщено музей та культурний центр. Вежа є однією з архітектурних візитівок міста.', 'вулиця Миколи Оводова, 20, Вінниця', 7, '2025-05-14 15:49:03', '/images/places/Вінничина/Водонапірна вежа.jpg', '[0.26866370686157554,0.7393935342773915,0.492299256171489,0.6254239801329805,0.5955911255889701,0.25710084069908296,0.3520329004179296,0.5218851200513741,0.6600590352071446,0.2333184478022411,0.4683769221328239,0.8808375640763063,0.42413861278093307,0.7563153668751701,0.2321317614379925]'),
(141, 'Костел святого Йосипа у Шаргороді', 'пам’ятка сакральної архітектури XVII століття ----- Костел має масивні стіни, високу дзвіницю, підземелля. Всередині збереглися старовинні фрески. Один з небагатьох збережених храмів такого типу на Поділлі.', 'місто Шаргород, вулиця Князя Святослава, 5', 7, '2025-05-14 15:51:34', '/images/places/Вінничина/Костел Шаргород.jpg', '[0.40398560991887555,0.6018267206675837,0.22691398170992572,0.2680755243703675,0.352191216484815,0.4111657118603807,0.38856437592841037,0.8491720796197909,0.686756586233894,0.5430746659261527,0.3384895234687512,0.5440244016108924,0.7687593341682242,0.599908170990991,0.49690302572946027]'),
(142, 'Голубе озеро', 'мальовнича водойма з бірюзовою водою ----- Колишній гранітний кар’єр, що заповнився підземними водами. Популярне місце для купання, фото і відпочинку. Вода має незвичний колір через мінеральний склад.', 'село Черепашинці, вулиця Озерна', 7, '2025-05-14 15:51:34', '/images/places/Вінничина/Голубе озеро.jpg', '[0.6786308293263089,0.6421360845493211,0.37890695205167235,0.6224524013536938,0.753383463066021,0.3843201818903042,0.48573541432362916,0.6370139975386317,0.29109113098907685,0.6031272713986727,0.4234169328872426,0.34323799580150116,0.47339510071096225,0.5184778288302859,0.5942253297973291]'),
(143, 'Центральний парк культури і відпочинку', 'найбільший парк Вінниці ----- Має літню естраду, дитячі майданчики, кав’ярні. Площа понад 40 гектарів. Тут проходять міські події, виставки, фестивалі. У центрі — пам’ятник Коцюбинському.', 'вулиця Хлібна, 1', 7, '2025-05-14 15:51:34', '/images/places/Вінничина/Центральний парк.jpg', '[0.5586196832829856,0.24061914701118625,0.7964445901102227,0.4085329308653474,0.695498722975126,0.6897764653865501,0.5693252716873558,0.5895246254101708,0.378837733008297,0.6705652414239212,0.49879423299652076,0.20104061271345014,0.19168740722124958,0.41311362426817455,0.33527281935009706]'),
(144, 'Палац Мерінга у Немирові', 'велична резиденція кінця XIX століття ----- Побудований у стилі неоренесансу, палац оточений парком і є окрасою Немирова', 'місто Немирів, вулиця Горького, 1', 7, '2025-05-14 15:51:34', '/images/places/Вінничина/Палац Немирів.jpeg', '[0.7212910589561229,0.4779227056043571,0.3095761037904495,0.5298471640309851,0.12289236022887083,0.5769427705776384,0.4567649718377275,0.48129962646116303,0.47060438196356824,0.5181730989249519,0.5797849636433529,0.33619038484909275,0.699787061775276,0.24988595135494715,0.29748148902591987]'),
(145, 'Могилів-Подільський краєзнавчий музей', 'музей на півдні області з колекцією історії краю ----- Має експозиції про побут, ремесла, визвольні змагання, археологію. Розташований у старовинному будинку. Проводяться тематичні виставки.', 'місто Могилів-Подільський, вулиця Київська, 12', 7, '2025-05-14 15:51:34', '/images/places/Вінничина/Музей Могилів.jpg', '[0.39249052758758896,0.28888563976758774,0.13164036574763724,0.6352560327184194,0.8311398002295615,0.49469831639244766,0.5655061035522386,0.22281703058791813,0.2880953241783801,0.6037761481318742,0.09081856527288923,0.15388528727083753,0.3096521931706136,0.14555277767388106,0.35675237477811433]'),
(146, 'Печера Ямпільська', 'природна печера в лісі над Дністром ----- Утворилася в гіпсових породах, має галереї, нішу, природні склепіння. Місцеві жителі вважають її місцем сили. Вхід вільний, але рекомендується з ліхтарем.', 'село Гальжбіївка, урочище Печера', 7, '2025-05-14 15:51:34', '/images/places/Вінничина/Печера Ямпільська.jpeg', '[0.3934514414449353,0.34940661148261654,0.5253900393962657,0.6983499952133587,0.9341631412795316,0.046353100081448016,0.5433709048779113,0.46082198730330237,0.2821687341585349,0.365085308209773,0.4461232634258989,0.3113499830692487,0.09968719630240273,0.4449093883274187,0.46635498885790877]'),
(147, 'Станіславчикський водоспад', 'невеликий природний водоспад ----- Висота — близько 5 метрів, розташований серед скель. Вода падає в прозору заводь. Поруч — джерело та зручне місце для пікніків.', 'село Станіславчик, вулиця Джерельна', 7, '2025-05-14 15:51:34', '/images/places/Вінничина/Станіславчикський водоспад.webp', '[0.29340099543751585,0.6825973165605551,0.3913339437989026,0.8761292851785025,0.6697050057364978,0.7320783053564855,0.16643680064510194,0.1484191746959624,0.6589185235517362,0.4659290073870563,0.6550679513531866,0.6509066252187541,0.6550257267866062,0.5075310071770968,0.7450325920023583]');
INSERT INTO `places` (`placeID`, `name`, `description`, `address`, `cityID`, `addedDate`, `imagePath`, `featureVector`) VALUES
(148, 'Церква святого Іоанна Богослова', 'одна з найстаріших мурованих церков області ----- Збудована в XV столітті, поєднує риси готики та ренесансу. Має товсті стіни, бойові елементи, старовинні розписи. Розташована в історичній частині села.', 'село Мурафа, вулиця Церковна, 1', 7, '2025-05-14 15:51:34', '/images/places/Вінничина/Церква Мурафа.jpg', '[0.5513046716597705,0.7585108178826704,0.37055028900460096,0.6425525661979608,0.35615790350908405,0.2521716183746757,0.3568793661075547,0.5748778479861951,0.8552754321266526,0.3937879906779284,0.6765434289914452,0.45608147702623114,0.5180063649099667,0.5591640652160585,0.6255620600807815]'),
(149, 'Олешківське джерело', 'лікувальне джерело з легендами ----- Джерело має сильний напір і вважається цілющим. Навколо — альтанка, хрест, лавки. Популярне серед паломників і мандрівників.', 'село Олешківці, вулиця Джерельна', 7, '2025-05-14 15:51:34', '/images/places/Вінничина/Олешківське джерело.jpeg', '[0.49794002974460305,0.47487173650785347,0.15986347263781156,0.33544684268731173,0.3973005882404029,0.09411160352042039,0.3889568509497621,0.2899181437454373,-0.14722219204678091,0.5069966730462574,0.38644151556901496,0.6617681268225755,0.3619624185143811,0.6407751786275699,0.08434304595094581]'),
(150, 'Парк садиби Чечеля у Іллінцях', 'історичний парк зі старовинними деревами ----- Колись був частиною палацового комплексу магнатів. Зараз збереглись алеї, ставки, фрагменти ландшафтного дизайну. Відкритий для прогулянок і відпочинку.', 'місто Іллінці, вулиця Палацова', 7, '2025-05-14 15:51:34', '/images/places/Вінничина/Парк Чечеля.jpg', '[0.5747881646641657,0.5918858650930163,0.22809856342251256,0.5916827390258104,0.5219232783221258,0.5595375983774129,0.438695758503685,0.8544503962918601,0.5598573702033504,0.4016210792387143,0.3540989069796016,0.43542153810025547,0.312754963720962,0.570096662078856,0.6447514709860083]'),
(151, 'Фортечні вали', 'архітектурна пам’ятка оборонного типу ----- Частина фортифікаційної споруди XVIII століття, з якої почалась історія Кропивницького. Збереглись земляні вали, бастіони, фрагменти укріплень. На території — меморіал «Вічний вогонь».', 'вулиця Фортечна, Кропивницький', 8, '2025-05-14 15:53:39', '/images/places/Кіровоградщина/Фортечні вали.jpg', '[0.4027388951083688,0.31250943998219277,0.14794664737537913,0.06690992011313646,0.6050242224190971,0.9505034979123269,0.6230842902005579,0.2839770583486427,0.2744720373267349,0.453981471111644,0.09248994735879121,0.20694367806111566,0.3356033457379029,0.3010639473331023,0.5150934935122754]'),
(152, 'Кіровоградський обласний краєзнавчий музей', 'один із найстаріших музеїв області ----- У фондах — понад 100 000 експонатів, що висвітлюють природу, історію та культуру краю. Є зали археології, козацтва, визвольних змагань. Музей розташований у центрі Кропивницького.', 'вулиця Архітектора Паученка, 40, Кропивницький', 8, '2025-05-14 15:53:39', '/images/places/Кіровоградщина/Кіровоградський обласний краєзнавчий музей.jpg', '[0.4013666973223413,0.6892895975575528,0.5102499160997356,0.17235246374773652,0.6089390438736945,0.4964576876536612,0.45877136295472726,0.8198749042313591,0.22970822015159334,0.5014542650781324,0.16845350500112652,0.6772783324958246,0.5105027536751822,0.445290655386335,0.6508945119796173]'),
(153, 'Дендропарк у Кропивницькому', 'великий міський парк із квітковими алеями ----- Навесні тут висаджують понад мільйон тюльпанів. Парк має атракціони, кафе, зони для пікніка. Одне з найулюбленіших місць для прогулянок містян.', 'вулиця Михайлівська, 4, Кропивницький', 8, '2025-05-14 15:53:39', '/images/places/Кіровоградщина/Дендропарк.webp', '[0.6677393528292688,0.3421555384254522,0.8337523907625589,0.334831192154212,0.13099125477546875,0.34318728161787665,0.4634875763215065,0.5232761849433315,0.45384823939823016,0.8997143066171149,0.5452918279272426,0.6037882688367511,0.6594577135960398,0.476442960862347,0.5005102067110222]'),
(154, 'Хутір Надія', 'музей-заповідник родини Тобілевичів ----- Саме тут народився і жив Іван Карпенко-Карий. У комплексі збережено хату, театр, парк. Щороку проводиться Всеукраїнське свято театру «Вересневі самоцвіти».', 'село Миколаївка, вулиця Театральна, 1', 8, '2025-05-14 15:53:39', '/images/places/Кіровоградщина/Хутір Надія.jpg', '[0.5419409782867042,0.5920935643123768,0.08753556146644532,0.19331598133698166,0.4995635608369863,0.506869145477499,0.3347403503883561,0.8684303657741208,0.30754256095883603,0.38913607523414256,0.7216802627772713,0.633291518759492,0.03074596699704936,0.589992370818733,0.5779862249354356]'),
(155, 'Свято-Успенський собор', 'головний храм Кропивницького ----- Побудований у XIX столітті, прикрашений іконостасом, фресками, має дзвіницю. Собор є центром духовного життя міста. Розташований неподалік від площі Героїв Майдану.', 'вулиця Преображенська, 22, Кропивницький', 8, '2025-05-14 15:53:39', '/images/places/Кіровоградщина/Свято-Успенський собор.jpg', '[0.23212953638547834,0.21440967580303658,0.4868469672616312,0.8261004321339953,0.3987845142481731,0.7017606530324845,0.6640484901304692,0.3320148907560756,0.21831974590858516,0.26085246484031394,0.5665640220298469,0.4283735367496775,0.609844273519636,0.7541366810233863,0.5829938415946972]'),
(156, 'Музей Олександра Осмьоркіна', 'будинок-музей художника і педагога ----- У музеї представлені роботи Осмьоркіна, документи, архівні фотографії. Інтер’єр збережений у стилі початку ХХ століття. Будівля є пам’яткою архітектури.', 'вулиця Дворцова, 89, Кропивницький', 8, '2025-05-14 15:53:39', '/images/places/Кіровоградщина/Музей Осмьоркіна.jpg', '[0.5296545443054944,0.2911966983077748,0.4407236945466583,0.4285685060160786,0.28100791287788407,0.23478730036222312,0.22012228793776606,0.8548609997908235,0.6985249115698061,0.38360890152410526,0.5217597145305968,0.27193214588642556,0.3523041696091588,0.5533675505454406,0.44203389531782666]'),
(157, 'Палац графа Тарновського', 'палацовий комплекс XIX століття ----- Має неоготичні башти, парк, флігелі. Зараз тут діє школа мистецтв. Палац частково збережений, приваблює туристів своєю атмосферою.', 'село Талова Балка, вулиця Палацова, 2', 8, '2025-05-14 15:53:39', '/images/places/Кіровоградщина/Палац Тарновського.jpeg', '[0.5313207288899026,0.2992595908987359,0.8590942068270556,0.5304490531728646,0.6264896772149764,0.1499333880351632,0.9580009760620241,0.4575665941788612,0.39385687449761303,0.4565282510622163,0.4396468325569369,0.6214421447770527,0.3398997459496838,0.4250340580161747,0.5895612184809111]'),
(158, 'Арка Київської брами', 'історична арка XVIII століття ----- Побудована як частина укріплень при в\'їзді до міста. Виконана в стилі класицизму, вона слугувала символічною брамою. Сьогодні частково відновлена й доглянута, є пам’яткою архітектури.', 'вулиця Київська, Кропивницький', 8, '2025-05-14 15:53:39', '/images/places/Кіровоградщина/Київська брама.jpg', '[0.38610911058231406,0.8901867891086473,0.8057778373169584,0.379727004462357,0.6676841520867168,0.4173633077715145,0.06640519966606183,0.563854466901211,0.2496342067717341,0.4281829839268564,0.6413240593189211,0.4997979233355107,0.5412621730236893,0.46080625005844594,0.5516493038526917]'),
(159, 'Церква святого Миколая у Новгородці', 'історичний храм кінця XVIII століття ----- Одна з найстаріших церков області з унікальним іконостасом', 'смт Новгородка, вулиця Центральна, 3', 8, '2025-05-14 15:53:39', '/images/places/Кіровоградщина/Церква Новгородка.jpg', '[0.29190350057927095,0.3307826214690952,0.6131666912201964,0.6440099082469087,0.2827066548171936,0.4474310048015448,0.47583704905094826,0.5829111323563856,0.3700889145446038,0.5622131031851693,0.3894276788405695,0.3459615682054601,0.4502627885564475,0.5217435042821056,-0.20310642586506206]'),
(160, 'Регіональний ландшафтний парк «Гард»', 'унікальна природоохоронна територія ----- Розташований на гранітних берегах Південного Бугу. Має рідкісну флору, скелі, острови. Популярне місце серед екотуристів, байдарочників і дослідників природи.', 'село Березівка, вулиця Надбузька, 1', 8, '2025-05-14 15:53:39', '/images/places/Кіровоградщина/Парк Гард.jpg', '[0.4761415837628744,0.15737676014329938,0.5133669849802681,0.6447995986931647,0.5226003307417205,0.5938114687953937,0.5831059273331589,0.9192363019376955,0.5604812731114116,0.6232074215477097,0.5816467078933766,0.5095044074436901,0.3212825276124296,0.3493822855552977,0.4180896161771525]'),
(161, 'Морозівський кар\'єр', 'водойма з бірюзовою водою серед гранітних скель ----- Кар’єр утворився після видобутку граніту, нині затоплений. Популярне місце для купання, дайвінгу, фото та пікніків. Має прозору воду й мальовничі краєвиди.', 'село Морозівка, вулиця Кар\'єрна, 1', 8, '2025-05-14 15:57:46', '/images/places/Кіровоградщина/Морозівський кар\'єр.jpg', '[0.4684177517247516,0.6695343982923486,0.6415261138873044,0.6355173658808188,0.5387861799075493,0.47028493663314064,0.3911570967615578,0.5378059331386644,0.8861899516011034,0.3392307539602777,0.9179808276952275,0.6150081353824098,0.13437070086125397,0.4390100911084796,0.3245213467260714]'),
(162, 'Музей музичної культури імені К. Шимановського', 'єдиний музей класичної музики в області ----- Присвячений польському композитору Каролю Шимановському. У музеї експонуються старовинні музичні інструменти, партитури, фотографії, аудіозаписи.', 'вулиця Чміленка, 59', 8, '2025-05-14 15:57:46', '/images/places/Кіровоградщина/Музей Шимановського.jpg', '[0.4483980586995424,0.7585608484301741,0.6364560079838717,0.5329898710107805,0.21013126881774913,0.26149237926180385,0.1612685399615381,0.37975306981779255,0.30419558412587916,0.5383912607495255,0.6090783385444497,0.37012382335441985,1.0193257063167676,0.3532027739906241,0.6164028361359873]'),
(163, 'Палац князя Трубецького у Смоліні', 'садибний палац XIX століття ----- Побудований у стилі класицизму з великим парком та озерами', 'смт Смоліне, вулиця Палацова, 5', 8, '2025-05-14 15:57:46', '/images/places/Кіровоградщина/Палац Смоліне.jpg', '[0.3119143923505718,-0.28816990993669717,0.15764725729268972,0.2061250194250585,0.6105587630392812,0.5449580287144138,0.5243486871165394,0.0017912487315264582,0.0993091738100432,0.36416814626106075,0.23943742436210536,0.4877969317329124,0.7969582944792064,0.31542000672707243,0.43264251853394003]'),
(164, 'Парк Перемоги', 'великий зелений масив для прогулянок ----- Має алеї, озеро, спортивні майданчики. Восени парк особливо мальовничий. Підходить для активного та сімейного відпочинку.', 'вулиця Яновського, 51', 8, '2025-05-14 15:57:46', '/images/places/Кіровоградщина/Парк Перемоги.jpg', '[0.2954069502667295,0.3391352102760727,0.19512057678093472,0.14312931609321686,0.43392123236475577,0.3260434310780154,0.48314829248822694,0.28096586710316546,0.5003505376670088,0.08440479006624985,0.5559480794365766,0.3205257003784215,0.8584370349376674,0.49809154549840445,0.10836215621281532]'),
(165, 'Млин XVIII століття у Бобринецькому районі', 'старовинна промислова споруда ----- Кам’яна будівля з водяним колесом, частково збережена. Є пам’яткою технічної історії краю. Розташований біля річки.', 'село Рощахівка, вулиця Млинова, 2', 8, '2025-05-14 15:57:46', '/images/places/Кіровоградщина/Млин Бобринецький.jpg', '[0.7259045347147394,0.42751930990885595,0.7335593164857075,0.6545579046415865,0.4963542140957197,0.33086799186825716,0.7589375698318689,0.4846863202246873,0.9748460377806376,0.6050943228198508,0.5777824378865412,0.5233335943036713,0.5726247263923849,0.40604978027135546,0.33269568278144784]'),
(166, 'Свято-Покровський собор', 'один з найвідоміших храмів міста ----- Збудований у традиціях українського бароко. Має дзвіницю, розписаний інтер’єр, золочений купол. Є важливою духовною пам’яткою Кропивницького.', 'вулиця Велика Перспективна, 21', 8, '2025-05-14 15:57:46', '/images/places/Кіровоградщина/Покровський собор.jpg', '[0.18844355597562257,0.19287327596076184,0.2932857993288295,0.540475767760334,0.7328868718983217,0.4584696136697102,0.3326981346540008,0.31982827935795344,0.3224770188826026,0.2648335668019955,0.6213029344915607,0.7123218148114341,0.7609708682166161,0.8800400459479957,0.26500601709712046]'),
(167, 'Музей марципану', 'єдиний музей солодощів у регіоні ----- Розповідає про історію марципану, способи виготовлення, традиції. Є дегустаційна зала, сувенірна лавка, майстер-класи. Цікаво для дітей і дорослих.', 'село Обознівка, вулиця Солодка, 3', 8, '2025-05-14 15:57:46', '/images/places/Кіровоградщина/Музей марципану.jpg', '[0.22308120234899104,0.5722912373094986,0.6557385844765473,0.5197791499921672,0.5957094952727794,0.6848306321980057,0.5380649570356226,0.7104081344894445,0.5527094790859979,0.5599587003955312,0.37877417476217207,0.6559018345114711,0.41209703120862134,0.7340315704153016,0.5946076973159468]'),
(168, 'Сквер імені Тараса Шевченка', 'центральний сквер з пам’ятником Кобзареві ----- У центрі — пам’ятник Шевченку, лавки, квітники. Сквер — популярне місце зустрічей і культурних заходів. Розташований поблизу театру.', 'вулиця Шевченка, 6', 8, '2025-05-14 15:57:46', '/images/places/Кіровоградщина/Сквер Шевченка.jpg', '[0.5022334647111403,0.3421024744899066,0.8031816503624926,0.5146781134360844,0.3842826132199621,0.43181879527132794,0.4715195046411397,0.6355936909292089,0.1944341284612251,0.6527744452318269,0.19074260075325372,-0.009513313895705162,0.5553765242147553,0.05788199000948904,0.1169627740857986]'),
(169, 'Будинок братів Ельворті', 'промислова пам’ятка архітектури XIX століття ----- Заснований як частина заводу сільськогосподарських машин, будинок вирізняється архітектурною виразністю та історичним значенням', 'вулиця Євгена Тельнова, 1', 8, '2025-05-14 15:57:46', '/images/places/Кіровоградщина/Будинок Ельворті.jpg', '[0.3880967585735508,0.36757312934577674,0.6678268766214585,0.5262763064826095,0.44934397603596354,0.05096324224816758,0.38142047996209305,0.49989504855227607,0.7280593026065802,0.45997029804754225,0.40564902358343324,0.5411038310969981,0.6662252406506182,0.459170550478864,0.4927295017242777]'),
(170, 'Собор Різдва Богородиці у Новомиргороді', 'старовинний храм із мурованою дзвіницею ----- Побудований у середині XIX століття. Має класичний купол, іконостас, просторі інтер’єри. Є духовним центром містечка.', 'місто Новомиргород, вулиця Богородична, 2', 8, '2025-05-14 15:57:46', '/images/places/Кіровоградщина/Собор Новомиргород.jpg', '[0.5543380966530603,0.45796976737624423,0.5781908788943864,0.41211804036342076,0.09335175465775274,0.3204729881237336,0.7164863924701973,0.5914666682473907,0.6502997037561605,0.3239454478829197,0.6602010028938753,0.39621594360538426,0.40940534063841055,0.6135704165353381,0.7299725972897166]'),
(171, 'Кам’янець-Подільська фортеця', 'одна з найвідоміших фортець України ----- Фортеця розташована на скелястому півострові та має потужні башти, мури й ворота. Її історія сягає часів Київської Русі. Сьогодні це музей та локація для фестивалів, реконструкцій і зйомок.', 'місто Кам’янець-Подільський, вулиця Замкова, 1', 9, '2025-05-14 16:01:07', '/images/places/Хмельниччина/Кам’янецька фортеця.jpeg', '[0.43985340246125904,0.15773634032536138,0.8838839884969575,0.20660078779206267,0.19034659980095678,0.23742756967725784,0.6383965319753347,0.4200304554540311,0.06487987681359561,0.5023564528645689,0.4962932866281179,0.5953385159299571,0.7827659673685687,0.702155552260945,0.7388435414359255]'),
(172, 'Національний природний парк «Подільські Товтри»', 'унікальний геологічний і природний об’єкт ----- Складається з вапнякових хребтів, річкових долин, лісів і водоспадів. Підходить для походів, екотуризму, байдаркових сплавів. Найбільший природний парк в Україні.', 'село Велика Слобідка, вулиця Паркова, 1', 9, '2025-05-14 16:01:07', '/images/places/Хмельниччина/Подільські Товтри.jpg', '[0.626848836811315,0.9468663222601731,0.37680204147948615,0.47181828944333287,0.6519283265242196,0.7952072386442294,0.41271510417168855,0.3180335121681366,0.29582988441756103,0.543745468826273,0.49076499401372986,0.5036725036409042,0.4312800411184457,0.43278061444840077,0.5471170068465199]'),
(173, 'Парк імені Михайла Чекмана', 'головний парк Хмельницького ----- Має алеї, озеро, дитячі майданчики, зону для атракціонів. Розташований уздовж річки Південний Буг. Улюблене місце відпочинку мешканців.', 'вулиця Проскурівська, 103', 9, '2025-05-14 16:01:07', '/images/places/Хмельниччина/Парк Чекмана.jpg', '[0.46781123848906775,0.49776498706418293,0.2532589816591073,0.6618965874949821,0.40097449177089495,0.6222392585943103,1.0411957139084476,-0.16371964361350477,0.6305045706190544,0.4835524259116358,0.5530887434035665,0.532509089117297,0.20959941829804626,0.6821111955371846,0.30257759447252314]'),
(174, 'Меджибізька фортеця', 'фортеця на злитті Південного Бугу та Бужка ----- Одна з найдавніших кам’яних фортець України. Має монументальні стіни, башти, внутрішній двір. На території — музей історії фортифікації та Лабораторія Поділля.', 'смт Меджибіж, вулиця Замкова, 1', 9, '2025-05-14 16:01:07', '/images/places/Хмельниччина/Меджибізька фортеця.jpeg', '[0.37627596143172926,0.6195797359810387,0.94952600971267,0.5186279539849155,0.17078260036212517,0.20544699078026007,0.7698750535263112,0.2525832102006137,0.5344076328072149,0.5784573674694388,0.31690248282606853,0.7454776567815791,0.41681701609615024,0.2982439665050772,0.41662616972223165]'),
(175, 'Старе місто Кам’янця-Подільського', 'історичний центр із вуличками та храмами ----- Тут розташовані ратуша, собори, вірменський ринок, кам’яні будинки. Архітектура поєднує готику, ренесанс, бароко. Атмосфера європейського середньовічного міста.', 'місто Кам’янець-Подільський, вулиця Татарська, 5', 9, '2025-05-14 16:01:07', '/images/places/Хмельниччина/Старе місто.jpg', '[0.9483546683860946,0.13632719705879576,0.4941217212247466,0.2540419333134462,0.07847015498790337,0.6552171631076917,0.5132218676545602,0.49923483085273473,0.5414254847842629,0.9470351504219099,0.26472033514995386,0.23114531926190987,0.4180192846250075,0.7125793384881521,0.5791889160384935]'),
(176, 'Хмельницький обласний художній музей', 'осередок сучасного українського мистецтва ----- У фондах музею — понад 7000 творів, включаючи графіку, живопис, інсталяції. Постійно проводяться виставки, перформанси, освітні події. Розташований у центрі міста.', 'вулиця Проскурівська, 47', 9, '2025-05-14 16:01:07', '/images/places/Хмельниччина/Художній музей.jpg', '[0.38475511550950786,0.3318001798968557,0.5578212709310557,0.46554922576682495,0.6476255760865395,0.6293864776234886,0.31896943216833773,0.5682676238324066,0.6868498497719139,0.5275624291798426,0.6956647475381633,0.7429703559315047,0.20046255857730494,0.7940997598616343,0.439557047882139]'),
(177, 'Бакота', 'затоплене село з краєвидами над Дністром ----- Місце славиться скелями, оглядовими майданчиками, печерним монастирем. Туристи приїжджають сюди для спокійного відпочинку, наметів, купання. Бакота вважається «місцем сили».', 'село Бакота, вулиця Наддністрянська', 9, '2025-05-14 16:01:07', '/images/places/Хмельниччина/Бакота.jpg', '[0.4656316884016186,0.48439574477732655,0.28451695873151844,0.5193692053950034,0.5425830957835366,0.6950599618734317,0.5211496593643857,0.8879411906432836,0.8947744899758271,0.8281101927304424,0.2798702163977931,0.6743113856979793,0.5375872033165461,0.4694074679883928,0.6700160414218391]'),
(178, 'Печера Атлантида', 'триповерхова карстова печера з гіпсовими кристалами ----- Відкрита для туристичних маршрутів із гідом. Має сталактити, кристалічні зали, вузькі проходи. Вважається однією з найгарніших печер України.', 'село Завалля, вулиця Печерна, 2', 9, '2025-05-14 16:01:07', '/images/places/Хмельниччина/Печера Атлантида.jpg', '[0.4980528987532008,0.6102149608940368,0.7551284954829641,0.4813397530626521,0.5155085315819349,0.5946245947215191,0.4456558940598445,0.3086466292951803,0.6653938192149089,0.38523289044714376,0.7171629039243153,0.6661599256278432,0.30565388538377364,0.8912763718680221,0.3573570917930819]'),
(179, 'Костел Святого Йосипа', 'архітектурна домінанта Старого міста ----- Побудований у ХVII столітті, має елементи бароко та класицизму. Поруч — вежа з годинником, дзвіниця. Один з найвідоміших католицьких храмів області.', 'місто Кам’янець-Подільський, площа Польський ринок, 1', 9, '2025-05-14 16:01:07', '/images/places/Хмельниччина/Костел Йосипа.webp', '[0.41506349902148865,0.258585386079356,0.6101232886887855,0.6157837749198315,0.39298358539879935,0.39049948129248496,0.2548978479938943,0.4735323865488438,1.053411085130274,0.3985632376162866,0.5192583901716178,0.20424212917008697,0.8870169316207434,0.4844590269194957,0.39093775017455457]'),
(180, 'Фонтан на майдані Незалежності', 'центральна прикраса вечірнього міста ----- Сучасний фонтан із підсвіткою, музикою й програмованими струменями. Особливо ефектно виглядає вночі. Улюблене місце зустрічей та фотографій.', 'майдан Незалежності', 9, '2025-05-14 16:01:07', '/images/places/Хмельниччина/Фонтан Хмельницький.jpg', '[-0.15976548285034303,0.35868678842360435,0.5478884838942025,0.5364037356482703,0.689022744491505,0.5735964317173791,0.7970084261304751,0.7932896417360029,0.13191755451849585,0.5611968788735606,0.46950964244506754,0.056565896641811414,0.5182708288578451,0.3647619211061083,0.23569077914323477]'),
(181, 'Палац Орловських у Маліївцях', 'садибний палац у стилі класицизму ----- Побудований у XVIII столітті, оточений мальовничим парком із водоспадом і скелею, має вишукану архітектуру', 'село Маліївці, Дунаєвецький район, вул. Палацова, 1', 9, '2025-05-14 16:05:15', '/images/places/Хмельниччина/Палац Орловських.jpg', '[0.5819683575373984,0.5883149344797585,0.700924675865202,0.5816448138860779,0.27933775017433937,0.3006935068626789,0.2812316830626644,0.4154196658866627,0.10778468710749033,0.8100049919932109,0.5438264501812294,0.17966137612633998,0.6484244091823854,0.217955392539592,0.2862725848173307]'),
(182, 'Ратуша в Кам’янці-Подільському', 'одна з найстаріших ратуш України ----- Побудована у XIV–XV століттях на Польському ринку. Має вежу з годинником, балкон, фігури та музей. Ратуша є символом міста та місцем проведення подій.', 'місто Кам’янець-Подільський, площа Польський ринок, 2', 9, '2025-05-14 16:05:15', '/images/places/Хмельниччина/Ратуша Кам’янець.jpg', '[0.5074660972434313,0.6496183191851382,0.4943799460584705,0.8244627155975467,0.650297299356571,0.2927179979934975,0.9495735395649838,0.7924312174711736,0.6347405465357501,0.33402149913947154,0.34864800739854784,0.5556639036043729,0.37962949472009516,0.5456013585492107,0.4328840555124334]'),
(183, 'Хмельницький академічний музично-драматичний театр', 'головна сцена області ----- Театр має багату історію та сучасний репертуар. В репертуарі — класика, сучасні драми, мюзикли. Проводяться фестивалі, гастролі, прем’єри.', 'вулиця Соборна, 60', 9, '2025-05-14 16:05:15', '/images/places/Хмельниччина/Театр Хмельницький.jpg', '[0.5514031537439114,0.7517983247965356,0.2220293056664542,0.688603592719637,0.7108347889342783,0.38765599186006094,0.41023474893234774,0.5926718653577266,0.19971263575569967,0.030094164809332323,0.4783426499139592,0.14638722735061785,0.3696665770690198,0.6050144676168505,0.3739876819591161]'),
(184, 'Музей-студія фотомистецтва', 'унікальний музей фотографії ----- Представлено ретро-камери, світлини ХХ століття, сучасне мистецтво. Часто проводяться виставки, майстер-класи та конкурси. Один із небагатьох спеціалізованих музеїв в Україні.', 'вулиця Проскурівська, 56', 9, '2025-05-14 16:05:15', '/images/places/Хмельниччина/Музей фотомистецтва.jpg', '[0.7449087322404359,0.1324581937030902,0.707430302746275,0.6357753881229179,0.48151324662762307,0.2449687612028653,0.39510056817665673,0.8956431476037526,0.34095900052298556,0.3462455315703701,0.46439662006376903,0.11967702528011416,0.650475087453059,0.6185532981608965,0.3901988983739048]'),
(185, 'Водоспад Бурбун', 'природний водоспад серед лісу ----- Висота понад 10 метрів, створений на гіпсових породах. Оточений скелями, деревами, мохом. Популярний серед туристів, фотографів, мандрівників.', 'село Лисець, урочище Бурбун', 9, '2025-05-14 16:05:15', '/images/places/Хмельниччина/Водоспад Бурбун.jpg', '[0.7233879147620609,0.5085019912720385,0.5135921014118802,0.30823208461156576,0.36711700394209484,0.5693790965488412,0.5165980883187958,0.5507718098782667,0.6765684998236868,0.8270023010656707,0.5082062331679909,0.3254290463196641,-0.31285564857942116,0.5277115319754153,0.525348525726977]'),
(186, 'Костел святого Архангела Михаїла', 'бароковий храм у Меджибожі ----- Побудований у XVII столітті, має білосніжні фасади, колони, розписи. Один з небагатьох збережених костелів Поділля. Зараз діє як релігійна громада.', 'смт Меджибіж, вулиця Центральна, 5', 9, '2025-05-14 16:05:15', '/images/places/Хмельниччина/Костел Меджибіж.jpg', '[0.6662810181374571,0.3693522034064078,0.9504528387766951,0.6748700326066492,0.7480331165621154,0.31610536700680353,0.5400596941181203,0.3601167980291274,0.479331974889394,0.4539902434208518,0.3541913961961323,0.708198858360318,0.4877408124273769,0.6897558417686678,0.5906364699451124]'),
(187, 'Смотрицький каньйон', 'каньйон із мостами, скелями та фортецею ----- Його глибина досягає 40 метрів. По краях — старе місто, мости, мури. Унікальне поєднання природи й історії. Часто використовується для сплавів та екскурсій.', 'місто Кам’янець-Подільський, вулиця Руська', 9, '2025-05-14 16:05:15', '/images/places/Хмельниччина/Смотрицький каньйон.jpg', '[0.5771383919764497,0.5395667380556709,0.6887760582093182,0.3592392662058339,0.4004644830705753,0.35907420112633226,0.2870192992683308,0.6958034643980839,0.38675472766103763,0.35682646822554337,0.6181413545791441,0.777065395093016,0.2796691262961371,0.7595825905629481,0.5394507148142985]'),
(188, 'Парк ім. Франка', 'зелений парк у центрі Хмельницького ----- Тут встановлено пам’ятник Івану Франку, квітники, лавки, дитячі зони. Парк часто слугує місцем святкових заходів. Добре підходить для відпочинку в місті.', 'вулиця Грушевського', 9, '2025-05-14 16:05:15', '/images/places/Хмельниччина/Парк Франка.jpg', '[0.33858936298117165,0.6239057894270147,0.5992349709803904,0.6286217218795683,0.520886592927933,0.6023308377689426,0.3730382593734276,0.6710498352176725,1.0160523429160135,0.7251618824999245,0.4258417182102227,0.4098698870179665,0.4025400378576977,0.6527623756316687,0.37948108822558185]'),
(189, 'Музей старожитностей у Сутківцях', 'невеликий сільський музей із цікавими експонатами ----- Тут зібрано предмети побуту, речі селян, фотографії та архіви. Музей розташований біля знаменитої оборонної церкви. Проводяться шкільні екскурсії та лекції.', 'село Сутківці, вулиця Музейна, 1', 9, '2025-05-14 16:05:15', '/images/places/Хмельниччина/Музей Сутківці.jpg', '[0.8080461689629016,0.4648357995850933,0.4210666889344718,0.38638854636093295,0.5239576043180559,0.4018625435642981,0.42190456556592665,0.7116516811707451,0.7691643430499765,0.32440749084089493,0.7304642984823716,0.5541347619240713,0.01944508854429257,0.28442431616427166,0.5891024633623249]'),
(190, 'Синагога-фортеця у Сатанові', 'унікальна оборонна сакральна споруда XVI століття ----- Побудована з товстими стінами для захисту єврейської громади, є історичним символом Сатанова', 'смт Сатанів, вул. Подільська, 3', 9, '2025-05-14 16:05:15', '/images/places/Хмельниччина/Синагога Сатанів.jpg', '[0.11889233596617667,0.4269058043252267,0.2654739096914844,0.33102116232327367,0.6361456423631663,0.6428748755167688,0.5900494287017197,0.5401603070576153,0.6048948733872563,0.09162567205071696,0.38810706103801845,0.6462559558033709,0.5022827812660661,0.7399473006088289,0.6665285963182177]'),
(191, 'Острів кохання на Південному Бузі', 'романтична локація серед води ----- Невеликий острів із пішохідним мостом, лавками, деревами. Увечері підсвічується. Популярне місце для прогулянок пар і фотосесій.', 'парк імені Чекмана', 9, '2025-05-14 16:09:51', '/images/places/Хмельниччина/Острів кохання.jpg', '[0.46587885118616645,0.19976411347434803,0.5857811343057838,0.45398579659847194,0.0772090936748711,0.5797412962998845,0.7097850537482423,0.7832247303783234,0.9403233751472104,0.16855681772298925,0.5896960854142549,0.5881775796919694,0.41206289972798005,0.7682656202021909,0.40646110506981087]'),
(192, 'Кам’янецький міст «Лань, що біжить»', 'унікальний міст зі скульптурою оленя ----- Міст через каньйон, прикрашений символом міста — стрибучою ланню. Вигляд з нього відкриває панораму старого міста. Популярне місце для фото.', 'місто Кам’янець-Подільський, вулиця Замкова', 9, '2025-05-14 16:09:51', '/images/places/Хмельниччина/Лань що біжить.jpg', '[0.5268942509111801,0.6034352878012481,0.6499669073564391,0.5326696083372603,0.5973626534851868,0.5119756628330091,0.15033455275384727,0.139186956104509,0.5763523688234526,0.6904346493362309,0.4634892804462895,0.7779769516589446,0.7538781318148602,0.6141927680447463,0.36210106772868694]'),
(193, 'Печера Вертеба-2', 'нововідкрита природна пам’ятка Поділля ----- Гіпсова печера з природними галереями, сталактитами та мінеральними утвореннями. Відкрита для спелеотурів і дослідників. Має унікальну екосистему.', 'село Стара Ушиця, вулиця Печерна, 5', 9, '2025-05-14 16:09:51', '/images/places/Хмельниччина/Печера Вертеба-2.jpg', '[0.33563032509995916,0.6558928168510078,0.10750509359322952,0.39450933480248374,0.5168435511116587,0.5469124552539111,0.7640799548039812,0.007996355042037209,0.18312032285343732,0.26523773321695365,0.5102698415949126,0.523432271816517,0.29279694008674984,0.7427042437508422,0.713635254255701]'),
(194, 'Замок у Сатанові', 'фортифікаційна пам’ятка Поділля ----- Замок побудовано у XVI столітті, залишки мурів і веж збереглися на пагорбі над Збручем', 'смт Сатанів, вул. Замкова, 2', 9, '2025-05-14 16:09:51', '/images/places/Хмельниччина/Замок Сатанів.jpg', '[0.49254730814199205,0.35362640617282504,0.5278926179800078,0.6329480798792905,0.5273717377097407,0.2689196659910692,0.8209640817618606,0.4923687008469255,0.4661058934257425,0.871684984553394,0.31602816884749446,0.3390416901255672,0.8523787191308556,0.5051354919590099,0.6216770590112408]'),
(195, 'Парк-сквер Героїв Майдану', 'сучасний меморіальний простір у центрі ----- Встановлено пам’ятний знак, лавки, підсвітку. Тут відбуваються громадські події, покладання квітів. Стриманий і доглянутий зелений простір.', 'вулиця Свободи', 9, '2025-05-14 16:09:51', '/images/places/Хмельниччина/Сквер Героїв Майдану.jpg', '[0.48419626066384425,0.270623286384742,0.5850257252175657,0.06524694344541587,0.39357423758657817,0.5942428930579495,1.0487349756640958,0.5443278970331621,0.6364723948971904,0.3572084960869367,0.4378367293476769,0.4207178032607017,0.1620863049794085,0.5177483379270147,0.5725707808603243]'),
(196, 'Скеля Кам’яна Гора', 'місце сили біля Дністра ----- Природна скеля, з якої відкривається вид на Бакотську затоку. Часто відвідується йогами, мандрівниками. Поруч — місця для кемпінгу.', 'село Велика Слобідка, урочище Кам’яна Гора', 9, '2025-05-14 16:09:51', '/images/places/Хмельниччина/Кам’яна гора.jpg', '[0.5205240407616951,0.38130045487995123,0.48312353078198983,0.5611060247479468,0.44871648767147404,0.14221012678278835,0.7797522720759186,0.46201074595324654,0.4310218935383631,0.5510684277488878,0.5755826099895994,0.7597827965743053,0.12158368712545564,0.8856901958634364,0.41801482692194264]'),
(197, 'Водонапірна башта Хмельницького', 'історична індустріальна споруда ----- Побудована наприкінці XIX століття, нині використовується як оглядовий майданчик і виставковий простір. Має цегляну кладку, металеву конструкцію, історичне значення.', 'вулиця Володимирська, 103', 9, '2025-05-14 16:09:51', '/images/places/Хмельниччина/Водонапірна башта.jpg', '[0.44884257186308846,0.48320231719734624,0.46085496447798874,0.582237409972989,0.1320452760796251,0.43081337572517847,0.41329172889572807,0.3045341938300852,0.28427052050332857,0.1005261960478726,0.3667210809788923,0.5183588420892657,0.39521315325361683,0.6487571780347036,0.6387612697924595]'),
(198, 'Ботанічний сад Подільського університету', 'навчально-науковий сад з рідкісними рослинами ----- Розташований біля аграрного вишу. Є колекція дерев, кущів, трав’янистих рослин. Доступний для відвідувань та навчання.', 'місто Кам’янець-Подільський, вулиця Шевченка, 13', 9, '2025-05-14 16:09:51', '/images/places/Хмельниччина/Ботсад Кам’янець.jpeg', '[0.5414128852579057,0.4469180424725408,0.41247141836614937,0.49871938973722485,0.5818869941903738,0.5769676013212378,0.3530273830354043,-0.037904340388947924,0.7583563436102989,0.40460455749043744,0.15101459925566557,0.27260461847446554,0.4279945461220042,0.3896043651857096,0.7300202972525168]'),
(199, 'Церква Святого Духа у Сутківцях', 'оборонна церква XIV століття ----- Один із рідкісних прикладів храму-фортеці. Має товсті стіни, бійниці, готичні елементи. Входить до переліку національних пам’яток.', 'село Сутківці, вулиця Святодухівська, 1', 9, '2025-05-14 16:09:51', '/images/places/Хмельниччина/Церква Сутківці.jpg', '[0.711323199675191,0.46341109478785164,0.38353332489940223,0.6391507254594461,0.1124990258222375,0.775500218342821,0.1304788599164221,0.39522399715794443,0.12357030145209717,0.6027999060164188,0.6766097855583711,0.42459643170262085,0.4790870706198615,0.3716103108425394,0.570168309618067]'),
(200, 'Триніг над Дністром', 'скельна формація у вигляді триноги ----- Природна пам’ятка серед подільських скель. За легендою, це слід гіганта. Місце має магнетичну атмосферу й унікальний ландшафт.', 'село Врублівці, урочище Триніг', 9, '2025-05-14 16:09:51', '/images/places/Хмельниччина/Триніг.jpg', '[0.09884337004417569,0.7514986496632446,0.49602905860302393,0.5238330881343841,0.6646058596389096,0.4815595602152813,0.22937404445117096,0.6747629313388477,0.671288041056146,0.4912653194672717,0.5435602424456923,0.6754802187653832,0.38447316188426467,0.43088347111527026,0.7224885610202952]');

-- --------------------------------------------------------

--
-- Структура таблиці `placetag`
--

CREATE TABLE `placetag` (
  `placetag` int(11) NOT NULL,
  `placeID` int(11) NOT NULL,
  `tagID` int(11) NOT NULL
) ENGINE=InnoDB DEFAULT CHARSET=utf8mb4 COLLATE=utf8mb4_general_ci;

--
-- Дамп даних таблиці `placetag`
--

INSERT INTO `placetag` (`placetag`, `placeID`, `tagID`) VALUES
(1, 1, 1),
(2, 1, 3),
(3, 2, 1),
(4, 2, 3),
(5, 3, 1),
(6, 3, 4),
(7, 3, 6),
(8, 4, 1),
(9, 5, 3),
(10, 6, 1),
(11, 6, 3),
(12, 7, 5),
(13, 8, 2),
(14, 9, 1),
(15, 9, 3),
(16, 10, 1),
(17, 11, 5),
(18, 12, 1),
(19, 12, 4),
(20, 13, 5),
(21, 13, 6),
(22, 14, 1),
(23, 15, 1),
(24, 16, 2),
(25, 17, 2),
(26, 17, 6),
(27, 18, 2),
(28, 19, 3),
(29, 20, 2),
(30, 20, 4),
(31, 31, 1),
(32, 31, 4),
(33, 32, 1),
(34, 32, 4),
(35, 33, 1),
(36, 33, 5),
(37, 34, 1),
(38, 34, 3),
(39, 35, 1),
(40, 35, 3),
(41, 36, 2),
(42, 36, 5),
(43, 21, 2),
(44, 21, 4),
(45, 22, 1),
(46, 23, 4),
(47, 24, 2),
(48, 25, 2),
(49, 26, 5),
(50, 27, 1),
(51, 27, 3),
(52, 28, 5),
(53, 29, 1),
(54, 30, 1),
(55, 30, 4),
(56, 28, 6),
(57, 14, 6),
(58, 37, 1),
(59, 37, 2),
(60, 37, 3),
(61, 38, 2),
(62, 39, 1),
(63, 39, 3),
(64, 40, 1),
(65, 40, 2),
(66, 41, 1),
(67, 41, 3),
(68, 41, 6),
(69, 42, 1),
(70, 42, 4),
(71, 43, 5),
(72, 44, 2),
(73, 45, 1),
(74, 45, 4),
(75, 46, 1),
(76, 46, 6),
(77, 47, 1),
(78, 47, 3),
(79, 48, 1),
(80, 48, 3),
(81, 49, 5),
(82, 50, 2),
(83, 50, 6),
(84, 51, 1),
(85, 51, 5),
(86, 52, 1),
(87, 52, 2),
(88, 53, 1),
(89, 54, 1),
(90, 54, 3),
(91, 55, 1),
(92, 55, 5),
(93, 55, 6),
(94, 56, 1),
(95, 56, 3),
(96, 56, 6),
(97, 57, 1),
(98, 57, 6),
(99, 58, 1),
(100, 58, 5),
(101, 58, 6),
(102, 59, 5),
(103, 60, 5),
(104, 61, 1),
(105, 61, 4),
(106, 62, 1),
(107, 63, 1),
(108, 63, 4),
(109, 64, 5),
(110, 65, 2),
(111, 65, 6),
(112, 66, 1),
(113, 66, 6),
(114, 67, 5),
(115, 67, 6),
(116, 68, 1),
(117, 68, 6),
(118, 69, 1),
(119, 70, 5),
(120, 71, 2),
(121, 71, 4),
(122, 72, 1),
(123, 72, 3),
(124, 73, 5),
(125, 74, 1),
(126, 75, 1),
(127, 75, 3),
(128, 76, 1),
(129, 76, 3),
(130, 76, 6),
(131, 77, 5),
(132, 77, 6),
(133, 78, 5),
(134, 79, 2),
(135, 79, 6),
(136, 80, 5),
(137, 80, 6),
(138, 81, 2),
(139, 81, 4),
(140, 82, 1),
(141, 82, 3),
(142, 83, 1),
(143, 84, 1),
(144, 84, 3),
(145, 85, 5),
(146, 85, 6),
(147, 86, 5),
(148, 86, 6),
(149, 87, 5),
(150, 87, 6),
(151, 88, 5),
(152, 88, 6),
(153, 89, 1),
(154, 90, 1),
(155, 90, 6),
(156, 91, 1),
(157, 92, 1),
(158, 92, 3),
(159, 93, 5),
(160, 94, 1),
(161, 94, 2),
(162, 95, 5),
(163, 95, 6),
(164, 96, 1),
(165, 96, 4),
(166, 97, 5),
(167, 98, 1),
(168, 99, 5),
(169, 100, 1),
(170, 101, 5),
(171, 102, 1),
(172, 102, 3),
(173, 103, 5),
(174, 103, 6),
(175, 104, 3),
(176, 105, 1),
(177, 105, 6),
(178, 106, 1),
(179, 106, 3),
(180, 106, 6),
(181, 107, 5),
(182, 108, 1),
(183, 108, 6),
(184, 109, 1),
(185, 109, 2),
(186, 109, 6),
(187, 110, 5),
(188, 111, 2),
(189, 112, 2),
(190, 112, 6),
(191, 113, 1),
(192, 113, 3),
(193, 113, 6),
(194, 114, 2),
(195, 114, 5),
(196, 114, 6),
(197, 115, 1),
(198, 115, 3),
(199, 116, 1),
(200, 116, 6),
(201, 117, 1),
(202, 117, 6),
(203, 118, 2),
(204, 118, 6),
(205, 119, 5),
(206, 119, 6),
(207, 120, 5),
(208, 121, 4),
(209, 122, 2),
(210, 122, 5),
(211, 123, 2),
(212, 124, 1),
(213, 125, 2),
(214, 125, 6),
(215, 126, 1),
(216, 126, 3),
(217, 127, 5),
(218, 127, 6),
(219, 128, 1),
(220, 128, 6),
(221, 129, 2),
(222, 129, 6),
(223, 130, 5),
(224, 130, 6),
(225, 131, 1),
(226, 132, 5),
(227, 133, 1),
(228, 133, 3),
(229, 134, 2),
(230, 134, 6),
(231, 135, 1),
(232, 135, 3),
(233, 136, 1),
(234, 136, 3),
(235, 137, 1),
(236, 137, 3),
(237, 138, 5),
(238, 139, 2),
(239, 139, 6),
(240, 140, 1),
(241, 140, 6),
(242, 141, 1),
(243, 141, 3),
(244, 142, 5),
(245, 142, 6),
(246, 143, 5),
(247, 144, 1),
(248, 145, 2),
(249, 146, 5),
(250, 146, 6),
(251, 147, 5),
(252, 147, 6),
(253, 148, 1),
(254, 148, 3),
(255, 149, 5),
(256, 149, 6),
(257, 150, 5),
(258, 150, 6),
(259, 151, 1),
(260, 152, 2),
(261, 153, 5),
(262, 154, 2),
(263, 154, 4),
(264, 154, 5),
(265, 155, 1),
(266, 155, 3),
(267, 156, 2),
(268, 156, 1),
(269, 156, 6),
(270, 157, 1),
(271, 157, 6),
(272, 158, 1),
(273, 159, 1),
(274, 159, 3),
(275, 160, 5),
(276, 160, 6),
(277, 161, 5),
(278, 161, 6),
(279, 162, 2),
(280, 162, 4),
(281, 162, 6),
(282, 163, 1),
(283, 163, 6),
(284, 164, 5),
(285, 165, 1),
(286, 165, 6),
(287, 166, 1),
(288, 166, 3),
(289, 167, 2),
(290, 167, 6),
(291, 168, 5),
(292, 169, 1),
(293, 169, 6),
(294, 170, 1),
(295, 170, 3),
(296, 171, 1),
(297, 171, 2),
(298, 172, 5),
(299, 173, 5),
(300, 174, 1),
(301, 174, 2),
(302, 175, 1),
(303, 176, 2),
(304, 176, 4),
(305, 177, 5),
(306, 177, 6),
(307, 178, 5),
(308, 178, 6),
(309, 179, 1),
(310, 179, 3),
(311, 180, 4),
(312, 181, 1),
(313, 181, 6),
(314, 182, 1),
(315, 182, 2),
(316, 183, 4),
(317, 184, 2),
(318, 184, 4),
(319, 184, 6),
(320, 185, 5),
(321, 185, 6),
(322, 186, 1),
(323, 186, 3),
(324, 187, 5),
(325, 188, 5),
(326, 189, 2),
(327, 189, 6),
(328, 190, 1),
(329, 190, 3),
(330, 190, 6),
(331, 191, 5),
(332, 191, 6),
(333, 192, 1),
(334, 193, 5),
(335, 193, 6),
(336, 194, 1),
(337, 194, 6),
(338, 195, 5),
(339, 196, 5),
(340, 196, 6),
(341, 197, 1),
(342, 198, 5),
(343, 199, 1),
(344, 199, 3),
(345, 200, 5),
(346, 200, 6);

-- --------------------------------------------------------

--
-- Структура таблиці `tags`
--

CREATE TABLE `tags` (
  `tagID` int(11) NOT NULL,
  `name` varchar(100) NOT NULL
) ENGINE=InnoDB DEFAULT CHARSET=utf8mb4 COLLATE=utf8mb4_general_ci;

--
-- Дамп даних таблиці `tags`
--

INSERT INTO `tags` (`tagID`, `name`) VALUES
(1, 'Архітектура'),
(2, 'Музей'),
(3, 'Релігія'),
(4, 'Мистецтво'),
(5, 'Природа'),
(6, 'Маловідоме місце');

-- --------------------------------------------------------

--
-- Структура таблиці `users`
--

CREATE TABLE `users` (
  `userID` int(11) NOT NULL,
  `name` varchar(100) NOT NULL,
  `email` varchar(100) NOT NULL,
  `password` varchar(100) NOT NULL,
  `cityID` int(11) NOT NULL DEFAULT 1,
  `featureVector` longtext CHARACTER SET utf8mb4 COLLATE utf8mb4_bin DEFAULT NULL CHECK (json_valid(`featureVector`))
) ENGINE=InnoDB DEFAULT CHARSET=utf8mb4 COLLATE=utf8mb4_general_ci;

--
-- Дамп даних таблиці `users`
--

INSERT INTO `users` (`userID`, `name`, `email`, `password`, `cityID`, `featureVector`) VALUES
(1, 'Ганна', 'test1@gmail.com', '1', 3, '[0.43375076885717284,0.6871239325580483,0.3349886511039695,0.7795428462094024,0.4001858768736321,0.19179242453932027,0.2900913114388021,0.7332372541615372,0.9608203453447045,0.36579520125312137,0.24733471230134982,0.42264558181339174,0.9362468821131346,0.43774773560956576,0.43966325460050676]'),
(2, 'Василь', 'test2@gmail.com', '1', 1, '[-0.012316710952759255,0.18752579593754118,0.44309946490429963,1.1925368708712993,0.7296203368323032,0.6231481506696672,0.1422556312801755,0.2903711477130605,0.3734592988502811,-0.49305314319026655,0.7494535680699349,0.04379548007638132,0.23571777019959003,0.2897773768076433,0.20879278074562818]'),
(3, 'Марія', 'test3@gmail.com', '1', 1, '[-0.2525732718220459,0.9431326907261917,0.8513867157184364,0.4303040087633558,0.7788173761215963,0.2724949936770952,0.24417730499250742,0.4106239571403946,0.21086776081053338,0.6633197229527621,0.21695273557544023,0.298909130183265,0.5711467217107573,0.8004636287290139,0.6458293488267963]'),
(4, 'Петро', 'test4@gmail.com', '1', 1, '[1.0205432254379514,-0.08421924125191291,0.19527531140094906,0.3781763107362672,-0.01933528811367481,0.28071334507037554,-0.4000725787574527,1.1796508407354922,0.8568941312040447,0.518999295555538,0.6473726015934165,0.6699135523870158,0.11565039314291387,0.6526725346135526,0.6479363958904888]'),
(5, 'Ольга', 'test5@gmail.com', '1', 1, '[0.7821582003702903,1.2766351879781548,0.09450499882252354,-0.5067589773153547,0.1825591612460126,0.5746048411777605,0.26761092879964204,0.6778324590360449,0.7313724218413155,0.11538201513240748,0.9005646886166122,0.997916212329744,-0.09468649793785108,0.4846988438332309,0.7495891649109819]'),
(6, 'Григорій', 'test6@gmail.com', '1', 2, '[0.2269158077996714,1.106184491438248,-0.031085213316809815,0.9151317597092471,0.8274062161879432,1.1954754189699621,1.0104544542929388,0.9324017416135193,-0.10008728191271957,0.22439822853158697,0.29041549527181443,0.508570553201193,-0.4181516632001205,0.3871939915709603,0.3320775885427465]'),
(7, 'Надія', 'test7@gmail.com', '1', 9, '[0.623346418855161,0.5168616077034374,0.7969431381484323,-0.057263111203562776,0.8190350896718765,-0.19064007518513185,0.9113586195103901,0.6594780581808344,0.3995312692295498,0.3124782118525241,0.5741397870707029,0.2833701413085272,0.37515915460881105,-0.3292462990029008,1.223116124971024]'),
(8, 'Олександр', 'test8@gmail.com', '1', 1, '[-0.12764424777301075,-0.3398127525674619,0.2643423006897991,0.4130965701597979,0.25600960436514625,0.8896507795909078,0.8410931290601327,0.39861435103386406,0.8405855240262406,0.5581660266337776,0.7753494890342975,-0.27632088756772594,1.387048198244607,0.7788709949326356,0.09656832756228094]'),
(9, 'Ніна', 'test9@gmail.com', '1', 1, '[0.7847586617643825,-0.07531203172658006,0.3597060675506691,0.7603137916256655,0.7411957329443379,0.6638213092151849,1.3528974019071336,0.5141732891704517,1.0805584667919965,0.058208282901287406,0.14311597533190348,0.6281444668248105,-0.01866670393061227,-0.3116179772489709,-0.05147909317770045]'),
(10, 'Микола', 'test10@gmail.com', '1', 1, '[0.6308693840067005,1.1634978197083565,1.2054875921522692,0.8090075771527436,-0.16237100054796255,0.751677675287641,0.6074824398449631,-0.746179270955276,0.1486997890407441,0.4519729371245025,0.3793374833224945,0.265444553852041,0.5673264709846693,0.022408717058530897,0.38304462666489014]'),
(11, 'Світлана', 'test11@gmail.com', '1', 1, '[0.30001936174757177,0.11896529113664345,1.3729360504853418,0.5301185169875393,0.6090832949419065,-0.24829613484797955,0.685621226462384,0.39160530259537896,-0.35413780246685195,0.7577185414617349,0.3394519994167989,-0.40086203248747754,0.4789483295577965,1.0004396462150955,-0.3317994931619868]'),
(12, 'Іван', 'test12@gmail.com', '1', 1, '[1.1253990457111585,-0.10680127282021754,0.4684578646128409,0.9913555505429064,0.9961238043796387,-0.19651101351718037,-0.19185099128569977,-0.06690719074646295,0.1371173832418236,0.3460735607518696,1.286172448628159,0.6336131432746235,0.6816393628694409,0.2063590847269321,0.28034963077031183]'),
(13, 'Наталія', 'test13@gmail.com', '1', 1, '[0.16530166124649828,-0.17111337180962413,0.3475329569929895,1.3905538994140787,0.40295768860620146,0.1610397120937724,-0.1862316263794,0.9046244568009952,0.6110565989950204,0.16031768954209918,-0.3583692616498244,1.345031264136408,0.6375198031493914,0.4179101746923275,0.6767742867093229]'),
(14, 'Дмитро', 'test14@gmail.com', '1', 1, '[0.734560395753214,-0.20743236638803642,1.0210902071761028,0.05303295406698908,-0.4799501159632983,0.21034902755262444,0.6949870117427647,0.295602232878812,1.0538895004307254,0.7317950783439943,0.8854204310183691,0.5719052943219542,-0.27674029132735145,0.9183431175050046,0.28684401272773985]'),
(15, 'Любов', 'test15@gmail.com', '1', 1, '[1.24143843209384,0.4057065476091487,0.7797136449471026,0.3244397384996182,0.9377015338629366,0.5584438748696289,0.7819372092243958,-0.2792989230536278,0.30919222043854117,0.5485292469021987,-0.1103705448413338,-0.055414164715124045,0.9050519964311753,-0.1961952085906354,1.0717383013040669]'),
(16, 'Тетяна', 'test16@gmail.com', '1', 1, '[0.007216633163116192,0.5912119350141962,0.9899861508454549,0.4463773121611085,0.9990393476362498,1.2276156504860587,-0.12427922389716992,0.6241752400459148,0.39000967140978376,0.4089254358630055,0.9320233351207322,-0.09764325451167677,0.8250715065468072,0.144973284021275,-0.18282282910480835]'),
(17, 'Катерина', 'test17@gmail.com', '1', 1, '[-0.06070141835967753,0.46296728718099106,-0.5813248166713347,1.3476647639546455,0.30721021438807594,0.8668410517710056,0.547653429211609,0.14146974117149166,0.803135225390227,0.5845820551573898,0.4203884645393923,-0.022198829393094713,0.5711943342139679,0.3488262532257903,0.5216009462171252]'),
(18, 'Оксана', 'test18@gmail.com', '1', 1, '[0.3139684433367904,0.180833343458111,0.7607084752470679,0.11453872304922955,0.9244371985814778,0.5098916595019387,0.14992763281511906,0.4265806769406858,0.8283188103123735,1.0968843104141737,0.9600390290652462,0.7205053408744478,0.8654167137077327,-0.08459976345510548,-0.12686187831965143]'),
(19, 'Денис', 'test19@gmail.com', '1', 1, '[0.6520476462182053,0.8495640039025297,0.4010398553594612,0.8873088227191936,0.2902890351735566,1.0078341477566564,-0.2938334939712668,0.3128134380431526,0.6654976289635469,0.5131159021217596,0.23297610859798795,0.8160398931173668,0.8089405130122365,0.4862735173865218,-0.4089172109039845]'),
(20, 'Матвій', 'test20@gmail.com', '1', 1, '[0.30533020369628505,-0.10820330628382321,0.49139065525932635,0.8967001218301044,0.005235873262150506,0.3667046047146296,1.0467026048529762,-0.08519375661672646,-0.5007821216588377,1.3100583470766571,0.6599985825317478,0.25249266012856425,0.13562208657384578,0.8185980949425028,1.04233744246741]'),
(21, 'Роман', 'test21@gmail.com', '1', 1, '[0.6768338122155483,0.7023201604999707,0.1206563154501714,0.5689091622931337,0.1836115925925324,1.2563161173901953,0.46250535056444897,-0.1543433958821148,-0.3271656472148094,-0.18527158890998868,0.26180646013098885,0.8013644413261541,0.8151925673864173,0.919817661745566,0.8844945742365364]'),
(22, 'Ірина', 'test22@gmail.com', '1', 1, '[0.46263750925809655,1.186601654039786,0.032404016614842435,0.15028057962109992,0.6118303496388645,0.5411546362582267,-0.39095474556944776,0.7670051804621097,0.766892075106207,0.47057817828321596,0.5190590042296058,0.03123047829057455,0.5944101004966807,-0.25974580573616135,1.2860105214165578]'),
(23, 'Степан', 'test23@gmail.com', '1', 1, '[0.15677834491012876,-0.2901423047284994,0.6486916066726454,0.4029814710263573,-0.03403512465773788,0.21046632162969192,0.4798429958668561,0.5088484836891722,0.6829012240655663,-0.33070115827478785,0.8616674904376569,1.1960877441272002,1.0775493926178792,1.023428726750992,0.6078351931728182]'),
(24, 'Анастасія', 'test24@gmail.com', '1', 1, '[0.774631345064308,0.26727615882952127,0.5580025413101811,0.7029711092076437,1.4701950572487537,-0.18731334404838199,-0.023834880166625036,-0.28338343425234364,0.48291902782438273,0.29433612427510264,1.0656038905892744,0.7593481592035455,0.2767950455351832,0.15107219481980588,0.17893378628649068]'),
(25, 'Тимофій', 'test25@gmail.com', '1', 1, '[0.2412727168429941,0.6855089479672033,0.2886031642492029,-0.3846137668398412,0.6482909605772674,0.3172621406221723,1.2956517804349668,0.06712290729175176,0.7764637241464043,0.42930795688439655,1.2083135654589374,0.08657120923607026,-0.5178267084384957,0.6621721118346625,0.5055305230798726]'),
(26, 'Олена', 'test26@gmail.com', '1', 1, '[0.29276697559481196,0.6969305349158088,0.04005150663575292,1.8148348208848195,0.7982589759005323,0.5461853926980061,0.21836886682472048,0.6421492678813672,-0.5088639971855857,0.27875249427176724,0.6305063877001608,0.37469401912953215,0.4482015719086556,0.46043557236603433,0.04341836839949281]'),
(27, 'Арсен', 'test27@gmail.com', '1', 1, '[0.5191570728679173,0.44658683111672776,1.1739878906702919,0.16134588389778803,-0.31328832765186404,0.911460591130519,0.08485557609272824,1.258013430948592,0.8958957435958051,-0.005859685193111537,0.08179789968832334,-0.08836525988805256,0.729433153576299,0.5134134826388066,0.22629390072155647]'),
(28, 'Лідія', 'test28@gmail.com', '1', 1, '[-0.4744052051408633,0.8278595795370641,0.11387174896580474,-0.18528437188830313,0.7586284111428309,0.6007835009795539,-0.22217614700214688,0.1054572567638868,0.6868848439619021,0.8047366699743373,1.0835028974078418,0.9229396511166794,0.6555576442725464,0.20730643034203247,0.40350474768257244]'),
(29, 'Юрій', 'test29@gmail.com', '1', 1, '[1.1952842354821287,0.2610223184538851,0.7157490115302677,1.226141394097449,0.48923165573792865,-0.10806848108322138,0.13096297628261147,0.8610606027079885,0.6655432930521852,-0.3692618241642568,0.4726492384174968,0.5940065372347737,-0.18428307970219499,0.42343312717370213,0.6807017116309136]'),
(30, 'Зоряна', 'test30@gmail.com', '1', 1, '[0.8944394072473091,-0.6634743411702412,0.09609095102704585,-0.13186343045558058,0.6071418429443248,1.189788089988084,0.2787342168675562,-0.09114046103093687,0.023584355575404184,1.186925101559109,0.1343140472764274,0.35238345260335235,0.5819276508656266,0.3895657971809778,0.8584170932893521]'),
(31, 'Артем', 'test31@gmail.com', '1', 1, '[0.3492469846659604,0.6232309515145248,0.5308151379397199,0.7961158267249119,0.11974845997288178,0.8966995797948127,-0.02067551096574426,-0.1734227745124526,0.3968860853923254,1.241919760031867,-0.3296780334221886,0.8274030601186214,-0.20216690272543733,0.6519276996212463,1.2294664243663052]'),
(32, 'Дарина', 'test32@gmail.com', '1', 1, '[0.300973771806176,0.38300819938846986,-0.10598432521027164,0.20670841439659002,-0.20569564109491134,0.9436734014910438,0.9873033146125034,0.7395309439039818,0.7240793926616297,0.4680200606355101,0.8186303076785325,0.44630370481336124,1.1979611540687063,0.466101225453962,-0.18594917945945574]'),
(33, 'Єгор', 'test33@gmail.com', '1', 1, '[0.17190752418030777,0.7895375859320181,0.5306625666249323,0.5886730943921303,0.2648458740276106,-0.5456923194967251,0.8335046341918813,0.21585589579648115,0.05028521224069826,0.8112356492892202,0.17467513504672114,0.2707218222261107,0.32132966867223306,1.6206284660791224,0.653911855789246]'),
(34, 'Ярина', 'test34@gmail.com', '1', 1, '[-0.14632598345904882,0.5714163521117674,0.27957277926939605,0.4339461739839204,0.28080187439677107,0.8504488181180698,0.52009380375331,0.7419758232027559,0.9451951046546423,0.4644276506263484,0.5618139863213035,0.9774429085752911,-0.46285655355213795,0.7078894921547694,0.3143529704944037]'),
(35, 'Богдан', 'test35@gmail.com', '1', 1, '[-0.000630984521005567,0.6090975874426916,0.8270201994937434,0.21073154562868257,0.4153421209033981,0.4626175889107327,0.7249002319703535,1.162942151667313,-0.5625512977106742,0.3052759368984802,0.5309859548923737,0.8541868064754674,0.9635727067208683,-0.30139002636416545,0.751739474580405]'),
(36, 'Софія', 'test36@gmail.com', '1', 1, '[0.48647493865293645,1.1095753988431623,0.7019051948327881,0.010918513715991021,-0.009888098260359163,0.03178488200782806,0.6995492757154853,-0.08588368068968975,0.7203585459433501,0.7479722905778273,0.3868762894825162,0.49348089780715204,1.439382916619045,0.6670075582636997,-0.04460474451827271]'),
(37, 'Максим', 'test37@gmail.com', '1', 1, '[0.9614325172557391,0.45839199618938653,0.6412405670568068,0.7622580190033722,0.09839193153405316,0.560022931160744,0.13480709426742243,0.8955551027515412,0.04491752858067838,0.8515622441968299,0.31402274352908205,0.8831425424767555,0.6658804416629442,-0.3600142496284494,0.5585670632295908]'),
(38, 'Алла', 'test38@gmail.com', '1', 1, '[0.2921141798307935,0.29993288621055114,0.6172755792048387,0.5993260878706839,0.7641169193180792,1.0213883085163733,0.3872220659294278,-0.4021833330512806,1.3181666914102717,0.7191527886901661,-0.086429385669987,0.24892401726555194,0.7607452369435113,0.018839591277772443,0.5033962529874101]'),
(39, 'Андрій', 'test39@gmail.com', '1', 1, '[1.1574214101036915,0.1668019542603781,0.9836416801685853,0.21200980968176208,0.5934636128574587,0.6430439320176078,0.27203297237357377,0.12302851825842352,1.0274159634455127,0.3856503034196466,0.49542874280093135,-0.5990966925611466,0.4109971742982578,0.7068819953030523,0.1967017860084456]'),
(40, 'Юлія', 'test40@gmail.com', '1', 1, '[0.6514288794686864,0.5970248236320573,0.1996351027852056,0.4801834772480326,-0.2675096474350652,-0.07683913908256566,-0.39792559824912216,0.4084402563400701,0.28663383398095177,1.5825901999305054,0.5048675976506006,0.5758690176531626,0.9889523397335899,0.3786822039556848,0.2632565770135761]'),
(41, 'Володимир', 'test41@gmail.com', '1', 1, '[0.6422040354403121,0.9095075893492731,0.7507612407623413,0.43886196378612075,1.035582094279365,-0.2044887131650795,0.960916882487564,-0.128998424831024,0.4945180495248538,0.1327156216989027,-0.15517811097783477,0.7192057654639259,0.2416561906074814,0.9382699559130259,-0.12816631841263518]'),
(42, 'Олеся', 'test42@gmail.com', '1', 1, '[-0.39457104056496295,0.3259833101449607,1.4972090051521079,0.27640544768354025,0.8569837769083573,0.513848828719926,-0.1779401672471791,0.1999235932111865,0.309419933292636,0.4421875904918989,0.16315350772911233,0.7235872778688872,0.35672740456609703,0.7538111674569339,0.8113186376978163]'),
(43, 'Ігор', 'test43@gmail.com', '1', 1, '[0.5931062051362356,0.5387673482748115,0.05345449354835436,0.10975209830265319,0.9731387820680133,0.547574777501989,0.34329840901688385,0.6191833593659816,-0.2588806014726894,0.07565984443546103,0.290014582860727,0.2765405235935364,0.7944307213522454,1.3452137611084962,0.7825450157941974]'),
(44, 'Марина', 'test44@gmail.com', '1', 1, '[0.9825353592554077,0.6345382982807071,0.17548591790425414,-0.19351162617773232,1.014295350339487,0.8804255223898011,0.5134451278628474,0.5627874922707385,0.1957491976564359,-0.3501568406304791,0.23910718127990815,0.5652047765217832,0.6793178313315382,0.541947600955481,1.2446549920914824]'),
(45, 'Тарас', 'test45@gmail.com', '1', 1, '[0.3896107028713342,0.9550726313663754,0.37006011712843234,0.12108432518044568,1.0711297898898053,0.3180427510483667,0.5796830764980732,1.2649593255106009,0.5917138146937377,0.3033777175019639,0.35819511582908853,0.7461292515581227,-0.08886374970187114,0.6138109081186733,-0.5556138516871576]'),
(46, 'Злата', 'test46@gmail.com', '1', 1, '[0.458341244769549,0.7005273610142366,-0.4736309307770805,-0.09462453525067004,1.1346415825574403,0.3060798092452031,0.7561457175314847,0.7113644281188749,0.37180538862861384,1.0182480936024074,0.013744078710830757,0.845115496606108,0.7256016818893801,0.1600254040228986,0.21604792913432486]'),
(47, 'Віталій', 'test47@gmail.com', '1', 1, '[0.6249081120821118,0.47617202253923585,0.1631547384285367,0.693393724110743,-0.09571413517675359,0.7214166395328023,0.6107736821715731,0.024959556000052858,0.5641824107580748,0.7360680171291105,1.499275657619641,0.39565940636611624,-0.03565361749324196,0.13597762651664752,0.5527285299958477]'),
(48, 'Інна', 'test48@gmail.com', '1', 1, '[-0.028971396592115145,0.062386371807159335,0.23609306378445044,0.9275247251120409,0.6758182628707335,0.4746521301081876,1.2440428808599542,0.7872747929295256,0.0808331551072555,0.3770580602095265,0.2646464089913086,0.5053408254830358,0.2971190362676622,0.20553858143401466,0.9618435055000184]'),
(49, 'Єва', 'test49@gmail.com', '1', 1, '[0.7895149662942287,0.5354372647075981,0.8367910714150993,0.6363754420455426,-0.05405828678588301,0.66897791494263,0.3141950016792157,1.3994877053979757,-0.059165259570845286,0.5974257402943175,0.6416106940225423,-0.2539560095205862,0.2846020135120973,0.4768816279951638,0.5206769520930659]'),
(50, 'Давид', 'test50@gmail.com', '1', 1, '[-0.037204821007469864,-0.11878356558215841,0.769613718579259,0.38774550247792877,1.007575527355861,0.5042163472948387,0.28107024183461565,1.110786569430765,0.8582062025430538,0.7573044230637831,0.34420711291918493,-0.23175480308157828,0.08284689899245856,0.3369820143811123,0.8233738018482589]'),
(51, 'Св\'ятослав', 'test51@gmail.com', '1', 1, NULL),
(52, 'Мирослава', 'test52@gmail.com', '1', 1, '[0.5193570476560745,0.42222781311576596,0.5048758287104184,0.5624209110209666,0.47019089709239315,0.7360774869617139,0.42594220292582546,0.6530646550140911,0.587931247721179,0.5023619236508781,0.4683234487882695,0.5537679089653028,0.6826536127480303,0.39799857499142544,0.5914902935888543]'),
(53, 'Захар', 'user2@gmail.com', '1234qwer', 1, '[0.43877066935738435,0.7591813844429995,0.4170636602469669,0.5437275879439871,0.5619709428691966,0.49292099359675323,0.35959272140325643,0.7844563542691766,0.486964780307232,0.4997938913499877,0.6849642192169539,0.4946334964737109,0.8254996587769367,0.2667787255395483,0.5606579063079219]'),
(55, 'Лев', 'user1@gmail.com', '12qw34er', 1, '[0.6672369292107027,0.2537225484078946,0.5996623156604395,0.4972259589050377,0.6595290995745362,-0.008974872511956663,0.2640428820646518,0.7971329258572244,0.1788100261558668,0.40931908712532017,0.5762305789171286,0.6393895686603994,0.9676435097580331,0.4931697277194399,0.5762047463201715]'),
(56, 'Остап', 'user@gmail.com', '12qw34er', 1, '[0.6497505899471393,0.6159887874484286,0.750311088939558,0.4896663042974304,0.8393567136839692,0.106530465264088,0.1060267271015819,0.32059721758824417,0.8203029807533416,0.710843843472004,1.0070218632012746,0.7808839719106868,1.0164414354526043,0.6438188718337626,0.14060090955163299]');

--
-- Індекси збережених таблиць
--

--
-- Індекси таблиці `cities`
--
ALTER TABLE `cities`
  ADD PRIMARY KEY (`cityID`);

--
-- Індекси таблиці `favourites`
--
ALTER TABLE `favourites`
  ADD PRIMARY KEY (`id_favourite`),
  ADD KEY `favourites_fk1` (`userID`),
  ADD KEY `favourites_fk2` (`placeID`);

--
-- Індекси таблиці `feedbacks`
--
ALTER TABLE `feedbacks`
  ADD PRIMARY KEY (`feedbackID`),
  ADD KEY `feedback_fk1` (`userID`),
  ADD KEY `feedback_fk2` (`placeID`);

--
-- Індекси таблиці `places`
--
ALTER TABLE `places`
  ADD PRIMARY KEY (`placeID`),
  ADD KEY `place_fk1` (`cityID`);

--
-- Індекси таблиці `placetag`
--
ALTER TABLE `placetag`
  ADD PRIMARY KEY (`placetag`),
  ADD KEY `placetag_fk1` (`placeID`),
  ADD KEY `placetag_fk2` (`tagID`);

--
-- Індекси таблиці `tags`
--
ALTER TABLE `tags`
  ADD PRIMARY KEY (`tagID`);

--
-- Індекси таблиці `users`
--
ALTER TABLE `users`
  ADD PRIMARY KEY (`userID`),
  ADD UNIQUE KEY `unique_name` (`name`);

--
-- AUTO_INCREMENT для збережених таблиць
--

--
-- AUTO_INCREMENT для таблиці `cities`
--
ALTER TABLE `cities`
  MODIFY `cityID` int(11) NOT NULL AUTO_INCREMENT, AUTO_INCREMENT=10;

--
-- AUTO_INCREMENT для таблиці `favourites`
--
ALTER TABLE `favourites`
  MODIFY `id_favourite` int(11) NOT NULL AUTO_INCREMENT, AUTO_INCREMENT=34;

--
-- AUTO_INCREMENT для таблиці `feedbacks`
--
ALTER TABLE `feedbacks`
  MODIFY `feedbackID` int(11) NOT NULL AUTO_INCREMENT, AUTO_INCREMENT=1951;

--
-- AUTO_INCREMENT для таблиці `places`
--
ALTER TABLE `places`
  MODIFY `placeID` int(11) NOT NULL AUTO_INCREMENT, AUTO_INCREMENT=201;

--
-- AUTO_INCREMENT для таблиці `placetag`
--
ALTER TABLE `placetag`
  MODIFY `placetag` int(11) NOT NULL AUTO_INCREMENT, AUTO_INCREMENT=347;

--
-- AUTO_INCREMENT для таблиці `tags`
--
ALTER TABLE `tags`
  MODIFY `tagID` int(11) NOT NULL AUTO_INCREMENT, AUTO_INCREMENT=7;

--
-- AUTO_INCREMENT для таблиці `users`
--
ALTER TABLE `users`
  MODIFY `userID` int(11) NOT NULL AUTO_INCREMENT, AUTO_INCREMENT=57;

--
-- Обмеження зовнішнього ключа збережених таблиць
--

--
-- Обмеження зовнішнього ключа таблиці `favourites`
--
ALTER TABLE `favourites`
  ADD CONSTRAINT `favourites_fk1` FOREIGN KEY (`userID`) REFERENCES `users` (`userID`) ON DELETE CASCADE ON UPDATE CASCADE,
  ADD CONSTRAINT `favourites_fk2` FOREIGN KEY (`placeID`) REFERENCES `places` (`placeID`) ON DELETE CASCADE ON UPDATE CASCADE;

--
-- Обмеження зовнішнього ключа таблиці `feedbacks`
--
ALTER TABLE `feedbacks`
  ADD CONSTRAINT `feedback_fk1` FOREIGN KEY (`userID`) REFERENCES `users` (`userID`) ON DELETE CASCADE ON UPDATE CASCADE,
  ADD CONSTRAINT `feedback_fk2` FOREIGN KEY (`placeID`) REFERENCES `places` (`placeID`) ON DELETE CASCADE ON UPDATE CASCADE;

--
-- Обмеження зовнішнього ключа таблиці `places`
--
ALTER TABLE `places`
  ADD CONSTRAINT `place_fk1` FOREIGN KEY (`cityID`) REFERENCES `cities` (`cityID`) ON UPDATE CASCADE;

--
-- Обмеження зовнішнього ключа таблиці `placetag`
--
ALTER TABLE `placetag`
  ADD CONSTRAINT `placetag_fk1` FOREIGN KEY (`placeID`) REFERENCES `places` (`placeID`) ON DELETE CASCADE ON UPDATE CASCADE,
  ADD CONSTRAINT `placetag_fk2` FOREIGN KEY (`tagID`) REFERENCES `tags` (`tagID`) ON DELETE CASCADE ON UPDATE CASCADE;
COMMIT;

/*!40101 SET CHARACTER_SET_CLIENT=@OLD_CHARACTER_SET_CLIENT */;
/*!40101 SET CHARACTER_SET_RESULTS=@OLD_CHARACTER_SET_RESULTS */;
/*!40101 SET COLLATION_CONNECTION=@OLD_COLLATION_CONNECTION */;
