Epoch,Error,Time
0,2714.6329869583847,00:00:00.006
100,161.6086165058318,00:00:00.284
200,141.47200516134214,00:00:00.473
300,137.73621451452374,00:00:00.646
400,135.47048152654736,00:00:00.817
500,133.8026193832367,00:00:00.970
600,132.50428943025156,00:00:01.131
700,131.45866653629514,00:00:01.365
800,130.59347577289887,00:00:01.517
900,129.8610778556671,00:00:01.673
1000,129.22899685777492,00:00:01.832
1100,128.6745332466835,00:00:01.986
1200,128.18147415976998,00:00:02.145
1300,127.73800726233173,00:00:02.299
1400,127.33536296063498,00:00:02.464
1500,126.9669119691325,00:00:02.624
1600,126.62755456137742,00:00:02.774
1700,126.31330047726195,00:00:02.913
1800,126.02097567748484,00:00:03.040
1900,125.74801484732893,00:00:03.199
2000,125.49231271653667,00:00:03.345
2100,125.25211626482664,00:00:03.518
2200,125.02594570197091,00:00:03.706
2300,124.81253593145573,00:00:03.874
2400,124.61079275053002,00:00:04.021
2500,124.41975975623178,00:00:04.167
2600,124.23859310018759,00:00:04.340
2700,124.06654204635922,00:00:04.511
2800,123.90293385317449,00:00:04.669
2900,123.74716190229688,00:00:04.808
3000,123.59867628215757,00:00:04.935
3100,123.45697624019397,00:00:05.055
3200,123.32160406705123,00:00:05.201
3300,123.19214008538002,00:00:05.331
3400,123.0681984963433,00:00:05.454
3500,122.94942389678623,00:00:05.574
3600,122.83548832466725,00:00:05.700
3700,122.72608872389802,00:00:05.832
3800,122.62094474501625,00:00:05.969
3900,122.51979681737636,00:00:06.095
4000,122.42240444304419,00:00:06.215
4100,122.3285446737995,00:00:06.334
4200,122.23801074103874,00:00:06.459
4300,122.15061081498735,00:00:06.578
4400,122.06616687452824,00:00:06.729
4500,121.984513672808,00:00:06.856
4600,121.90549778673011,00:00:06.978
4700,121.82897674069835,00:00:07.127
4800,121.75481819670823,00:00:07.257
4900,121.68289920428546,00:00:07.380
5000,121.61310550477366,00:00:07.498
5100,121.54533088536158,00:00:07.630
5200,121.47947657884644,00:00:07.774
5300,121.41545070569873,00:00:07.899
5400,121.35316775536197,00:00:08.020
5500,121.29254810411662,00:00:08.143
5600,121.23351756705371,00:00:08.262
5700,121.17600698196347,00:00:08.399
5800,121.11995182311425,00:00:08.538
5900,121.06529184304723,00:00:08.664
6000,121.01197074063562,00:00:08.784
6100,120.95993585377461,00:00:08.907
6200,120.9091378751144,00:00:09.028
6300,120.85953058942212,00:00:09.157
6400,120.81107063109538,00:00:09.280
6500,120.76371726053574,00:00:09.406
6600,120.71743215807726,00:00:09.547
6700,120.6721792342467,00:00:09.711
6800,120.62792445520628,00:00:09.846
6900,120.5846356822359,00:00:09.983
7000,120.54228252424757,00:00:10.118
7100,120.50083620228591,00:00:10.256
7200,120.46026942513322,00:00:10.393
7300,120.42055627509107,00:00:10.529
7400,120.38167210316344,00:00:10.666
7500,120.34359343283471,00:00:10.802
7600,120.30629787178219,00:00:10.937
7700,120.26976403084556,00:00:11.075
7800,120.23397144965294,00:00:11.212
7900,120.19890052839266,00:00:11.346
8000,120.16453246518297,00:00:11.481
8100,120.13084919863904,00:00:11.618
8200,120.09783335518888,00:00:11.755
8300,120.06546820079144,00:00:11.888
8400,120.03373759670822,00:00:12.024
8500,120.00262595902274,00:00:12.160
8600,119.9721182216485,00:00:12.296
8700,119.94219980254722,00:00:12.434
8800,119.91285657294031,00:00:12.570
8900,119.88407482930535,00:00:12.707
9000,119.85584126794971,00:00:12.844
9100,119.82814296196338,00:00:12.982
9200,119.80096734042482,00:00:13.122
9300,119.77430216961763,00:00:13.258
9400,119.74813553618337,00:00:13.398
9500,119.72245583198631,00:00:13.534
9600,119.69725174059916,00:00:13.674
9700,119.67251222523753,00:00:13.812
9800,119.64822651801647,00:00:13.951
9900,119.62438411040006,00:00:14.101
10000,119.60097474473076,00:00:14.407
10100,119.57798840668849,00:00:14.646
10200,119.5554153185929,00:00:14.827
10300,119.53324593344128,00:00:15.007
10400,119.51147092955344,00:00:15.154
10500,119.4900812057669,00:00:15.296
10600,119.46906787705433,00:00:15.434
10700,119.44842227052239,00:00:15.575
10800,119.4281359216793,00:00:15.715
10900,119.4082005709485,00:00:15.854
11000,119.38860816032032,00:00:15.996
11100,119.36935083013903,00:00:16.134
11200,119.35042091593512,00:00:16.275
11300,119.3318109453032,00:00:16.413
11400,119.3135136347751,00:00:16.551
11500,119.29552188665029,00:00:16.690
11600,119.27782878580682,00:00:16.828
11700,119.26042759641096,00:00:16.969
11800,119.24331175859047,00:00:17.109
11900,119.22647488500579,00:00:17.248
12000,119.20991075734798,00:00:17.387
12100,119.19361332274552,00:00:17.525
12200,119.1775766901177,00:00:17.665
12300,119.16179512642105,00:00:17.804
12400,119.14626305286376,00:00:17.942
12500,119.13097504104795,00:00:18.081
12600,119.11592580907246,00:00:18.224
12700,119.10111021760399,00:00:18.361
12800,119.0865232659253,00:00:18.500
12900,119.0721600879689,00:00:18.638
13000,119.0580159483657,00:00:18.778
13100,119.04408623849858,00:00:18.936
13200,119.03036647258332,00:00:19.118
13300,119.01685228378759,00:00:19.297
13400,119.00353942039219,00:00:19.479
13500,118.99042374201784,00:00:19.655
13600,118.97750121591422,00:00:19.840
13700,118.9647679133107,00:00:19.996
13800,118.95222000586395,00:00:20.142
13900,118.93985376218045,00:00:20.290
14000,118.92766554444049,00:00:20.440
14100,118.91565180509699,00:00:20.580
14200,118.90380908370861,00:00:20.723
14300,118.89213400384045,00:00:20.868
14400,118.88062327008616,00:00:21.012
14500,118.8692736651938,00:00:21.163
14600,118.85808204729544,00:00:21.303
14700,118.84704534723971,00:00:21.444
14800,118.83616056603704,00:00:21.588
14900,118.82542477239825,00:00:21.728
15000,118.81483510038504,00:00:21.866
15100,118.80438874714709,00:00:22.002
15200,118.79408297077497,00:00:22.142
15300,118.78391508823333,00:00:22.283
15400,118.77388247338463,00:00:22.423
15500,118.7639825551138,00:00:22.567
15600,118.7542128155312,00:00:22.703
15700,118.74457078825075,00:00:22.841
15800,118.73505405676028,00:00:22.978
15900,118.72566025285379,00:00:23.115
16000,118.71638705514448,00:00:23.252
16100,118.70723218764347,00:00:23.388
16200,118.69819341839869,00:00:23.524
16300,118.6892685582053,00:00:23.663
16400,118.68045545935776,00:00:23.804
16500,118.67175201447964,00:00:23.945
16600,118.66315615538652,00:00:24.098
16700,118.65466585201057,00:00:24.215
16800,118.64627911136526,00:00:24.311
16900,118.63799397656064,00:00:24.403
17000,118.62980852585468,00:00:24.495
17100,118.62172087175321,00:00:24.588
17200,118.61372916014088,00:00:24.680
17300,118.60583156945059,00:00:24.774
17400,118.59802630987228,00:00:24.866
17500,118.59031162258893,00:00:24.956
17600,118.58268577904461,00:00:25.046
17700,118.57514708025559,00:00:25.144
17800,118.56769385612347,00:00:25.256
17900,118.56032446481107,00:00:25.357
18000,118.55303729211656,00:00:25.455
18100,118.54583075088706,00:00:25.549
18200,118.53870328045926,00:00:25.640
18300,118.53165334612059,00:00:25.733
18400,118.52467943858535,00:00:25.824
18500,118.51778007351446,00:00:25.931
18600,118.51095379103612,00:00:26.039
18700,118.50419915530198,00:00:26.136
18800,118.49751475406076,00:00:26.234
18900,118.49089919824387,00:00:26.330
19000,118.4843511215832,00:00:26.421
19100,118.47786918024428,00:00:26.515
19200,118.47145205246774,00:00:26.612
19300,118.46509843824407,00:00:26.716
19400,118.45880705899376,00:00:26.838
19500,118.45257665727163,00:00:26.942
19600,118.4464059964825,00:00:27.037
19700,118.44029386061226,00:00:27.133
19800,118.43423905397356,00:00:27.232
19900,118.42824040097675,00:00:27.330
20000,118.42229674589238,00:00:27.423
20100,118.4164069526463,00:00:27.518
20200,118.41056990461536,00:00:27.610
20300,118.40478450444543,00:00:27.702
20400,118.39904967386487,00:00:27.796
20500,118.39336435352202,00:00:27.890
20600,118.38772750282875,00:00:27.983
20700,118.38213809980574,00:00:28.076
20800,118.37659514094797,00:00:28.168
20900,118.37109764108504,00:00:28.261
21000,118.3656446332597,00:00:28.354
21100,118.3602351686048,00:00:28.446
21200,118.35486831622971,00:00:28.537
21300,118.34954316310794,00:00:28.628
21400,118.34425881397692,00:00:28.719
21500,118.33901439122629,00:00:28.813
21600,118.3338090348129,00:00:28.904
21700,118.3286419021467,00:00:28.995
21800,118.32351216801354,00:00:29.086
21900,118.3184190244696,00:00:29.180
22000,118.31336168074832,00:00:29.274
22100,118.3083393631777,00:00:29.366
22200,118.3033513150743,00:00:29.457
22300,118.29839679665557,00:00:29.548
22400,118.29347508494394,00:00:29.641
22500,118.28858547366839,00:00:29.734
22600,118.28372727315985,00:00:29.825
22700,118.27889981025558,00:00:29.915
22800,118.2741024281891,00:00:30.008
22900,118.26933448647686,00:00:30.099
23000,118.26459536081043,00:00:30.194
23100,118.25988444293387,00:00:30.288
23200,118.25520114052479,00:00:30.380
23300,118.2505448770615,00:00:30.473
23400,118.24591509169306,00:00:30.566
23500,118.24131123909928,00:00:30.657
23600,118.2367327893505,00:00:30.748
23700,118.23217922775,00:00:30.839
23800,118.22765005468571,00:00:30.929
23900,118.22314478546186,00:00:31.021
24000,118.2186629501338,00:00:31.114
24100,118.21420409333143,00:00:31.204
24200,118.20976777407844,00:00:31.297
24300,118.20535356560667,00:00:31.387
24400,118.20096105515704,00:00:31.477
24500,118.19658984377865,00:00:31.569
24600,118.19223954612949,00:00:31.661
24700,118.187909790253,00:00:31.752
24800,118.18360021736392,00:00:31.842
24900,118.17931048161724,00:00:31.932
25000,118.17504024988354,00:00:32.023
25100,118.17078920150469,00:00:32.114
25200,118.1665570280493,00:00:32.202
25300,118.16234343306691,00:00:32.297
25400,118.15814813183532,00:00:32.388
25500,118.15397085109338,00:00:32.480
25600,118.14981132877988,00:00:32.578
25700,118.14566931376902,00:00:32.671
25800,118.14154456559145,00:00:32.763
25900,118.13743685415406,00:00:32.856
26000,118.13334595947072,00:00:32.947
26100,118.12927167136448,00:00:33.039
26200,118.12521378918981,00:00:33.131
26300,118.12117212153552,00:00:33.224
26400,118.11714648593912,00:00:33.318
26500,118.11313670859163,00:00:33.410
26600,118.10914262403497,00:00:33.502
26700,118.10516407487239,00:00:33.595
26800,118.101200911473,00:00:33.691
26900,118.0972529916656,00:00:33.790
27000,118.09332018044827,00:00:33.883
27100,118.08940234968932,00:00:33.975
27200,118.0854993778286,00:00:34.067
27300,118.08161114958644,00:00:34.160
27400,118.07773755566487,00:00:34.256
27500,118.07387849246415,00:00:34.353
27600,118.07003386178857,00:00:34.470
27700,118.0662035705596,00:00:34.569
27800,118.06238753053633,00:00:34.662
27900,118.05858565803598,00:00:34.754
28000,118.0547978736611,00:00:34.847
28100,118.05102410201653,00:00:34.940
28200,118.04726427146015,00:00:35.031
28300,118.0435183138309,00:00:35.124
28400,118.03978616419258,00:00:35.214
28500,118.03606776059294,00:00:35.306
28600,118.03236304380654,00:00:35.412
28700,118.02867195710421,00:00:35.518
28800,118.02499444601742,00:00:35.610
28900,118.02133045811928,00:00:35.701
29000,118.01767994279678,00:00:35.792
29100,118.0140428510473,00:00:35.884
29200,118.0104191352666,00:00:35.975
29300,118.00680874906304,00:00:36.064
29400,118.00321164706368,00:00:36.155
29500,117.9996277847235,00:00:36.243
29600,117.99605711817135,00:00:36.341
29700,117.99249960402895,00:00:36.449
29800,117.98895519926171,00:00:36.547
29900,117.98542386102862,00:00:36.637
30000,117.98190554654278,00:00:36.728
30100,117.97840021293563,00:00:36.835
30200,117.97490781713806,00:00:36.956
30300,117.97142831576086,00:00:37.054
30400,117.9679616649946,00:00:37.145
30500,117.96450782049823,00:00:37.237
30600,117.96106673732749,00:00:37.329
30700,117.95763836983599,00:00:37.441
30800,117.95422267161024,00:00:37.540
30900,117.9508195954005,00:00:37.632
31000,117.94742909306606,00:00:37.721
31100,117.94405111552672,00:00:37.855
31200,117.94068561271136,00:00:37.968
31300,117.93733253353766,00:00:38.061
31400,117.9339918258759,00:00:38.152
31500,117.93066343653281,00:00:38.244
31600,117.92734731123659,00:00:38.354
31700,117.9240433946345,00:00:38.456
31800,117.92075163029388,00:00:38.547
31900,117.91747196071019,00:00:38.640
32000,117.91420432731954,00:00:38.804
32100,117.91094867052267,00:00:38.910
32200,117.9077049297079,00:00:39.001
32300,117.90447304328521,00:00:39.092
32400,117.90125294872402,00:00:39.183
32500,117.89804458259633,00:00:39.278
32600,117.89484788061884,00:00:39.372
32700,117.89166277771692,00:00:39.464
32800,117.88848920806686,00:00:39.553
32900,117.88532710517038,00:00:39.642
33000,117.88217640190987,00:00:39.735
33100,117.87903703061944,00:00:39.826
33200,117.87590892315718,00:00:39.916
33300,117.87279201097972,00:00:40.018
33400,117.86968622521779,00:00:40.115
33500,117.86659149675869,00:00:40.206
33600,117.86350775632607,00:00:40.326
33700,117.86043493456226,00:00:40.448
33800,117.85737296211789,00:00:40.568
33900,117.85432176973428,00:00:40.687
34000,117.85128128833524,00:00:40.807
34100,117.84825144911117,00:00:40.929
34200,117.84523218361,00:00:41.051
34300,117.8422234238308,00:00:41.172
34400,117.83922510230367,00:00:41.311
34500,117.83623715218815,00:00:41.449
34600,117.83325950735427,00:00:41.585
34700,117.83029210247808,00:00:41.721
34800,117.82733487311957,00:00:41.860
34900,117.82438775581358,00:00:41.993
35000,117.8214506881559,00:00:42.127
35100,117.81852360888104,00:00:42.262
35200,117.8156064579405,00:00:42.396
35300,117.8126991765904,00:00:42.532
35400,117.80980170746051,00:00:42.666
35500,117.80691399462907,00:00:42.799
35600,117.8040359836948,00:00:42.934
35700,117.80116762184787,00:00:43.069
35800,117.79830885792795,00:00:43.201
35900,117.79545964249417,00:00:43.346
36000,117.79261992787781,00:00:43.496
36100,117.78978966824788,00:00:43.641
36200,117.78696881964736,00:00:43.788
36300,117.78415734005964,00:00:43.940
36400,117.78135518944158,00:00:44.078
36500,117.7785623297681,00:00:44.211
36600,117.77577872506912,00:00:44.349
36700,117.77300434146778,00:00:44.483
36800,117.77023914720293,00:00:44.617
36900,117.76748311266215,00:00:44.756
37000,117.76473621039452,00:00:44.894
37100,117.76199841513585,00:00:45.027
37200,117.75926970382079,00:00:45.162
37300,117.75655005558981,00:00:45.300
37400,117.75383945179922,00:00:45.435
37500,117.7511378760168,00:00:45.569
37600,117.7484453140277,00:00:45.701
37700,117.74576175381662,00:00:45.834
37800,117.74308718557141,00:00:45.973
37900,117.74042160165834,00:00:46.110
38000,117.73776499660931,00:00:46.245
38100,117.73511736709862,00:00:46.381
38200,117.73247871192329,00:00:46.518
38300,117.72984903196175,00:00:46.653
38400,117.72722833016032,00:00:46.786
38500,117.72461661148091,00:00:46.923
38600,117.72201388287465,00:00:47.058
38700,117.7194201532324,00:00:47.190
38800,117.71683543334437,00:00:47.324
38900,117.71425973585337,00:00:47.463
39000,117.71169307520329,00:00:47.596
39100,117.70913546758729,00:00:47.729
39200,117.70658693089179,00:00:47.864
39300,117.70404748463724,00:00:47.999
39400,117.70151714992575,00:00:48.133
39500,117.69899594936935,00:00:48.269
39600,117.69648390703696,00:00:48.406
39700,117.69398104838216,00:00:48.541
39800,117.69148740018156,00:00:48.674
39900,117.68900299045771,00:00:48.808
40000,117.68652784842236,00:00:48.942
40100,117.68406200439458,00:00:49.076
40200,117.68160548973536,00:00:49.210
40300,117.67915833677839,00:00:49.345
40400,117.67672057874405,00:00:49.480
40500,117.67429224968024,00:00:49.614
40600,117.67187338438124,00:00:49.747
40700,117.66946401831223,00:00:49.881
40800,117.66706418754119,00:00:50.014
40900,117.66467392865435,00:00:50.150
41000,117.66229327869299,00:00:50.286
41100,117.65992227507431,00:00:50.425
41200,117.65756095551555,00:00:50.558
41300,117.65520935796314,00:00:50.688
41400,117.652867520522,00:00:50.821
41500,117.6505354813813,00:00:50.955
41600,117.64821327874512,00:00:51.090
41700,117.64590095076183,00:00:51.225
41800,117.6435985354539,00:00:51.359
41900,117.64130607065218,00:00:51.492
42000,117.63902359392983,00:00:51.624
42100,117.6367511425366,00:00:51.757
42200,117.63448875333226,00:00:51.889
42300,117.63223646272886,00:00:52.024
42400,117.62999430662946,00:00:52.158
42500,117.62776232036536,00:00:52.298
42600,117.62554053863913,00:00:52.485
42700,117.62332899547864,00:00:52.621
42800,117.62112772416882,00:00:52.754
42900,117.61893675720904,00:00:52.888
43000,117.61675612626071,00:00:53.022
43100,117.61458586210031,00:00:53.156
43200,117.61242599456759,00:00:53.288
43300,117.61027655253285,00:00:53.425
43400,117.60813756384314,00:00:53.564
43500,117.60600905528595,00:00:53.700
43600,117.60389105255575,00:00:53.836
43700,117.60178358021014,00:00:53.973
43800,117.59968666164416,00:00:54.106
43900,117.59760031904936,00:00:54.238
44000,117.59552457339083,00:00:54.373
44100,117.59345944437744,00:00:54.506
44200,117.59140495043748,00:00:54.640
44300,117.58936110868845,00:00:54.771
44400,117.58732793492288,00:00:54.906
44500,117.5853054435878,00:00:55.040
44600,117.58329364776071,00:00:55.175
44700,117.58129255913984,00:00:55.311
44800,117.57930218803172,00:00:55.445
44900,117.57732254333102,00:00:55.580
45000,117.57535363251723,00:00:55.713
45100,117.57339546164513,00:00:55.853
45200,117.57144803533846,00:00:55.994
45300,117.56951135677978,00:00:56.129
45400,117.56758542771827,00:00:56.263
45500,117.56567024845727,00:00:56.400
45600,117.56376581786176,00:00:56.536
45700,117.56187213335717,00:00:56.670
45800,117.55998919092836,00:00:56.803
45900,117.55811698513813,00:00:56.938
46000,117.55625550911714,00:00:57.075
46100,117.55440475458455,00:00:57.210
46200,117.55256471184451,00:00:57.345
46300,117.5507353698095,00:00:57.481
46400,117.54891671600234,00:00:57.615
46500,117.54710873657255,00:00:57.748
46600,117.54531141631122,00:00:57.880
46700,117.54352473865791,00:00:58.014
46800,117.54174868573337,00:00:58.148
46900,117.53998323833709,00:00:58.280
47000,117.53822837597521,00:00:58.416
47100,117.53648407687898,00:00:58.548
47200,117.53475031802346,00:00:58.682
47300,117.53302707514764,00:00:58.814
47400,117.53131432277058,00:00:58.947
47500,117.52961203421894,00:00:59.085
47600,117.52792018165064,00:00:59.219
47700,117.5262387360707,00:00:59.356
47800,117.52456766735769,00:00:59.494
47900,117.52290694429084,00:00:59.628
48000,117.52125653456861,00:00:59.761
48100,117.51961640483837,00:00:59.894
48200,117.5179865207145,00:01:00.027
48300,117.51636684681121,00:01:00.159
48400,117.5147573467646,00:01:00.298
48500,117.51315798325773,00:01:00.439
48600,117.51156871804461,00:01:00.578
48700,117.50998951198156,00:01:00.711
48800,117.50842032504953,00:01:00.844
48900,117.50686111638059,00:01:00.978
49000,117.50531184428421,00:01:01.114
49100,117.5037724662725,00:01:01.249
49200,117.50224293909285,00:01:01.389
49300,117.50072321874116,00:01:01.524
49400,117.49921326049983,00:01:01.659
49500,117.49771301895998,00:01:01.794
49600,117.49622244804324,00:01:01.930
49700,117.49474150103426,00:01:02.064
49800,117.49327013059478,00:01:02.198
49900,117.49180828880668,00:01:02.331
50000,117.49035592718027,00:01:02.469
50100,117.48891299668536,00:01:02.604
50200,117.48747944777377,00:01:02.737
50300,117.48605523041172,00:01:02.869
50400,117.48464029409007,00:01:03.003
50500,117.48323458786088,00:01:03.137
50600,117.4818380603481,00:01:03.270
50700,117.48045065978256,00:01:03.413
50800,117.47907233401257,00:01:03.547
50900,117.47770303053734,00:01:03.683
51000,117.47634269652184,00:01:03.816
51100,117.4749912788165,00:01:03.950
51200,117.4736487239844,00:01:04.083
51300,117.47231497831748,00:01:04.218
51400,117.47098998785884,00:01:04.368
51500,117.46967369841823,00:01:04.517
51600,117.4683660555965,00:01:04.657
51700,117.46706700480027,00:01:04.791
51800,117.46577649126725,00:01:04.927
51900,117.46449446007159,00:01:05.059
52000,117.46322085615421,00:01:05.193
52100,117.46195562433351,00:01:05.331
52200,117.46069870932327,00:01:05.466
52300,117.45945005574936,00:01:05.600
52400,117.45820960816272,00:01:05.734
52500,117.4569773110609,00:01:05.865
52600,117.45575310889602,00:01:05.997
52700,117.45453694609668,00:01:06.131
52800,117.45332876707155,00:01:06.264
52900,117.45212851623803,00:01:06.400
53000,117.45093613802139,00:01:06.533
53100,117.4497515768732,00:01:06.668
53200,117.44857477728783,00:01:06.802
53300,117.44740568381117,00:01:06.934
53400,117.4462442410478,00:01:07.068
53500,117.445090393681,00:01:07.208
53600,117.44394408647666,00:01:07.346
53700,117.44280526430084,00:01:07.482
53800,117.44167387212282,00:01:07.616
53900,117.4405498550303,00:01:07.750
54000,117.43943315823186,00:01:07.884
54100,117.43832372708336,00:01:08.018
54200,117.43722150707181,00:01:08.154
54300,117.43612644384376,00:01:08.288
54400,117.43503848320461,00:01:08.423
54500,117.43395757113221,00:01:08.557
54600,117.4328836537755,00:01:08.691
54700,117.43181667747415,00:01:08.823
54800,117.4307565887541,00:01:08.964
54900,117.42970333434049,00:01:09.100
55000,117.42865686116453,00:01:09.235
55100,117.42761711636471,00:01:09.369
55200,117.42658404729909,00:01:09.504
55300,117.42555760154879,00:01:09.642
55400,117.42453772691967,00:01:09.779
55500,117.42352437145345,00:01:09.914
55600,117.42251748342642,00:01:10.061
55700,117.42151701136278,00:01:10.186
55800,117.42052290403063,00:01:10.330
55900,117.41953511045104,00:01:10.459
56000,117.41855357989996,00:01:10.581
56100,117.41757826191363,00:01:10.705
56200,117.41660910629182,00:01:10.846
56300,117.41564606310244,00:01:10.977
56400,117.41468908268185,00:01:11.097
56500,117.41373811564199,00:01:11.235
56600,117.41279311287015,00:01:11.369
56700,117.41185402553177,00:01:11.490
56800,117.4109208050782,00:01:11.631
56900,117.4099934032412,00:01:11.762
57000,117.40907177204237,00:01:11.882
57100,117.40815586379117,00:01:12.001
57200,117.40724563108972,00:01:12.129
57300,117.4063410268297,00:01:12.269
57400,117.40544200420372,00:01:12.388
57500,117.40454851669351,00:01:12.510
57600,117.40366051808675,00:01:12.628
57700,117.40277796246635,00:01:12.747
57800,117.4019008042169,00:01:12.873
57900,117.40102899802397,00:01:13.016
58000,117.40016249887937,00:01:13.138
58100,117.39930126207786,00:01:13.259
58200,117.39844524321711,00:01:13.379
58300,117.39759439820345,00:01:13.499
58400,117.39674868324855,00:01:13.620
58500,117.3959080548711,00:01:13.741
58600,117.39507246990006,00:01:13.892
58700,117.39424188546992,00:01:14.013
58800,117.39341625902387,00:01:14.133
58900,117.3925955483109,00:01:14.253
59000,117.3917797113979,00:01:14.370
59100,117.3909687066504,00:01:14.491
59200,117.3901624927536,00:01:14.609
59300,117.38936102868864,00:01:14.731
59400,117.3885642737567,00:01:14.860
59500,117.3877721875645,00:01:14.991
59600,117.38698473002535,00:01:15.110
59700,117.38620186136285,00:01:15.234
59800,117.38542354210617,00:01:15.356
59900,117.3846497330949,00:01:15.478
60000,117.38388039547445,00:01:15.602
60100,117.38311549069685,00:01:15.722
60200,117.38235498051777,00:01:15.841
60300,117.38159882700242,00:01:15.961
60400,117.38084699251529,00:01:16.085
60500,117.38009943973155,00:01:16.204
60600,117.37935613162409,00:01:16.324
60700,117.37861703146885,00:01:16.445
60800,117.37788210284546,00:01:16.567
60900,117.37715130963146,00:01:16.686
61000,117.37642461600691,00:01:16.807
61100,117.37570198644553,00:01:16.929
61200,117.37498338572601,00:01:17.048
61300,117.37426877891676,00:01:17.166
61400,117.37355813138522,00:01:17.287
61500,117.37285140879246,00:01:17.408
61600,117.37214857709152,00:01:17.529
61700,117.37144960252964,00:01:17.646
61800,117.37075445164331,00:01:17.768
61900,117.37006309125772,00:01:17.886
62000,117.36937548848725,00:01:18.004
62100,117.36869161073156,00:01:18.130
62200,117.36801142568059,00:01:18.250
62300,117.36733490130291,00:01:18.367
62400,117.36666200585054,00:01:18.488
62500,117.36599270785906,00:01:18.607
62600,117.36532697614446,00:01:18.726
62700,117.36466477979619,00:01:18.846
62800,117.36400608818596,00:01:18.967
62900,117.3633508709565,00:01:19.087
63000,117.36269909802884,00:01:19.206
63100,117.36205073959142,00:01:19.326
63200,117.36140576610566,00:01:19.446
63300,117.36076414830065,00:01:19.579
63400,117.360125857177,00:01:19.711
63500,117.35949086399266,00:01:19.847
63600,117.35885914027907,00:01:19.988
63700,117.35823065782282,00:01:20.126
63800,117.35760538867505,00:01:20.267
63900,117.35698330514386,00:01:20.402
64000,117.35636437979535,00:01:20.538
64100,117.35574858544953,00:01:20.671
64200,117.3551358951823,00:01:20.804
64300,117.35452628232055,00:01:20.937
64400,117.35391972043949,00:01:21.070
64500,117.35331618336606,00:01:21.205
64600,117.35271564516933,00:01:21.338
64700,117.35211808016771,00:01:21.471
64800,117.35152346291619,00:01:21.607
64900,117.35093176821832,00:01:21.738
65000,117.35034297111092,00:01:21.872
65100,117.34975704686971,00:01:22.005
65200,117.34917397100651,00:01:22.137
65300,117.34859371926527,00:01:22.270
65400,117.34801626762149,00:01:22.406
65500,117.34744159228272,00:01:22.547
65600,117.34686966968108,00:01:22.682
65700,117.34630047647566,00:01:22.816
65800,117.34573398955195,00:01:22.951
65900,117.34517018601248,00:01:23.083
66000,117.34460904318301,00:01:23.216
66100,117.34405053860958,00:01:23.353
66200,117.34349465004948,00:01:23.492
66300,117.34294135547765,00:01:23.629
66400,117.342390633078,00:01:23.764
66500,117.34184246125177,00:01:23.901
66600,117.34129681860134,00:01:24.032
66700,117.3407536839401,00:01:24.165
66800,117.34021303628201,00:01:24.299
66900,117.33967485484862,00:01:24.434
67000,117.3391391190572,00:01:24.567
67100,117.33860580852985,00:01:24.700
67200,117.33807490307917,00:01:24.834
67300,117.33754638271441,00:01:24.969
67400,117.33702022764352,00:01:25.101
67500,117.33649641825727,00:01:25.234
67600,117.33597493514054,00:01:25.369
67700,117.3354557590619,00:01:25.505
67800,117.33493887098207,00:01:25.638
67900,117.33442425203603,00:01:25.770
68000,117.33391188354621,00:01:25.905
68100,117.33340174701247,00:01:26.044
68200,117.33289382411125,00:01:26.180
68300,117.33238809670041,00:01:26.316
68400,117.33188454680626,00:01:26.448
68500,117.33138315662653,00:01:26.581
68600,117.33088390853189,00:01:26.714
68700,117.33038678506107,00:01:26.847
68800,117.32989176891869,00:01:26.983
68900,117.32939884296968,00:01:27.116
69000,117.32890799025002,00:01:27.249
69100,117.32841919395065,00:01:27.385
69200,117.32793243742482,00:01:27.519
69300,117.32744770417793,00:01:27.657
69400,117.32696497787427,00:01:27.791
69500,117.32648424233422,00:01:27.925
69600,117.32600548152458,00:01:28.059
69700,117.32552867956649,00:01:28.191
69800,117.32505382072758,00:01:28.326
69900,117.32458088941898,00:01:28.463
70000,117.32410987020303,00:01:28.599
70100,117.3236407477805,00:01:28.732
70200,117.32317350699465,00:01:28.866
70300,117.32270813282565,00:01:29.003
70400,117.32224461040053,00:01:29.138
70500,117.32178292496889,00:01:29.273
70600,117.3213230619264,00:01:29.411
70700,117.3208650067949,00:01:29.545
70800,117.3204087452327,00:01:29.680
70900,117.31995426302035,00:01:29.812
71000,117.31950154607493,00:01:29.944
71100,117.31905058043458,00:01:30.078
71200,117.31860135226057,00:01:30.211
71300,117.3181538478429,00:01:30.346
71400,117.31770805359,00:01:30.483
71500,117.31726395602874,00:01:30.616
71600,117.31682154180778,00:01:30.749
71700,117.316380797689,00:01:30.883
71800,117.31594171055461,00:01:31.017
71900,117.31550426739808,00:01:31.153
72000,117.31506845532483,00:01:31.289
72100,117.31463426154964,00:01:31.425
72200,117.31420167340347,00:01:31.561
72300,117.31377067831633,00:01:31.700
72400,117.31334126383364,00:01:31.834
72500,117.3129134175997,00:01:31.968
72600,117.31248712736837,00:01:32.102
72700,117.31206238098802,00:01:32.234
72800,117.31163916641621,00:01:32.367
72900,117.31121747170847,00:01:32.504
73000,117.31079728501425,00:01:32.643
73100,117.31037859458633,00:01:32.779
73200,117.30996138877022,00:01:32.911
73300,117.30954565600597,00:01:33.044
73400,117.30913138482893,00:01:33.178
73500,117.30871856386452,00:01:33.317
73600,117.30830718182938,00:01:33.460
73700,117.30789722753205,00:01:33.596
73800,117.30748868986781,00:01:33.732
73900,117.30708155781872,00:01:33.869
74000,117.3066758204552,00:01:34.003
74100,117.3062714669324,00:01:34.138
74200,117.30586848648473,00:01:34.284
74300,117.30546686843819,00:01:34.433
74400,117.3050666021933,00:01:34.580
74500,117.30466767723404,00:01:34.714
74600,117.30427008312296,00:01:34.853
74700,117.30387380950327,00:01:34.986
74800,117.30347884609384,00:01:35.119
74900,117.30308518268862,00:01:35.253
75000,117.30269280916254,00:01:35.391
75100,117.30230171546067,00:01:35.526
75200,117.301911891603,00:01:35.660
75300,117.30152332768128,00:01:35.794
75400,117.30113601386145,00:01:35.931
75500,117.30074994037626,00:01:36.065
75600,117.30036509753482,00:01:36.200
75700,117.29998147570821,00:01:36.338
75800,117.29959906533888,00:01:36.474
75900,117.29921785694087,00:01:36.609
76000,117.29883784108625,00:01:36.743
76100,117.29845900841998,00:01:36.877
76200,117.29808134964841,00:01:37.012
76300,117.29770485554391,00:01:37.147
76400,117.29732951694221,00:01:37.280
76500,117.29695532474206,00:01:37.415
76600,117.29658226989943,00:01:37.554
76700,117.29621034343927,00:01:37.690
76800,117.29583953644409,00:01:37.823
76900,117.29546984005025,00:01:37.958
77000,117.29510124546347,00:01:38.091
77100,117.29473374394179,00:01:38.227
77200,117.29436732680203,00:01:38.361
77300,117.29400198541967,00:01:38.502
77400,117.29363771122502,00:01:38.637
77500,117.2932744957073,00:01:38.771
77600,117.29291233040868,00:01:38.903
77700,117.29255120692852,00:01:39.037
77800,117.29219111691663,00:01:39.167
77900,117.29183205208167,00:01:39.299
78000,117.29147400418243,00:01:39.457
78100,117.29111696503229,00:01:39.592
78200,117.2907609264975,00:01:39.726
78300,117.29040588049072,00:01:39.859
78400,117.29005181898566,00:01:39.995
78500,117.28969873399674,00:01:40.131
78600,117.2893466175983,00:01:40.265
78700,117.28899546190773,00:01:40.399
78800,117.28864525909508,00:01:40.533
78900,117.2882960013797,00:01:40.667
79000,117.2879476810298,00:01:40.801
79100,117.28760029036202,00:01:40.935
79200,117.28725382173921,00:01:41.068
79300,117.28690826757854,00:01:41.210
79400,117.28656362033487,00:01:41.348
79500,117.2862198725175,00:01:41.482
79600,117.28587701668185,00:01:41.616
79700,117.28553504542587,00:01:41.753
79800,117.28519395139662,00:01:41.886
79900,117.28485372728822,00:01:42.023
80000,117.28451436584068,00:01:42.158
80100,117.28417585983338,00:01:42.292
80200,117.28383820209899,00:01:42.427
80300,117.28350138551052,00:01:42.561
80400,117.28316540298647,00:01:42.694
80500,117.28283024749145,00:01:42.825
80600,117.28249591203085,00:01:42.967
80700,117.28216238965724,00:01:43.105
80800,117.2818296734664,00:01:43.242
80900,117.28149775659888,00:01:43.376
81000,117.2811666322354,00:01:43.513
81100,117.28083629360293,00:01:43.650
81200,117.28050673397024,00:01:43.783
81300,117.28017794665033,00:01:43.916
81400,117.27984992499873,00:01:44.051
81500,117.27952266241338,00:01:44.185
81600,117.2791961523355,00:01:44.317
81700,117.2788703882473,00:01:44.450
81800,117.2785453636774,00:01:44.585
81900,117.27822107219119,00:01:44.719
82000,117.27789750740098,00:01:44.851
82100,117.27757466295827,00:01:44.984
82200,117.27725253255902,00:01:45.117
82300,117.27693110994117,00:01:45.251
82400,117.27661038888196,00:01:45.395
82500,117.2762903632018,00:01:45.532
82600,117.2759710267646,00:01:45.668
82700,117.27565237347443,00:01:45.804
82800,117.275334397277,00:01:45.938
82900,117.27501709216199,00:01:46.074
83000,117.27470045215689,00:01:46.206
83100,117.27438447133308,00:01:46.340
83200,117.274069143807,00:01:46.474
83300,117.27375446372939,00:01:46.610
83400,117.27344042530036,00:01:46.746
83500,117.27312702275485,00:01:46.879
83600,117.27281425037299,00:01:47.012
83700,117.27250210247783,00:01:47.147
83800,117.2721905734305,00:01:47.279
83900,117.27187965763734,00:01:47.413
84000,117.27156934954266,00:01:47.549
84100,117.2712596436359,00:01:47.685
84200,117.27095053444545,00:01:47.817
84300,117.27064201654417,00:01:47.950
84400,117.27033408454542,00:01:48.087
84500,117.27002673310204,00:01:48.220
84600,117.26971995691198,00:01:48.352
84700,117.26941375071563,00:01:48.484
84800,117.2691081092918,00:01:48.617
84900,117.26880302746288,00:01:48.759
85000,117.2684985000947,00:01:48.893
85100,117.2681945220932,00:01:49.026
85200,117.26789108840599,00:01:49.164
85300,117.26758819402478,00:01:49.301
85400,117.26728583398541,00:01:49.434
85500,117.26698400335876,00:01:49.567
85600,117.26668269726456,00:01:49.704
85700,117.26638191086212,00:01:49.835
85800,117.2660816393548,00:01:49.967
85900,117.26578187798701,00:01:50.101
86000,117.26548262204355,00:01:50.238
86100,117.26518386685832,00:01:50.370
86200,117.26488560780042,00:01:50.504
86300,117.26458784028866,00:01:50.635
86400,117.26429055977658,00:01:50.765
86500,117.26399376176911,00:01:50.895
86600,117.26369744180758,00:01:51.025
86700,117.2634015954777,00:01:51.155
86800,117.26310621841262,00:01:51.285
86900,117.26281130628327,00:01:51.414
87000,117.26251685480298,00:01:51.547
87100,117.26222285973425,00:01:51.686
87200,117.26192931687706,00:01:51.819
87300,117.2616362220765,00:01:51.955
87400,117.2613435712225,00:01:52.092
87500,117.26105136024819,00:01:52.234
87600,117.26075958512686,00:01:52.461
87700,117.26046824187844,00:01:52.616
87800,117.26017732656695,00:01:52.761
87900,117.25988683529704,00:01:52.893
88000,117.25959676422003,00:01:53.025
88100,117.25930710952863,00:01:53.163
88200,117.25901786745918,00:01:53.296
88300,117.25872903429618,00:01:53.429
88400,117.25844060635968,00:01:53.562
88500,117.25815258002285,00:01:53.696
88600,117.25786495169692,00:01:53.829
88700,117.25757771783842,00:01:53.963
88800,117.25729087494831,00:01:54.098
88900,117.2570044195724,00:01:54.233
89000,117.25671834829697,00:01:54.365
89100,117.25643265775632,00:01:54.505
89200,117.25614734462869,00:01:54.642
89300,117.25586240563271,00:01:54.774
89400,117.25557783753487,00:01:54.904
89500,117.25529363714661,00:01:55.036
89600,117.25500980131821,00:01:55.168
89700,117.25472632694897,00:01:55.298
89800,117.25444321098067,00:01:55.429
89900,117.25416045039981,00:01:55.562
90000,117.2538780422366,00:01:55.693
90100,117.25359598356613,00:01:55.825
90200,117.25331427150823,00:01:55.956
90300,117.25303290322346,00:01:56.089
90400,117.25275187592132,00:01:56.224
90500,117.25247118685171,00:01:56.362
90600,117.2521908333125,00:01:56.501
90700,117.25191081264155,00:01:56.634
90800,117.25163112222536,00:01:56.768
90900,117.25135175949097,00:01:56.899
91000,117.25107272190986,00:01:57.031
91100,117.25079400700052,00:01:57.164
91200,117.25051561232142,00:01:57.302
91300,117.25023753547856,00:01:57.436
91400,117.24995977412073,00:01:57.567
91500,117.24968232594003,00:01:57.702
91600,117.24940518867281,00:01:57.835
91700,117.2491283600991,00:01:57.965
91800,117.24885183804446,00:01:58.101
91900,117.24857562037482,00:01:58.231
92000,117.24829970500453,00:01:58.363
92100,117.24802408988585,00:01:58.496
92200,117.24774877301878,00:01:58.635
92300,117.24747375244625,00:01:58.765
92400,117.24719902625408,00:01:58.894
92500,117.24692459257196,00:01:59.022
92600,117.24665044956961,00:01:59.154
92700,117.24637659546569,00:01:59.284
92800,117.24610302851788,00:01:59.418
92900,117.24582974702714,00:01:59.557
93000,117.24555674933953,00:01:59.690
93100,117.24528403384164,00:01:59.824
93200,117.24501159896501,00:01:59.955
93300,117.24473944318251,00:02:00.087
93400,117.24446756500936,00:02:00.220
93500,117.24419596300197,00:02:00.353
93600,117.24392463576281,00:02:00.485
93700,117.2436535819337,00:02:00.619
93800,117.24338280019964,00:02:00.755
93900,117.2431122892844,00:02:00.888
94000,117.24284204796015,00:02:01.022
94100,117.24257207503533,00:02:01.157
94200,117.24230236936104,00:02:01.295
94300,117.24203292983101,00:02:01.429
94400,117.24176375537887,00:02:01.573
94500,117.2414948449799,00:02:01.706
94600,117.24122619765147,00:02:01.842
94700,117.24095781245046,00:02:01.978
94800,117.24068968847395,00:02:02.118
94900,117.24042182486053,00:02:02.254
95000,117.24015422078999,00:02:02.387
95100,117.23988687548032,00:02:02.519
95200,117.23961978819138,00:02:02.658
95300,117.23935295821927,00:02:02.792
95400,117.23908638490549,00:02:02.922
95500,117.23882006762679,00:02:03.051
95600,117.2385540058016,00:02:03.180
95700,117.23828819888512,00:02:03.310
95800,117.23802264636959,00:02:03.440
95900,117.23775734779392,00:02:03.573
96000,117.23749230272841,00:02:03.703
96100,117.2372275107827,00:02:03.837
96200,117.23696297160836,00:02:03.970
96300,117.23669868488997,00:02:04.107
96400,117.23643465035293,00:02:04.249
96500,117.23617086775846,00:02:04.395
96600,117.23590733690655,00:02:04.538
96700,117.23564405763383,00:02:04.677
96800,117.23538102981176,00:02:04.809
96900,117.23511825335102,00:02:04.946
97000,117.2348557281981,00:02:05.081
97100,117.23459345433461,00:02:05.214
97200,117.23433143177702,00:02:05.349
97300,117.23406966058187,00:02:05.479
97400,117.23380814083664,00:02:05.613
97500,117.23354687266429,00:02:05.747
97600,117.23328585622674,00:02:05.879
97700,117.23302509171498,00:02:06.008
97800,117.23276457935921,00:02:06.142
97900,117.23250431942009,00:02:06.272
98000,117.23224431219536,00:02:06.407
98100,117.2319845580128,00:02:06.542
98200,117.2317250572363,00:02:06.674
98300,117.23146581026157,00:02:06.810
98400,117.23120681751718,00:02:06.941
98500,117.23094807946698,00:02:07.069
98600,117.23068959660117,00:02:07.202
98700,117.23043136944861,00:02:07.335
98800,117.2301733985624,00:02:07.468
98900,117.22991568453445,00:02:07.600
99000,117.22965822798236,00:02:07.733
99100,117.22940102955698,00:02:07.869
99200,117.22914408994062,00:02:08.006
99300,117.22888740984222,00:02:08.142
99400,117.22863099000415,00:02:08.283
99500,117.22837483119682,00:02:08.422
99600,117.22811893421861,00:02:08.559
99700,117.22786329989982,00:02:08.690
99800,117.22760792909531,00:02:08.823
99900,117.22735282269483,00:02:08.954
100000,117.2271005287037,00:02:09.084