4.96,1.98,1.71,3.32,4.99,2.02,1.99,4.95,2.04,4.4,3.55,1.02,3.02,2.03,2.68,4.99,2.02,3.65,2.02,4.97,2.71,3.88,3.27,4.25,1.82,1.36,4.35,4.57,2.87,3.56,4.02,3.53,3.98,5.47,4.04,4.07,4.39,3.59,3,2,3.27,3.14,3.47,4.9,4.87,2.05,4.3,3.68,4.51,4.59,3.88,2.75,2.7,3.42,3.94,2.37,2.72,2.72,4.23,3.38,2.75,3.1,3,3.99,4.26,3.03,3.3,2.79,3.61,1.45,3.99,1.79,4.06,3.01,3.98,3.04,2.73,3.45,3.06,2.8,4.42,3.67,4.55,4.12,1.81,0.72,3.48,3.35,2.94,2.48,3,2.67,4.01,4.56,1.55,4.34,1.82,4.08,3.16,5.18,3.86,2.06,3.04,3.01,4.98,2.68,2.63,2.99,4,3.02,3.69,3.57,3.49,3.78,3.81,2.83,3.39,3.84,4.98,2.72,4.01,2.9,3.02,3.32,3.41,2.82,4.13,3.16,4.15,4,3.77,2.81,4.05,2.75,4,4.59,3.27,2.87,3.03,2.83,3.95,4.98,3.3,3.01,2.35,2.09,4.97,4.97,2.12,4.97,1.9,2.57,3.01,3.45,4.12,2.02,2,1.68,1.85,3.01,3.37,3.71,0.45,2.9,4.98,2.02,4.45,2.9,4.99,3.72,2.73,3.84,2.99,2.92,2.79,3.01,5.02,4.37,4.98,2.43,2.83,4.99,3.99,3.62,3.17,2.59,3.45,4.81,2.95,3.74,3.67,3.79,1.79,5.71,3.52,2.79,2.9,2.47,5.5,4.96
3.84,1.93,3.7,4.96,2.3,2,2.02,2.21,1.78,1.82,3.2,1.04,2.42,2.01,1.99,2.02,0.31,4.95,1.04,1.02,3.12,2.99,3.21,4.56,1.93,3.1,3.52,3.86,3.24,2.11,5.38,3.44,0.74,2.76,2.38,3.47,3.21,3.47,3.33,1.82,2.31,0.24,2.18,3,4.4,2.38,2.89,3.72,2.89,3.09,2.33,2.77,2.78,2.77,2.57,1.15,3.41,1.15,3.38,3,2.79,3,2.24,3.59,2.84,2.32,3.24,3.27,2.01,2.14,2.99,2.01,3.31,4.12,3.68,2.73,2.12,1.93,3.06,2.59,1.65,3.68,1.98,1.99,1.76,0.85,2.88,3.27,2.57,0.8,3.99,2.89,2.51,2.82,0.65,4.91,2.31,3.52,2.32,4,1.27,1.08,3.67,2.46,3.98,1.95,1.44,2.99,2.16,2.18,2.83,2.71,2.87,3.99,2.99,2.2,2.2,1.6,3.19,2.02,2.63,2.04,3.51,2.06,3.05,3.13,2.56,2.4,2.69,1.48,2.99,2.51,1.9,2.01,1.87,2.9,1.84,2.87,3.48,3.52,2.61,3.11,2.16,1.9,3.44,2.32,4.3,3.53,1.82,3.11,0.58,2.71,3.3,3.54,4.97,1.75,1.73,3.21,2,2.79,2.63,1.96,1.5,1.3,3.69,2.3,3.88,0.69,3.36,2.62,2.55,2.34,3.83,2.28,2.89,3,4.02,3.16,2.13,0.27,2,4.19,2.65,0.73,3.06,3.16,2.98,4.73,2.87,3.76,3.99,2.33,2.59,2.85,2.78,2.76,2.99,3.05,2.02,3.91
4.15,4,2.99,2.02,2.85,4.96,1.04,3.98,2.38,3.01,4.96,3,4.98,3.91,3,3.99,4.1,3.99,1.01,3,3.75,3.26,3.77,2.77,3.1,3.54,3.19,3.78,3.27,4.17,3.7,4.86,3.84,5.12,2.73,3.32,2.35,3.46,4.67,4.41,4.01,1.93,2.55,2.92,5.27,2.39,3.69,4.11,5.06,3.84,4.31,2.99,1.52,2.16,4.52,1.95,4.24,4.54,3.81,3.24,2.6,2.92,3.57,2.6,3.73,2.9,3.47,3.18,3.62,3.53,4.22,2.62,2.99,2.74,3.38,3.99,3.29,2.95,4.1,3.51,3.88,3.67,3.59,3.98,3.38,1.78,5.49,3.65,2.69,3.25,3.78,2.02,3.08,3.48,1.56,2.57,1.43,3.31,1.75,3.7,2.44,2.32,4.99,4.16,4.31,1.54,2.86,4.01,3.18,3.6,3.99,2.89,3.68,3.49,2.98,2.99,4.08,4.24,4.18,1.81,3.56,3.67,3.43,3.34,2.65,3.32,4.05,5,3.23,3.67,2.65,2.97,4.65,3.18,3.15,3.15,2.46,2.24,3.89,4.63,4.02,4.53,3.78,2.02,2.48,3.25,4.01,4.81,3.15,4.75,2.99,3.49,3.32,3.85,3.67,2.47,3.17,3.95,3.37,3.58,3.15,4,1.36,2.39,2.79,3.24,4.06,2.21,3.97,2.88,4.14,3.8,2.96,2.99,4.07,3.02,4.53,5.04,2.74,3.72,3.19,4.61,3.76,2.52,4.2,3.88,4.93,3.82,2.39,4.52,3.22,3.76,2.99,4.95,3.04,3.84,2.48,2.2,4.16,3.71
2.04,2.22,1.7,1.91,3.97,2.84,3.22,2.69,4.98,4.49,2.99,4.18,2.01,1.03,2.6,2.03,3.65,2.99,3.83,4.98,1.78,3.61,3.35,2.67,3.26,3.87,3.89,3.88,4.01,2.87,1.15,2.81,2.91,3.42,5.23,2.37,4.2,3.75,3.37,2.58,3,2.92,3.33,3.96,2.36,4.97,3.85,2.74,4.14,3.88,3.1,3.31,4.22,3.45,2.43,4.51,3.05,2.03,3.28,3.21,2.57,1.88,1.66,3.21,3.01,2.95,2.96,2.41,4.04,2.34,1.77,2.5,3.88,0.74,2.17,2.99,3.54,3.07,3.01,3.05,3.46,4,4,1.69,3.59,2.07,2.55,2,3.29,2.45,2.55,2.94,3.87,3.56,2.59,1.04,1.62,3.03,3.33,4.75,3,3.15,3.27,3.91,2.85,3.51,4.17,1.8,3.41,2.09,3.23,3.98,2.04,3.14,2.71,4.04,3.93,3.45,3.99,2.99,3.4,2.99,2.29,1.55,3.37,3.29,3.5,2.69,3.43,1.44,2.5,2.7,3.15,2.43,4.64,3.35,3.78,3.87,4,2.73,1.97,2.99,4.02,3.39,1.01,2.6,3.27,1.71,2.13,2.89,2.65,3.31,3.62,1.92,1.94,3.98,3.22,3,2.7,3.48,4.35,3.33,2.05,2.89,3.73,3.49,3.75,3.72,1.09,3.51,1.44,3.4,2.88,2.93,4,4.46,3.37,3.75,3.42,2.57,1.9,3.48,2.01,3.99,3.73,3.39,3.2,4.5,3.59,1.41,3.33,3.84,2.52,2.25,3.11,2.99,2.38,2.76,1.26,3.23
2.43,1.02,2.01,3.66,4,3.98,1,5.58,3.32,3.8,2.02,3.99,3.51,2.44,2.99,2.74,2,1.02,2.99,3.99,2.21,4.25,3.47,3.6,3.25,3.48,3.69,3.37,2.36,3.33,2.55,4.45,3.02,5,3.26,2.83,3,4.1,3.1,3.4,3.53,3.95,2.1,2.91,3.1,3.05,3.9,3.96,4.37,3.88,2.55,4.11,2.71,2.43,4.06,2.98,3.67,1.97,3.31,3.74,2.58,2.74,2.95,2.66,2.72,3.9,2.52,2.3,2.69,2.59,1.3,2.13,2.8,3.34,1.99,3.87,2.98,1.47,2.39,2.88,3.65,4.4,4.11,3.25,3.32,1.61,3.58,1.34,2.55,1.16,2.83,2.44,2.98,3.05,2.07,1.97,0.73,2.9,3.82,4.51,1.14,3.28,3.51,2.98,4.9,1.92,3.09,3.88,1.96,3.11,3.37,3.33,2.65,2.77,4.66,3.16,4.32,2.8,4.21,0.32,3.1,3.99,4.4,2.99,2.97,3.66,4.6,3.01,3.19,3.97,3.23,3.97,4.97,3.97,4.62,3.02,3.17,2.29,3.94,3.21,3.13,3.16,4.75,2.4,2.48,4.55,3.09,5.58,2.74,4.33,3,2.59,3.98,4.99,4.11,2.45,4,2.6,2.48,3.02,4.99,2.12,1.01,1.94,4.46,3.94,4,1.02,3.52,3.7,1.97,4.51,2.81,2.84,4.94,4.33,3.93,5,2.88,1.01,1.62,5.07,1.92,2.95,3.93,4.1,4.99,5.09,2.83,3.98,4.97,4.15,3.15,4.57,3.71,3.23,2.36,2.35,3.85,4
3.72,1.9,2.64,4.95,4.96,2.84,0.67,3.63,3.01,2.65,2.01,4.96,4.98,3.75,3.16,2.01,2.28,3,1.03,2.03,1.77,4.16,5.5,3.07,4.48,5.06,2.38,3.75,3.43,4.34,3.26,2.94,1.76,4.49,4.36,3.43,4.24,4.49,3.37,1.4,2.42,0.14,4,4.97,3.27,3.99,4.19,5.03,4.99,4.67,3.41,4.64,3.67,3.81,4.26,2.98,4.98,2.9,3.31,3.04,3.71,3.93,2.17,3.01,3.6,3.99,4.86,2.99,3,2.1,3.43,1.87,4.45,3.81,3.89,2.76,3,1.97,2.69,4.55,4.02,5.98,3,2.98,3.99,1.77,4.26,2.46,2.7,2.18,2.82,2.87,3.72,3.11,2.02,3.1,0.87,3.58,2.62,5.73,2.26,1.27,3.52,3.32,4.71,2.97,4.18,3.51,4.11,2.76,3.6,4.88,3.85,3.7,4.5,3.65,4.99,3.08,4.1,0.9,3.2,3.63,3.14,2.62,4.68,4.57,2.97,2.78,3.4,3.12,2.82,3.44,4.91,2.87,2.91,3.75,1.58,2.92,3.72,4.13,3.2,4.14,4,2.59,4.1,3.27,4.91,4,1.98,4.73,4.17,3.94,2.01,3.56,4.89,2.7,2.85,3.14,1.64,2.59,4.18,1.99,2.99,2.45,3.45,2.91,3.97,1.68,3.13,3.22,1.94,4.98,4.35,1.6,4.34,2.72,5.04,4.42,3.51,3.09,2.07,6.16,3.54,2.99,5.36,3.7,4.14,4.91,3.57,4.1,3.17,2.84,4.01,3.68,3.22,2.72,2.99,3.99,2.25,4.33
3.99,3.99,2.2,3.01,1.01,2.42,1,3.48,3.86,3.5,3.26,2.98,4.16,3.34,3.77,2.91,4.34,3.76,4.49,2.87,2.66,2.57,2.96,1.85,0.91,4.15,2.78,3.17,2.09,3.76,3.74,4.34,4.98,4.97,4.5,3.98,2.99,2.43,4.16,3.81,3.99,0.48,1.78,3.3,3.81,3.15,2.03,3.01,4.21,3.42,3.87,2.01,3.24,2.38,4,2.2,3.48,2.72,2.09,4.01,3.98,2.55,2.25,2.86,3.22,2.45,3.96,2.67,3.07,1.92,3.27,2.67,3.98,4.15,3.97,3,2.36,3.24,2.21,3.62,4,3.34,4.26,2.48,2.74,1.98,2.71,3.17,3.05,2.46,3.93,2.83,3.96,3.92,2.86,3.1,2.46,2.45,2.01,4.13,1.83,2.83,3.69,4.98,2.96,2.85,3.98,2.33,3.38,2.51,3.7,3.36,4.16,3.53,3.47,3.99,3.11,3.5,3.83,2.21,4,3.68,3.79,2.17,3.91,2.62,3.9,4.41,3.99,1.87,3.05,1.31,3.29,1.87,2.65,3.08,2.7,2.5,2.67,3.26,3,2.97,3.19,3.4,1.76,3,3.55,3.55,1.02,3.4,2,3.86,1.75,3.17,2.63,2.32,4.53,3.99,3.35,4.21,3.75,3,2,2.08,3.97,1.03,2.9,2.03,3.11,3.01,4.97,2.46,2.94,3.98,3.3,2.62,3.99,3.73,2.46,2.4,3.06,4.03,3.94,4.46,3.89,4.97,1.99,3.65,4.03,3.59,2.07,2.87,3.18,3.68,3.99,2.54,1.74,3.13,3.95,1.86
2.01,3.98,1.43,2.02,4.96,3,3.01,1.03,2.02,3.7,3.94,1.62,1.03,1.14,3.01,4.97,4,4.96,2.99,4.8,3.45,2.77,2.95,3.24,2.32,2.51,5,4.22,4.75,3.63,2.83,3.44,3.34,3.3,4.66,2.34,4.36,3.13,2.95,2.88,3.87,2.86,2.95,2.52,3.24,2.81,3.49,2.82,3.57,3.86,4.07,4.26,3.4,3.39,1.02,3,3.45,2.45,4.66,3.11,2.45,1.85,2.13,4.06,3.5,2.63,3.37,4.7,3.17,2.75,2.5,2.63,3.21,1,3.94,3.23,3.89,4.01,3.35,1.57,2.41,2.31,3.21,1.51,2.68,1.81,2.09,4.34,3.8,2.93,3.36,3.31,3.98,4.77,1.41,2.34,2.66,3.53,2.59,4.38,3.99,3.02,3.69,3.57,3.07,3.26,1.51,2,4.7,1.4,3.15,2.56,2.19,4.99,2.72,2.5,2.98,2.84,4.7,4.65,3.48,1.43,0.64,2.04,3.87,3.32,2.8,2.68,3.77,1.25,2.65,1.62,2.04,2.19,3,3.36,3.99,3.98,4.28,4.65,2.27,3.25,2.77,3.06,1.36,1.99,2.76,2.14,2.68,3.01,1.13,3.04,4.28,1.29,1.72,2.93,2.97,1.64,3.22,3.71,3.25,4,2.67,3.98,4,3.11,3.24,4.09,3.41,2.56,2.89,2.51,3.8,4.24,3.95,3.22,3.21,3.43,4.98,1.97,3.39,3.2,1.75,3.1,3.44,2.41,2.96,3.45,3.02,1.38,4.13,3.39,0.31,3.29,3,4.02,2.81,3,2.62,2.47
2.02,2.12,1.01,4.98,3.24,1.02,0.62,3.25,3.01,3.73,1.03,3,2.66,2.25,3.98,2.99,2.23,3,3.97,3.38,2.56,3.56,3.29,3.02,1.28,3.7,3.19,3.33,1.98,3.3,3.87,3.94,3.6,4.32,5.29,3.31,3.93,2.94,2.46,2.14,3.29,1.39,1.58,3.02,2.72,2.63,2.29,3.41,3.31,3.68,2.47,3.68,4.23,3.54,2.99,2.03,3.73,0.81,2.66,3.81,4.66,2.31,1.74,3.09,3.27,3.32,3.83,3.46,1.96,1.29,1.8,2.06,4.03,4.96,3.7,2.37,2.61,2.63,1.76,2.77,3.24,3.84,3.65,1.55,2.11,2.19,0.92,2.5,3.1,0.49,2.9,3.27,3.6,3.99,2.78,3.61,2.11,2.99,3.28,5.14,0.92,2.55,2.92,3.4,3.42,3.99,2.61,2.57,2.98,1.57,3.03,2.79,3.97,3.99,5,3.18,2.36,2.02,4.21,1.9,3.17,3.4,2.99,2.13,4.99,3.02,3.01,2.84,3.77,2,2.66,1.99,2.89,2.01,2.91,2.77,2.59,3.27,3,3.18,2.96,2.31,3.23,3.75,2.49,3.39,3.27,3.16,1.21,3.91,1.67,4.05,2.58,3.88,3.33,2,4.97,2.41,2.75,4,4.41,1.02,2.98,2.4,5,1.47,3.01,1.18,4.2,3,3.54,3,3.99,3.98,3.01,3.44,4.25,3,3.11,0.86,1.91,4.97,1.99,4.05,3.01,3.82,2.01,3.99,3.69,3,3.99,2.19,2.3,3.15,4.98,2.07,1.95,3.38,3.05,2.4
1.03,3.56,3.98,3.98,1.01,4.06,2.44,3.98,2.21,3.23,2.01,2.54,2.13,2.68,3.17,4.97,3.33,2.44,3.23,3.8,4.65,3.98,1.51,2.83,3.16,2.43,4.34,2.41,2.07,4.3,3.45,4.3,3.62,4.36,4.96,2.9,4.43,2.91,4.65,4,4.99,2.51,3.61,1.57,4.06,3.54,3.59,4.41,3.63,3.99,3.6,3.99,3.6,3.27,3.66,3.04,5.11,2,2,3.74,1.46,2.31,2.69,3.8,1.83,2.88,4.33,3.62,2.92,3.99,2.4,1.17,3.9,3.18,2.87,3.4,3.07,1.79,2.47,2.65,4.02,3.99,3.96,3.96,2.33,1.87,3,2.99,2.78,3.24,3.42,2.8,1.74,3,1.78,2.52,1.02,4.99,4.98,3.76,2.45,2.98,4.99,3.92,4.15,0.92,2.58,2.19,1.28,3.08,3,4.01,2.88,3.2,2.37,3.56,3.33,2.11,2.02,2.54,2.99,3.82,1.64,2.57,2.61,3.5,4.23,4.13,3.69,2.2,3.96,3.18,3.69,3.75,2.9,3.31,3.93,2.84,3.46,5.17,3.95,3.23,2.78,4.17,3.13,3.85,3.73,3.53,2.88,3.23,2.09,3.02,3.9,3.68,4.62,2.16,2.91,3,3.63,3.57,1.77,3.46,1.86,2.85,3.07,4.46,2.61,2.77,3.25,2.66,2.99,4.98,3.99,4.97,2.69,3.43,3.03,4.78,3,2.5,4.17,3,2.12,3.23,2.28,2.18,2.94,3.49,2.01,3.38,3,4,3.71,4.11,2.02,2.48,3.17,4.82,4.11,3.22
2.98,4,3.71,1,1.21,4.22,3,2.01,2.18,1.03,3.45,2.34,3.48,3.66,2.98,3,4.97,3,1.61,1.02,2.05,1.12,2.85,0.48,2.53,3.07,2.96,2.13,3.2,3.34,2.47,4.27,2.91,3.91,2.42,2.99,2,2.04,3.98,3.65,3.11,0.32,3.66,2.01,2.49,3.12,2.94,2.58,3.75,3.59,4.98,3.99,2.17,1.84,2.4,1.83,3.75,3.49,2.34,3.25,1.19,2.72,2.8,3.6,1.48,2.44,3.98,2.67,1.78,3.17,2.73,2.34,2.95,0.87,3.8,3.53,1.98,2.83,1.85,2.49,3.53,3.55,2.43,2.56,3.91,1.8,3.01,3.92,2.29,4.97,4.47,3.02,3.4,2.61,0.8,1.93,0.62,3.13,1.92,2.82,2.92,1.87,3.59,4.8,2.94,1.02,3.1,1.97,3.95,2.99,2.99,3.34,1.99,3.19,1.89,2.91,4.98,3,2.98,1.41,3.09,1.8,1.63,1.55,2.68,3.04,3.45,2.61,3.08,1.98,3.2,0.92,3.08,2.51,0.75,2.82,2.96,1.58,2.81,4.91,2.56,2.74,2.34,1.9,2.71,3.21,2.19,4.23,2.38,2.01,2.01,2.72,1.18,0.97,2.86,2.01,3.12,2.01,3.15,2.88,1.49,3.26,1.26,2.53,2.32,2.16,2.9,1.74,1.81,3.06,2.87,2.72,3.88,3.08,4.12,1.36,2.36,4.69,2.83,3.22,3.98,3.58,3.55,2.99,5.1,3.86,3.38,3.21,3.57,3.6,1.66,2.76,3.63,3.49,1.55,4.5,3.36,3.48,3.13,0.75
4.96,3,4.63,3.98,1.01,2.99,3.98,3.29,4.98,4.08,4.05,2.36,2.01,2.02,2.02,1.98,2.02,4,4.96,4.02,3.28,3.29,1.29,4.27,2.83,4.18,4.31,4.08,4.11,2.85,4.18,4.52,2.83,3.23,3.62,4.48,3.94,3.89,4.98,4.33,3.64,1.53,2.69,3.92,3.88,5.09,3.82,3.73,3.99,3.36,3,1.97,4.25,2.08,3.66,3.23,2.99,0.71,2.9,4.83,2.23,2.92,2.1,4.13,2.28,1.9,2.78,2.51,3.16,2.99,2,2.71,3.9,3.33,3.63,3.27,2.72,2.31,2.94,3.72,2.94,3.48,3.88,2.67,3,0.55,2.98,2.13,3.21,2.14,5.12,4,2.99,3.32,2.28,3.49,2.73,3.1,3,3.92,2.13,3.04,4.17,4.38,4.37,1.7,4.14,2.21,1.99,3,3.47,4.52,2.63,3.85,2.99,4.98,3.51,2.53,2.9,2.88,4.36,3.46,4.39,1.86,1.98,3.18,4.89,3.39,4.01,0.44,4.98,2.59,2.69,3.33,4.29,4.18,3.61,3.19,4.51,2.98,1.72,2.92,4,3.01,1.77,3.02,4.28,3.46,1.79,1.56,1.02,1.86,4.22,3.39,4.07,3.02,2.61,4.35,2.98,3.5,3.97,3.55,1.1,2,4.12,4.44,3.78,2.74,1.97,3.16,3.59,2.49,3,3.45,3.83,4,3.2,4.07,2.56,-0.21,2.46,2.99,3.12,3.45,2.9,5.53,2.77,5.11,3.47,3.71,3.57,4.96,3.42,3.46,2.41,3.44,3.15,4.02,3.02,3.64
4.98,1.03,2.97,2.8,4.65,1.03,3,3.66,4.95,5.02,3.99,2.75,3.1,3,2.99,2.64,2,4.98,1.02,4.97,2.98,3.26,3.24,3.67,2.79,3.12,3.11,5.26,4.56,1.82,3.01,4.86,2.82,4.37,4.04,4.37,3.98,4.33,3.43,2.91,1.02,1.83,3.68,5.35,4.03,4.01,4.98,2.97,4.74,4.23,2.97,2.45,3.82,3.61,4.62,1.15,2.97,1.57,3.99,4,3.98,3,2.74,3.82,3.99,3,3.43,2.35,3.43,2.05,4.2,2.22,4.5,2.66,3.66,2.01,2.26,4.33,4.4,3.86,4.39,4.44,4.2,2.63,3.49,1.33,2.68,2.87,3.36,2,3.02,3.97,4.01,3.61,2.43,4.23,1.92,4.01,2.16,5.33,2.25,1.25,3.99,3.52,4.15,4.53,4.43,3.22,3.82,3.71,3.41,3.22,3.86,3.48,3.98,3.92,3.49,3.36,4.72,2.85,4.44,3.88,2.39,2.12,3.11,3.43,4.07,3.01,3.35,2.02,2.62,3.32,2.68,2.46,4.13,3.97,2.72,3.68,3.71,2.65,4.03,3.89,4.26,3.26,1.81,2.37,6.05,3.21,2.21,4.58,1.45,3.99,3.12,2.75,3.76,2.98,3.28,3.64,2.93,3.69,4.2,2.65,1.36,2.73,4.55,2.8,5.25,2.14,3.97,3.65,2.75,2.91,3.86,2.36,1.92,4.53,5.11,3.46,3.36,2.75,1.1,6.21,3.61,3.59,2.42,4.01,3.97,5.54,2.6,4.77,3.3,4.15,3,4,4.88,3.41,3.25,2.76,2.11,4.87
1.03,2.02,1.99,1.03,3.73,3.71,3.99,2.99,4.12,2.99,3.59,2.85,2.06,1.01,3.27,2.26,4.11,3.37,3,3.19,1.86,2.21,4.69,2.45,1.1,3.2,5.01,3.83,3.98,1.44,1.6,4.44,3.04,4.02,3.69,2.09,2.63,3.07,2.85,2.94,2.85,4.45,2.81,1.9,2.65,3.35,3.44,1.26,3.44,3.71,3.75,4.66,3.28,3.26,0.93,3.36,2.86,2.74,3.64,3.16,2.67,1.66,3.37,4.25,2.86,3.55,3.1,2.64,3.08,2.56,1.37,3.07,2.77,0.14,1.72,4.45,2.83,3.91,2.68,1.13,2.99,4.18,3.56,0.89,3.85,3.05,1.82,3.5,3.46,2.62,3.71,3.11,4.88,3.39,1.34,1.73,1.38,3.67,4.03,4.58,2.48,3.53,3.37,4.67,2.67,3.74,2.71,2.41,3.46,2.56,3.17,2.2,1.05,3.17,2.46,2.11,4.63,3.22,5.34,2.23,3,1.93,3.1,1.02,3.98,3.01,3.72,1.68,3,2.56,1.73,2.02,2.3,2.02,3.02,2.01,4.97,3.51,3.49,3.64,2.83,2.64,3.01,2.65,2.01,4.13,2.08,4.09,3.43,3.29,1.01,4.01,3.79,2.02,2.25,3.42,4.99,1.82,3.83,4.01,4.02,2.97,0.58,2.44,5,2.01,4.97,1.43,1.88,4.99,0.88,2.76,4.07,4.01,4.97,4.98,3.3,4.98,2.57,2.44,2.46,4.74,1.68,2.49,4.99,3.52,4.96,5.67,4.98,2.01,4.98,2.99,3.02,2.6,4.32,4.99,3.02,1.57,1.33,2.01
3.18,4.99,3.97,3.99,1.01,2.86,1.03,3.64,3.41,4,2.32,3.88,3.94,3,2.65,3.99,3.99,2.01,4.97,4.98,5.04,3.69,2.49,2.62,2.55,4.23,3.17,3.42,3.06,6.09,3.28,3.91,5.66,4.38,5.11,3.98,4.81,3.4,4.04,4.37,4.6,1.28,3.86,3.01,3.76,4.25,3.95,4.49,5.03,3.64,3.67,2.88,3.99,2.56,4.98,3.87,4.86,2.58,1.02,3.97,3.31,3.14,2.63,3.35,2.9,2.34,4.97,3,4.04,2.68,3.26,1.02,4.18,4,3.56,2.66,2.92,2.6,2.02,3.99,4.89,3.99,4.42,4.13,3.03,1.21,3.78,2.66,3.29,2.65,3.38,3.5,2.83,3.66,3,2.42,1.36,4.51,3.34,4.39,3.67,2.87,3.91,5.01,3.72,1.5,4.98,2.21,1.81,3.3,3.7,4.64,3.46,3.23,3.14,4.93,4.34,2.39,3.01,2.92,4.65,4.67,1.96,2.21,2.45,3.42,4.39,4.31,4.44,1.4,3.33,2.02,3.85,3.51,3.35,3.42,3.77,2.26,2.98,4.08,3.92,3.99,3.82,4.12,3.01,3.64,4.56,3.01,1.99,2.86,2.56,3.28,2.72,2.73,3.72,2.54,3.77,3.4,3.05,3.2,3,4.08,2.35,3.28,3.38,3.79,2.32,3.98,3.32,2.09,4.1,4.71,3.08,4.74,2.17,2.13,3.82,4.55,3.51,2.99,3.72,3.88,3.11,4.5,2.23,3.79,2.18,3.15,2.4,4.1,2.37,4.58,3.25,4.99,2.09,2.42,2.5,4.97,3.65,3.05
2.99,2.98,1.03,2.59,2.15,3.11,1.03,3.84,4.28,4.99,4.03,3,2.93,2.65,3.99,3.7,4,4.96,3.99,4.19,2.67,3.81,2.02,2.73,1.96,3.4,3.38,3.41,1.82,2.74,3.17,3.96,4.09,4.99,5.38,2.94,3.4,2.87,4.98,3.97,4.54,1.9,0.82,3.37,4.78,3.25,1.91,3.21,3.94,3.51,3.13,1.28,3,3.01,3.96,2.29,3.38,2.51,3.5,3.7,3.3,1.54,1.58,2.06,3.6,2.6,2.74,3.12,3.99,2.82,3.35,3.13,3.96,3.64,3.01,3.07,3.43,3,3.99,3.55,3.32,2.58,4.97,2.36,2.11,2.28,3.12,2.75,3.19,1.97,2.76,1.67,3.12,4.13,3.1,2.38,3.34,1.87,2.33,4,1.04,3.5,5.03,3.66,3.01,3.25,2.9,2.55,3.16,2,3.58,2.99,4.54,3.55,2.96,3.74,1.26,4.16,3.39,3.25,3.28,3.98,3.75,3,3.79,2.82,3.84,5.74,3.48,2.02,2.92,3.13,3.46,1.9,4.37,3.4,2.41,3.74,3.74,3.11,2.76,2.86,3.51,3.89,0.03,2.01,3.87,2.25,1.19,4.45,2.4,3.85,3.76,4.3,2.01,2.99,3.37,5.45,3.73,4.87,4.29,3.5,2.32,1.92,3.48,2.2,2.96,2.83,2.9,2.68,4.88,2.54,2.11,3.75,3.5,4.57,3.97,2.98,2.32,2.35,2.53,2.76,3.17,4,3.05,3.77,2.25,3.67,2.79,2.27,2.27,3.34,2.33,2.76,4.46,1.5,1.03,2.29,3.89,3.35
4.25,2.97,1.04,4,4.98,2,1.12,3.78,1.71,3.51,3.01,2,3.32,2.99,2.03,4,1.03,2.71,1.01,4.06,3.52,3.19,3.71,3.77,2.28,3.43,2.78,3.77,3.51,4.01,3.21,3.16,3.86,3.76,4,3.79,3.77,3,3.26,1.31,2.88,2.76,2.73,4,4.98,1.48,4.42,4.28,4.01,3.56,3.15,2.62,3.35,2.98,3.02,2.78,3.01,2.89,3.31,2.42,3.8,2.46,2.89,3.43,5.11,2.05,3.97,2.76,3.07,1.4,2.76,1.01,2.79,3.01,3.26,2.12,3.15,2.64,2.42,3.16,3.58,3.95,2.64,3.19,2.06,0.92,3.33,1.55,2.37,1.66,3.09,2.08,3.26,3.09,1.96,2.99,1.33,3.74,2.42,4.98,2.84,1.26,3.05,3.93,5.61,2.94,2.53,2.43,2.74,2.25,3.09,3.51,3.6,3.37,3.05,2.54,4.05,3.38,4.07,2,3.54,3.71,3.02,2.03,3.86,1.96,2.97,2.65,3.95,2.87,2.81,1.92,4.3,2.25,3.04,3.58,2.12,3,3.07,3.01,2.94,5.23,2.58,2.23,3.3,2.45,4.99,3.74,3.5,4.24,2.08,2.62,2.96,3.94,3.95,1.35,2.54,1.02,2,1.93,3.14,2.37,1.07,2.94,3.24,2.99,4,2.02,5.24,2.65,2.67,4.43,4,2.8,2.04,2.11,4.96,4.41,2.7,2.47,2.22,4.73,2.99,2.79,2.09,2.53,4.37,3.23,2.77,2.53,3.24,3,2.49,4.96,3.29,2.55,2.21,2.13,3.74,4.32
2.18,3.42,1.01,2.96,4.27,3.99,2.61,4.29,3.96,4.77,3.97,2.84,2.19,1.99,3.98,4.62,3.98,3.99,4.97,4.98,3.17,3.4,3.62,3.59,1.38,3.88,5.34,3.97,3.51,3.22,2.6,4.54,4.98,5.04,5.61,3,4.11,3.18,4.4,3.63,5.08,4.97,1.81,2.59,4.62,3.05,3.39,3,4,3.99,3.98,3.7,4.04,3.47,2.02,4.04,3.52,2.91,4.08,3.83,3.52,1.65,2.99,4.15,4.3,3.2,3.69,3.74,4,2.85,1.78,3.03,3.16,2.4,2.73,4.33,4,3.63,2.93,2.2,3.36,3.51,4.82,1.93,3,2.63,2.51,2.94,3.94,2.35,3.93,2.59,4.7,4.46,2.61,2.06,3.01,3.26,4.2,5.25,2.55,4.58,4.56,5.1,4.39,3.8,2.67,2.35,3.6,2.08,3.72,3.37,3.01,4.16,3.02,3.04,3.81,3.89,5.06,3.5,3.84,3.48,4.13,2.08,4.93,3.03,4.5,3.74,4.42,2.54,3.31,2.56,3.68,2.44,4.26,3.35,4.73,4.28,4.19,4.11,2.64,3.65,3.3,3.77,1.56,3.76,3.39,4.16,3.36,4.15,1.6,3.63,5.02,4.18,2.49,3.01,4.75,2.87,4.25,4.4,5,3.89,1.39,3.03,5.15,3.04,4.14,2.67,3.76,4.13,3.29,3.7,3.91,5.3,5.08,4.92,3.98,5.09,3.05,1.8,3.39,3.85,2.34,3.67,4.12,3.82,4.46,4.95,4.62,1.54,4.6,4,2.64,3.94,4.78,3.68,2.13,2.37,3.98,3.11
3.96,1.05,2.01,3.55,4.98,2.98,2.56,5.11,4.01,4.97,3.25,2.55,1.79,3.97,3.97,4.97,2.33,4.01,3.01,4.62,2.03,3.11,1.52,3.22,3.4,2.91,3.92,3.28,3.2,2.33,1.76,4.23,3.13,5.25,4.98,3.76,4.78,3.58,4.99,3.24,3.37,3.19,2.86,4.25,4.22,3.74,4.29,3.63,4.08,4.36,3.61,2.92,3.84,3.25,3.67,2.01,3.55,1.6,3.97,4.2,2.05,2.51,2,3.99,3.13,3.04,3.7,2.93,3.06,3.09,2.72,2.1,3.64,2.69,3.58,2.7,2.72,2.67,2.97,3.39,3.9,3.54,5.01,2.83,3.3,1.02,2.49,1.9,3.26,3.27,3.1,2.71,3.63,3.35,2.38,2.68,2.85,2.67,3.28,4.91,2,3.05,4.99,3.46,5.69,2.96,3.52,2.06,4.36,2.78,2.95,4.9,3.77,3.6,3.02,3.67,3.62,3.21,3.06,3,3.97,3.85,3,2.4,3.98,3.98,4.99,3.35,3.99,2.01,4.98,4,4.01,3,3.97,4.97,3.02,3.7,4,4,2.3,3.32,3.41,3.71,1.16,2.46,5.37,4.45,2.25,4.1,2.01,2.02,3.99,4.03,3.45,2.01,2.02,3.44,3.26,2.99,4.41,3.56,1.1,2.75,4,3.95,3.34,2.25,3.76,3.19,2.93,4,3.81,3.4,4.2,3.99,3.28,4.25,3.47,1.2,2.93,3.79,3.58,3.61,3.44,3.41,3.99,4.99,2.74,2.93,2.02,4.98,3.44,4.36,3.73,2.52,2.64,3.84,4.92,4.39
2.85,4.97,4.92,1.99,1.02,3.97,4.96,1,3.46,2.98,4.39,2.51,2.4,3,2.35,3.1,3.99,4.28,1.04,3.98,5.25,2.95,1.58,2.5,4.42,3.63,3.7,3.75,5.14,3.56,4.16,6.08,2.73,2.5,3.59,3.71,2.79,3.13,4.9,4.96,3.23,1.02,3.99,2.36,3.57,4.33,4.6,4.01,4.03,3.85,4.11,3.99,3.99,2.73,3.2,2.12,4.26,2.08,3.42,4.26,2.2,2.26,3.08,4.11,2.36,2.02,3.48,3.86,2.15,4.51,2.54,2.51,3.9,1.42,4,3.11,3.58,3.48,4.24,3.32,3.54,3.92,2.01,3.01,3.68,2.12,2.91,3.61,2.72,4.01,5.32,4.51,2.01,3,1.72,2.79,0.56,5,2.67,3.14,2.41,1.53,4.99,5.16,3.66,2.13,2.98,2.75,2.02,3.52,3.31,2.77,2.73,4.2,2.77,4.39,4.07,3.02,3,2.76,3.59,3.33,0.92,1.91,1.73,2.74,3.6,3.88,3.46,0.98,3.3,1.75,2.71,3.7,2.89,3.14,3.37,3.38,5,5.17,3.44,3.32,3.76,2.83,2.81,3.61,3.28,2.14,4.02,2.01,1.55,3.75,3.83,2.04,3.99,3.14,4.07,2.96,4.34,4.32,1.5,2.74,2.61,3.6,2.24,5.45,4.35,2.99,3.02,2.76,4,3.01,4.97,3.98,2.19,3.65,3.57,4.36,2.63,3.12,2.97,3.89,2.1,3.77,1.99,4.36,3.92,2.99,2.19,4.2,3.88,3.82,3.36,3.31,2.46,5.14,4.31,3.96,1.71,2.31
4.52,3.49,4,3.76,1.89,3.02,2.55,4.09,3.29,3.32,2.7,3.25,3.88,4.97,2.48,3.54,2.38,2.05,1.23,3.67,3.98,3.06,1.7,2.18,4.34,4.01,2.02,2.69,3.34,4.35,3.01,4.76,3.7,4,4.08,4.66,3.63,3,5.17,3.51,2.99,0.88,4.19,3.99,4.21,3.8,4.98,4.98,4.59,3.99,3.83,2.8,4.01,2.53,4.99,2.28,4.25,2.37,1.9,3.88,2.55,3.06,2.82,3.63,3.01,2,4.62,2.26,2.43,3.18,2.96,0.91,3.86,3.1,3.81,2.01,2.57,2.09,2.43,4.66,4.98,4.83,2.99,4.41,3.45,0.96,3.59,1.33,2,3.82,4.12,3.23,2.09,2.05,2.45,2.68,0.27,4.31,2.77,4.01,2.26,1.02,4.39,4.99,5.7,1.59,4.58,2.23,2.01,3.84,3.1,4.98,3.97,2.82,2.87,4.68,5.07,3.16,2,1.25,4,4.98,2.28,2.01,2.42,2.72,4.31,3.69,4.02,2.04,4.38,2.43,4.84,3.68,2.81,4.2,2.13,2.37,3.41,4.12,3.4,4.41,3.45,3,3.55,3.42,5.35,3.82,3.31,3.03,2.86,2.6,2.16,3.6,4.99,1.62,2.77,2.62,2.97,2.38,2.03,2.46,1.46,2.98,1.96,4.79,3.46,2.11,3.93,2.52,3.6,4.99,4.54,3.04,1.69,2.02,4,4.98,2.12,3.22,2.96,4.42,3.8,4.18,1.98,3.97,3.98,3.01,2.1,4.55,1.48,4.2,4.98,4.97,2.17,2.93,3.36,4.46,3.99,3.61
3.62,2.66,2.49,4.05,3.02,2.99,1.53,3.91,2.84,3.16,2.99,3.29,4,0.84,2,2.28,2.74,3.49,3.03,2.83,1.7,4.99,4.97,3.94,2.74,3.26,3.98,4,2.23,4.32,4,1.04,2.47,4.51,4.97,2.9,4.83,4,3.57,0.93,4,1.1,3.93,5.13,4.45,4.01,3.15,4.34,4.56,4.44,3.54,2.68,3.11,3.99,3.68,4.96,3.75,3.47,3,2.36,2.42,3.27,1.86,3.04,3.62,3.21,3.87,2.41,4.99,1.56,3.99,1.99,4.99,2.99,2.97,3.54,3.34,2.02,2.89,3.79,3.84,4.98,4.08,3.68,2,1.47,4.97,3.18,2.77,2.27,2.5,1.69,3.62,3.99,1.66,3.19,1.63,3.9,3.72,5.24,3.98,2.29,2.99,3.06,3.32,1.9,3.6,2.5,3.18,2.27,3.99,4.97,2.94,3.25,2.59,3.51,3.41,3.98,3.89,2.4,2.91,2.68,3.86,3.01,3.71,3.44,2.98,3.7,3.62,3.34,2.95,3.14,4.31,2.16,3.98,3.99,2.84,3.12,3,2.65,3.13,4.76,3.08,3.21,2.97,1.85,4.49,2.94,1.02,4.32,3.69,3.41,2.49,3.07,4.28,3.5,1.01,3.66,1.02,3.01,3.15,4.09,1.68,1.86,3.78,1.74,3.81,3.78,1.51,3.65,1.51,4.51,2.24,2.02,3.81,3.14,4.86,4.2,3.99,3.51,3,3.69,3.93,2.97,4.99,2.24,2.28,4.99,3.99,2.3,2.95,2.74,2.98,3.19,1.9,1.41,2.39,3.12,3.01,4.98
3.55,4.36,4.45,2.72,1.7,3.23,3.79,1.19,2.89,3.48,3.99,1.82,2,2.8,2.79,3.81,3.5,4.51,2.23,4.49,4.97,3.04,0.82,3.18,3.9,2.99,3.98,4.11,4.78,3.74,4.95,6.35,2.88,3.03,3.11,3.98,3.02,3.46,4.01,5.41,3.39,0.75,3.01,2.44,3.01,3.77,4,3.98,4,3.78,3.7,3.97,3.49,2.22,3.58,1.04,3.99,1.02,3.99,4.98,2.37,2.69,2.62,3.84,2.01,2.3,2.76,4.41,1.5,4,2.49,2.83,3.81,2.86,4.97,3,3.24,3.39,3.98,3,3.05,2.74,2.62,2.86,3.22,1.35,2.36,4,3.08,2.99,5.13,4.98,2.18,3.99,1.73,3.7,1.52,4.01,2,3.11,2.09,2.01,4.53,3.93,3.68,1.99,2.37,3.31,2.74,3.15,3.34,2.27,3.09,4.99,4.32,4.32,3.02,2.22,3.53,3.02,3.99,2.86,1.04,2.7,1.69,3.3,3.91,3.81,3.61,0.93,3.9,1.9,2.31,3.98,3.18,3.48,3.17,2.95,5.14,4.97,3.16,2.53,4.35,2.76,2.05,3.32,2.91,2.92,2.72,2.09,1.03,2.99,4.01,2.29,3.68,2.68,4.09,2.98,3.89,4.46,2.56,2.63,2.99,3.57,3.39,4.98,3.64,2.89,3.98,2.21,4.97,2.02,4.16,4.01,2.82,3.36,3.34,3.48,4,1.1,2.7,4.02,2.01,3.98,2,4.99,2.94,3.16,1.72,4.97,4.5,4.2,1.73,4,2.88,4.97,3.98,4.2,2.99,2.22
2.91,2.97,2.04,2.78,3.25,4.13,2.44,3.97,4.58,4.15,3.1,3.91,2.18,2.97,2.72,2.89,2.9,1.64,4.98,4.63,2.69,2.51,2.01,2.73,2.99,4.99,3.6,2.89,3.98,3.39,1.04,4.39,4.14,3.59,3.98,3.18,3.33,3.23,4.5,4.24,4.02,3.97,1.84,2.49,3.01,3.99,3.99,3.33,4,3.01,3.1,3.09,3.98,1.64,2.56,3.97,3.14,1.83,2.69,3.99,2.47,1.91,2.38,3.37,2.89,2.24,3.02,2.4,2.94,3.03,0.29,2.27,2.01,1.9,2.2,3.34,3.3,2,1.78,3,3,3.25,3.77,1.96,3.99,1.28,2.64,0.53,3.04,2.29,4,2.83,3.4,2.67,2.78,0.46,2,2.01,3,4,1.78,3.98,3.97,4.98,4.97,2.16,3.99,1.87,2.37,2.35,2.99,4.25,2.19,3.05,2.77,4.03,4.98,2.79,3.21,2.01,4,4.03,3.99,1.23,3.01,2.99,4.81,2.75,3.96,1.13,3.99,2.39,4.04,3.34,4.15,3.3,3.74,2.96,4.3,3.49,1.02,2.84,3.98,2.57,1.38,3.99,3.08,3.99,3.28,2.01,1.99,1.64,4.38,3.72,2.34,2.45,3.99,2.64,3.5,2.6,4.99,3.13,1.05,2.65,3.44,4.97,3.03,2.19,2.5,2.89,2.84,3.7,3.24,3.95,5.02,3.59,2.49,4.94,1.91,0.36,2.42,3.02,1.92,3.51,3.3,4.98,4.62,3.97,3.45,2.01,3.35,5,3.33,3.85,2.92,3.69,2.01,2.93,3.18,2.51
2.47,1.37,1.47,2.01,4.6,2.31,3.47,2.72,4.52,3,3.36,3.34,2.85,2.72,3.71,1.67,3.29,4.42,1.23,2.2,1.02,2.06,4.97,2,1.94,4.1,3.34,3.71,3.98,1.03,1.7,4.01,2.18,3.97,4.42,2.88,2.91,3.01,3.41,1.6,1.56,2.25,3.03,3.72,3,3.53,3.54,1.9,3.56,4.03,3.68,3.99,3.99,3.93,1.63,2.32,3.02,2.6,3.74,2.97,3.75,2.01,2.6,3.99,3.69,3.38,3.98,2.45,2.69,2,2.37,2.87,3.61,1.02,2.73,3.06,2.52,3.97,2.94,2.62,3.35,4.98,3.04,0.64,4.01,2.98,1.62,2.91,3.09,2.77,3.45,2.99,4.98,2.93,1.88,2.51,1.6,3.22,2.87,5.26,1.69,1.94,3.55,4.63,3.31,4.97,3.44,2.17,4.56,2.34,3,3.04,2.7,3.31,2.77,2.54,4.43,3.69,4.81,1.91,2.99,2.55,3.02,0.84,5.18,3.01,2.98,1.78,3.04,2.17,1.86,2.08,2.66,1.19,2.4,2.74,3.03,3.99,3.29,3.4,2.59,3.01,2.7,2.74,2.32,3.12,3.73,3.26,2.87,3.96,1.71,4.58,2.43,2.28,2.72,3.01,4.36,2.41,3.4,3.69,3.99,1.87,1.44,2.33,4.18,1.38,5.05,0.81,2.31,4.65,1.36,2.83,4.98,2.75,4.02,4.36,4.15,4.19,2.01,3.17,1.83,5.53,2.89,2.93,4.98,3.68,4.63,5.39,5.04,2.2,3.24,2.17,3.98,2.05,4.98,3.99,2.91,2,0.96,2.54
5.21,2.64,3.32,1.33,1.45,3.44,3.97,3.7,3.99,3.79,4.98,1.8,3.06,3.76,2.72,3.36,3.58,4.97,0.62,3.15,2,3.08,1.02,1.98,3.93,2.15,2.82,3.01,2.64,2.06,3.17,3.99,2.39,4.5,3.99,3.97,2.99,2.66,6.07,3.38,3.01,0.46,3.57,4.99,4.98,4.04,3.61,3.57,4.18,4.26,4.38,1.02,2.76,2.89,4.51,1.69,2.85,2.99,3.55,3.59,1.02,2.33,2,3.14,2.74,1.88,2.9,1.92,3.38,3.44,4.4,2.56,4.61,1.44,3.77,2.64,2.63,2.93,4.31,4.37,4.39,3.62,3.87,3.99,2.66,1.27,3.99,2.8,2,4.97,3.82,2.1,2.45,2.82,1.84,2.99,1.59,3.07,2.01,3.21,2.34,1.3,5,3.97,4.05,1.82,3.68,1.98,3.55,3.47,3.35,4.37,3.98,2.91,1.5,4.28,2.88,4.98,2.03,2.46,3.28,3.45,2.7,2.8,2.14,2.39,4.1,4.98,3.31,2.34,4.44,2.99,3.98,2.48,3.52,4.83,1.85,3.1,3.58,3.22,2.9,3.98,2.99,3.01,0.98,1.18,4.98,2.77,1.9,3.53,2.73,2.7,2.24,2.85,3.61,2.69,0.83,4.54,2.99,3.65,1.59,3.83,0.83,2.07,1.77,3.13,3.95,3,2.02,3.21,3.73,2.99,2.9,1.92,2.32,3.33,3.75,3.82,2.48,3.99,3.05,2.7,4.97,4.05,3.13,3.4,2.89,3.63,2.37,3.43,0.39,3.66,4.12,3.29,2.25,2.39,2.99,2.97,4.27,4.01
4.11,1.77,1.97,1.34,3.99,2.34,2.69,2.93,2.99,4.01,4.24,2.01,3.38,0.54,2.75,2.92,3.99,5.2,1.23,4.04,1.17,4.59,3.95,3.3,2.85,1.01,4.22,4.98,2.73,2.76,4.28,2.76,2.03,5.06,4.01,2.84,3.64,4,2.62,2.02,2.68,0.91,3.8,5.53,3.51,3.56,3.09,2.93,4.67,4.98,3.99,2.83,1.99,3.99,3.98,2.37,2.7,3.08,4.99,3.11,2.06,2.99,1.96,2.79,3.16,3.68,2.12,2.8,4.08,1.78,4.98,3.27,5.44,1.7,3.99,3.45,3.07,3.93,4.69,3.13,4.07,3.7,4.39,3.43,2.15,1.77,4,4.99,2.91,3.02,2.33,2.68,3.94,5.18,1.26,4.05,1.54,3.53,2.3,4.52,3.81,1.76,2.91,1.96,2.01,3.01,2.71,3.51,4.96,2.78,4.1,2.75,3.16,3.95,3.91,3.27,2.09,4.7,5.26,2.91,3.04,1.56,2.08,3.99,2.91,3.39,3,4.02,3,3.97,2.42,3.11,3.22,2.23,4.46,4.13,2.72,3.16,3.52,2.46,4,3.86,4.1,2.97,1.01,1.02,3.54,2.76,0.46,4.98,3.04,4.01,2.26,1.66,3,3.99,1.68,3.54,1.54,4.53,3.03,3.84,1.95,2.43,4.42,0.95,4.69,3.98,2.19,3.99,2.43,2.31,1.77,1.42,3.38,4.03,4.98,2.93,5.75,3.99,2.16,4.56,3.97,3.99,4.75,2.66,1.98,4.97,3.01,3.64,3.57,2.65,1.03,3.21,3.27,2.79,2.99,2.01,3.3,4.41
2.02,2.05,2.37,1.77,2.87,3.07,2.32,3,4.05,4.42,4.31,2.99,2.29,1.49,2.26,2.85,2.84,4.94,1.2,4.28,3.39,3.99,2.87,3.32,2.98,2.66,3.45,3.99,3.19,2,2.01,2.69,2.25,3.47,4.65,2.01,3.87,3.61,4.43,2.75,2.89,2.55,2.83,3.39,4.99,3.82,3.55,2.99,3.87,3.38,2.52,1.48,2.79,3.65,3.46,2.94,3.45,2.83,3.34,2.23,2.2,1.49,2.02,2.41,3.55,2.37,2.88,2.5,4.97,3.16,3.97,1.96,3.75,1.29,1.42,2.62,3.35,2.97,4.97,3.13,3.16,3.51,4,2.58,2.31,2.01,4.05,2.65,2.97,2.08,1.65,1.41,2.35,2.9,1.99,1.89,2.1,3.68,2.9,4,2.27,2.2,5.04,2.87,2.68,2.9,2.98,2.35,2.04,2.62,3.07,3,2.96,2.48,1.03,3.01,1.87,3.66,2.87,3.65,2.69,3.51,2.02,2.21,2.38,3.01,3.02,4.54,2.39,1.73,1.49,3.97,2.68,1.88,4.28,2.92,2.71,3.99,3.59,2.95,3.47,3.79,2.95,3.44,0.89,1.45,4.99,0.91,2.42,4.37,2.22,3.87,4.33,2.92,2.66,3.57,1.42,4.98,3.08,3.65,2.8,4.05,1.48,2,2.36,3.34,3.88,3.48,1.74,2.64,1.94,3.52,2.31,2.61,2.01,4.99,4,3.16,1.95,3.93,1.97,2.88,2.43,1.95,2.01,1.42,3.36,4.12,1.6,1.9,2.32,3.54,2.63,2.08,3,1.61,1.87,2,1.14,4.97
4.79,1.85,2.66,3.56,1.79,2.34,1.63,4.98,4.98,4.18,2.64,3.54,4.08,3.31,3.82,2.01,3.25,2.79,4.71,3.41,1.42,3.31,2.57,2.54,2.01,3.98,3.01,3.49,2.02,2.97,3.67,4.99,3.97,5.54,3.98,4.48,3.01,3.43,3.91,3.99,3.26,1.03,2.02,4.44,2.92,4.09,2.79,3.26,4.56,3.99,3.34,2.47,3.48,2.3,4.97,2,3.09,1.46,2.63,4.98,3.53,3.2,2.19,3,2.47,3.28,3.02,1.91,2.52,1.86,2.53,2.98,4.37,4.52,3.92,3.23,2.01,2.64,2.16,4.07,4.39,4.07,4.88,2.87,3.34,1.5,2.57,2.25,2.88,2.05,4,3.52,4,3.8,2.98,3.51,1.98,2.12,2.57,4.5,1.07,2.99,3.35,4.17,3.87,2.78,4.71,3.08,3.37,3.21,3.78,3.95,4,3.34,5,4.72,3.65,3.36,4.08,1.01,4.2,4.03,4.87,2.7,3.45,3.3,4.98,3.79,3.94,2.63,4.18,2.58,4,2.97,4,3.83,2.76,2.29,3.29,2.51,2.84,2.49,4.65,3.24,1.6,3.66,3.66,4.98,0.64,3.54,2.41,3.17,2.02,4,3.57,2.58,4.55,4.08,2.8,4.13,4.98,2.26,1.46,1.68,4.98,1.87,3.65,1.27,2.93,3.89,4.21,2.64,2.7,3.03,4.27,3.65,4.04,3.99,3,1.03,2,4.98,3.99,4.97,4.4,6.13,2.6,5.15,4.1,4.83,3.01,3.81,3.73,4.1,4.39,2.9,2.34,3.3,4.47,2.76
1.41,3.82,0.55,3.31,3.91,3.73,1.7,1.95,2.37,4,2.14,3.89,2.07,1.31,2.52,3.44,3.26,2.21,3.11,4.97,2.73,4.98,2.25,3,4.98,3.7,3.48,3,2.99,4.97,3,2.69,2.68,3,5.54,2.03,3.98,3.3,3.54,2.53,4.77,2,2.26,3.3,2.6,3.59,3.12,4.98,3.81,4.01,3.02,3.97,3.89,3.26,2.51,4.46,3.87,2,3.98,3.08,2.31,1.65,1.01,2.1,3.16,2.74,2.44,3.99,2.84,2.88,1.02,2.39,3.73,2.29,3.23,2.88,4.98,1.57,3,3.35,2.77,3.23,2.71,2.66,2.31,1.99,3.05,1.68,2.41,2.11,2.7,2.28,2.01,4,2.57,0.9,1.07,2.64,3,3.98,2.3,2.83,3.36,3,3.7,2.27,1.98,2.41,2.74,1.01,3.25,3.57,3.1,4.22,3.98,3.99,2.72,3.48,3.2,2.37,2.41,3.12,1.8,3.11,3.46,2.83,2.5,4,3.73,2.21,3.24,2.53,4.65,3.33,4.76,3.59,2.3,3.69,4.98,3.71,1.57,3.19,4.2,3.01,1.48,2.44,1.94,1.21,2.36,3.04,3.98,2.8,3.99,3.42,2.52,3.24,2.92,2.24,2.23,3.6,3.53,2.26,3.97,3.44,2.4,4.86,2.58,4.15,2.64,2,3.2,3.99,2.91,2.94,3.96,3.35,3.57,3.28,4.09,2,2.26,2.38,1.09,4.57,2.91,2.99,2.51,2.02,2.25,1.02,4.01,2.99,1.17,2.65,2.3,2.28,2,3.1,2.93,2.95
5.1,2.19,4.97,4.93,1.79,3.77,1.27,4.3,2.8,2.12,4,2.14,3.99,3.98,3.14,2.81,1.83,4.93,2.65,0.73,2.92,2.69,3.28,4.09,2.11,4,3.73,3.67,3,2.81,4.97,4.63,2.01,4.8,2.03,4.2,3.26,3.99,4.77,3.91,3.38,0.41,2.26,3.03,4.98,3.19,3.06,3.99,4.15,3.47,3.4,2.88,2.2,2,4.28,1.02,4.4,2.2,3.1,4.13,2.42,4,2.9,3.72,2.34,3,3.99,3.08,2.64,3.13,3.83,2.55,3.29,4.98,4.09,3.85,1.71,1.87,2.91,3.4,2.68,3.93,3.73,2.97,3.19,0.7,4.35,3.68,3.12,2.02,4.66,2.96,3.3,2.98,1.01,4.7,3,2.92,2.27,4.09,1.32,2.42,5,3.36,4.81,1,3.03,3.64,3.03,3.43,3.51,3.99,3.41,3.9,3.21,3.01,3.58,2.02,3.25,1.73,3.73,3.01,4.98,2.64,3.04,4.54,4.55,3.56,3.16,2.04,4.25,3.48,3.09,2.93,2.02,3.56,2.41,2.11,3.61,4.59,3,3.14,3.03,2.17,3.3,3.38,4.98,6.01,1.51,3.62,1.26,2.42,3.33,4.34,5.26,1.75,2.15,4.98,2.82,2.99,3.82,3.51,0.89,1.01,4.19,2.58,3.57,0.45,3.31,3,3.64,2.96,3.45,2.9,4.97,3,3.7,4.54,2.25,0.26,3.18,4.63,4.2,1.02,4.98,4.78,3.87,5.92,3.33,5.45,3.17,4,3.99,4.33,2.82,3.32,3,3.98,3.96,4
1.94,5.08,2.24,2.63,2.66,3.73,2.98,1.75,2.01,3.81,4.61,1.38,2.03,1.06,3.11,5,4.27,5.55,2.83,4.6,4.97,4,2.97,3.88,2,2.47,5.34,4.43,3.71,3.98,5.06,4.5,3.94,3.84,4.97,2.75,3.81,3,4,3.78,5.09,2.69,2.43,2.12,4.97,2.52,2.98,3.64,3.71,3.99,4.1,3.66,3.24,3.7,2.19,2.99,3.99,2.98,4.53,3.43,3,1.73,2.85,3.79,3.89,2.65,3.3,4.97,3.63,3.39,3.24,2.98,3.95,2.5,3.83,3.99,4.39,3.96,4.39,2.04,2.85,2.81,3.43,2.65,1.77,2.58,3.06,4.96,3.58,2.58,4.11,3,3.15,5.01,1.65,3.41,2.46,4.55,3.39,4.13,3.19,3.08,4.68,4.12,2.99,2.93,1.03,2.91,3,2.03,3.82,1.93,3.18,5.03,2.93,2.82,2.02,3.61,4.65,4.33,3.19,2.41,1.89,2.99,3.57,2.67,3.03,4.71,3.86,2.27,2.55,1.95,2.56,2.49,3.51,3.01,4.01,4.15,4.49,4.8,3.74,3.85,2.92,3.56,2.01,2.65,2.91,2.26,3.08,3.91,1.32,4.29,4.81,2.98,3.01,3.23,3.8,3.02,3.99,5.13,2.56,3.92,2.73,3.44,4.01,3.1,4.02,3.85,4.04,3,4.28,2.82,3.8,5,3.11,4.23,4.39,3.86,3.99,2.87,3.69,3.31,1.99,3.29,2.78,2.69,2.93,3.41,2.99,2.32,4.98,2.94,1.07,3.47,3.62,3.74,2.85,2.7,3.25,3.01
3.62,3.99,4.05,0.93,1.89,4.51,1.24,3.01,2.53,2.18,4.4,3.1,4.84,2.82,2,2.56,4.23,2.47,1.75,2.99,3.92,2.19,3.98,2.29,2.16,3.47,3.08,3.95,4,4.17,2.96,4.99,3.99,4.14,1.02,3.01,1.58,3.53,2.96,4.96,2.96,2.01,2.94,1.82,3.43,2.63,3.85,2.86,4.99,3.01,3.83,3.4,1.03,1.02,4.06,1.99,3.68,3.98,2.66,3.21,2.36,3.15,4,2.65,2.57,2.68,2.98,2.42,3.17,2.99,3.37,2.26,2.12,1.78,2.69,3.98,2.35,3.1,3.12,2.57,3.59,3.31,3.05,3.41,4,1.34,4.96,3.71,2.76,2.65,3.78,2.99,3.23,3.09,1.09,2.02,0.54,3.45,1.37,3.02,3,2.33,3.57,4.2,3.02,0.87,3.47,3.98,2.35,3.98,3.71,2.01,1.88,2.83,3.01,2.83,4.99,2.89,4.58,1.32,3.89,2.88,2.67,2.37,1.13,3.28,4.05,3.37,2.7,2.91,1.62,1.94,3.36,3.42,2.59,1.95,3.36,1.01,3.27,4.04,3.97,3.68,4.1,1.23,2.66,3.99,2.77,4.97,2.99,3.18,2,3.01,2.77,2.02,2.99,2.57,4,2.85,3,2.92,3.07,3.88,0.72,2.33,3.19,3,3.86,1.99,3.01,2.77,3.1,2.96,2.32,2.94,3.89,2.37,3.62,4.99,2.83,3.01,2.63,4.98,2.82,2,3.97,4.41,4.78,3.92,2.28,5.23,3.97,4.02,2.37,4.97,2.25,4.98,2.76,2.01,2.59,2.46
2.57,1.85,3.59,3.01,4,3.46,2.12,2.92,4.26,3.64,3.75,3.98,3.17,1.44,3.07,2.04,3.36,4.61,3.14,3.52,2.73,3.78,4.73,3.98,2.82,3.98,4.56,5,4.42,2.83,3.08,3.99,2.07,4.18,3.53,2.59,3.96,4.96,3,3.61,2.81,2.21,3.14,3.26,3.11,4.57,3.78,3,4.66,3.96,3.01,4.28,3,3.27,3.36,2.9,4.25,2.24,3.99,3.68,3,3.18,2.62,3.39,2.72,3.99,3.28,3.37,3.95,2.92,3.23,3.04,3.85,2.54,2.83,3.99,3,3.25,3.99,2.79,2.92,4.27,4.19,1.87,4.01,2,3.77,4.02,3.99,1.5,3.02,3.57,4.14,4.04,1.63,2.98,2.29,3.56,2.98,4.98,2.53,3.18,4.18,3.02,2.81,3.04,3.57,3.79,3.6,2.99,3.74,3.07,2.22,3.94,3.8,3.27,3.72,2.46,5.06,2.88,3.63,2.58,3.02,2.41,3.21,4.96,3.84,2.99,2.84,2.03,2.03,3.78,2.49,2.91,3.95,2.81,3.84,3.35,4.37,3.99,3.38,2.84,4.48,2.89,2.11,3.43,3.82,3.62,1.85,4,1.99,3.99,4.32,2.53,3.32,3.96,3.56,4.43,2.94,4,4.98,3.71,2.18,2.25,4.95,3.04,4.38,2.52,2.03,3.61,1.89,3.01,3.03,2.99,5.12,4.94,4.01,3.98,3.83,1.8,2.01,5.24,2.27,2.03,4.96,3.99,4.01,6.23,3.36,3.99,4.99,4.1,2.33,3,3.71,3.99,2.99,3.11,1.12,3.99
4,3.64,0.78,0.22,2.66,2.35,1.9,3.42,3.55,4.97,4.21,2.57,3.98,0.87,2.4,3.3,4.97,3.3,2.67,5.87,2.3,4.27,3.09,2.2,2.02,1.64,3.26,4.38,2.24,4.02,3.2,3.09,4.98,5.05,4.7,3.07,3.01,2.91,2.95,2.99,3.61,2,3,4.95,3.79,3.04,3,2.8,4.98,4.22,4.01,1.39,2.21,3.07,4.48,3.39,2.09,3.82,3.56,3,2.89,2.02,2.28,2.01,4,2.55,2.03,2.01,4.67,1.42,4.27,2.7,4.7,1.47,3.14,2.99,3.48,4.15,3.99,3.47,4.98,3.01,4.69,3.98,1.89,1.92,4,3.48,2.58,3.01,2.21,2.09,3.62,4.98,2.6,2.34,1,3.2,2,3.96,3.97,2.29,2.55,3.63,1.94,2.98,3.64,2.79,3.57,2.78,4.19,2.51,3.53,3,3.4,4,2.46,5.51,4.98,2.79,3.65,3.1,2.21,3.53,2.32,1.67,3.37,5.02,3.65,3.83,1.92,1.82,4.05,2.21,5.1,3.6,2.99,2.71,2.88,1.56,4.01,4.42,4.28,3.24,0.32,1.42,3.1,2.02,1.2,4.5,3.34,3.99,1.94,1.94,1.66,3.72,3.12,2.99,2.15,4.49,2.94,3.99,1.57,2.9,3.59,1.26,4.05,4.73,2.68,3.44,3.72,2.7,1.01,2.48,1.99,3.37,4.99,3.3,4.63,4.97,2.21,3.74,3.74,5.56,2.92,3.1,1.84,3.02,2.69,2.84,2.73,2.95,1.03,3.98,3.37,2.34,1.79,1.15,3.98,3.45
1.99,2.67,3.35,1.89,2.99,3.69,2.73,4.62,3.63,4.81,3.95,2.39,2.48,1.84,3.02,4.72,3.58,3.31,2.91,5.94,4.98,3.66,2.71,3.68,1.84,2.02,4.98,4.49,3.6,3.07,2.7,5.52,4.69,4.97,3.89,3.01,3.7,3.8,3.59,4.9,3.76,4.96,3.19,2.01,4.54,3.12,4.6,2.8,4.5,3.83,3.36,3.44,2.78,3,3.98,2.51,3.8,2.59,3.31,3.86,2.56,2.15,3.97,3.85,3.16,3.22,3.18,3.04,4.09,3.48,3.14,1.93,3.22,2,2.02,3.87,3,3.83,4,2.01,4.31,3.54,4.98,3.56,3,1.98,3.36,3.52,3.62,2.29,3.04,3.2,3.2,3.82,1.92,2.66,1.44,4.99,4.22,4.29,2.9,3.47,4.79,3.99,3.75,2.54,3.05,3.39,1.81,3.99,3.53,2.29,2.44,3,2.91,3.04,3.61,2.94,4.58,3.18,4.04,3.91,2.2,2.57,2.03,3.34,4.99,3.94,3.38,2.96,2.36,3.52,3.01,3.59,4.4,2.78,5,3.06,3.68,4,4.98,3.79,4,3.67,1.89,4.03,4.16,4.3,3.61,4.43,1.1,3.69,5,3.35,3.44,2.99,4.22,3.12,4.17,4.17,3.49,4.22,0.51,3,4.7,3.92,4.52,2.8,4.09,3.65,2.68,3.98,3.15,4.87,2.75,5.09,4.03,4.97,3.33,2.88,2.84,4.75,2.01,2.89,2.01,2.85,4.69,4.98,2.02,4.19,4.76,4.98,2.49,5,3.97,3.98,2.99,2.52,3.38,4.12
4.16,4.36,0.82,3.7,4.07,3.02,2.16,4.01,3.04,5.08,3.64,2.59,3,2.03,2.65,4.56,2.96,3.03,3.92,6.01,3.64,4.55,2.81,3.99,2.85,3.63,4.14,4.14,3.31,4.99,3.98,3.73,5.13,4.49,5.74,3.97,4.38,3.22,4.25,2.79,5,3.32,2.5,4.5,4.9,2.88,4,4.74,4.57,4.28,3.88,2.66,4.21,3.31,3.44,4.42,3.11,2.85,3.98,3.67,3.64,2.17,2.46,3.49,4.97,2.35,3.33,3.42,3.9,2.08,2.34,2.3,3.99,3.19,3.83,3.17,4.49,3.03,2.99,3.67,4.11,3.61,4.02,3.67,2.01,1.54,3.44,2.03,2.94,2.35,3.87,2.58,3.54,4.66,2.99,2.65,1.95,3.55,3.31,5.07,3.34,3,3.5,4.7,5.15,3.07,2.98,2.44,3.05,2.08,3.99,4.04,3.99,4.29,3.87,4.18,3.58,4.58,4.52,2.99,4.04,4.08,3.67,3.01,3.98,2.01,3.9,4.37,4.98,3,4,2.02,4.98,3,5.04,4.42,3.27,3.82,4.26,3.06,2.68,4.99,3.89,3.43,2.02,2.69,3.98,3.2,2.99,3.99,2.87,2.97,3.95,4.33,3.34,2.73,3.5,2.1,2.73,3.74,3.97,3.35,2.02,3.53,4.01,3.76,3.98,3.96,4.57,3.21,4.18,4.24,3.33,3.98,3.19,3.37,5.01,4.57,3.95,2.41,2.91,3.65,3.02,5.12,2.6,3.8,3.34,3.25,3.51,2.02,4.03,3.79,2.02,4.86,3.58,2.73,2.19,2.61,4.96,4
3.08,2.86,4.5,3.46,2.34,2,4.02,2.48,3.51,3.24,2.49,2.27,2.05,1.32,2.74,3.12,3.45,3.67,3.98,3.89,2.99,3.19,3,3.17,2.31,2.63,4.8,4.17,3.98,3.61,3.75,3.76,2.97,3.92,4.5,3.76,4.97,3.77,2.93,2.93,3.01,1.17,4.97,3.74,2.38,4.84,4.07,3.06,4.11,4.45,3.99,4.35,4.29,3.6,3.02,3.19,3.89,1.31,2.66,4.22,2.25,3.41,2.4,4.98,1.87,3.16,4.29,3.18,3.01,2.33,2.98,1.98,4.96,2.33,4.22,3.16,2.27,3.47,2.25,2.67,4.07,4.4,3.97,2.74,3.19,1.34,2.05,4.27,3.6,3.24,3.98,4.77,4,4.14,1.51,3.98,1.51,4.98,4.03,4.85,4.15,2.42,3.04,3.98,3.01,2.43,3.99,2.01,3.64,3.07,3.39,4.25,2.01,4.08,3.38,4.1,4.21,2,4.02,3.28,4.11,2.12,1.4,1.81,3,3.99,3.99,2.02,3.99,1.34,3.78,1.99,2.06,2.98,2.82,3.87,4.58,3.01,3.3,3.96,3.41,3,3.35,3.85,2.99,3.11,3.85,3.39,1.44,2.35,1.22,3.23,2.62,1.03,4.04,3.14,3.06,2.28,2.55,3.58,2.75,3.61,1.86,3.18,4.99,2.65,3.71,3.39,2.19,3.74,2.02,3.21,4.04,3.9,3.2,3.14,3.42,4.11,4.99,1.97,3.4,4.54,3.02,3.91,3.91,3.54,2.02,5.25,3.83,3.94,3.64,3.88,2.83,3.7,2.38,3.83,4.17,4.97,2.56,2.88
2.85,1.78,2.83,2.47,3.7,3.49,3.08,3.13,3,2.93,2.61,3.03,2.84,2.68,3.87,3.32,4.16,3.57,2.06,2.78,1.02,3.45,3,2.08,3.98,2.41,4,3.25,2.91,3.01,3.16,4.16,1.79,4.96,4,2.98,3.56,3.58,3.41,3,3.09,0.93,3.88,3.9,2.02,4.13,3.36,3.42,4.18,4.99,4.36,4.98,3.04,3.44,3.3,2.02,4,2.1,4.14,4.12,1.52,3.15,1.99,3.61,1.63,4.05,3.26,3.32,2.02,2.99,2.8,2.99,4.61,2.01,4.36,3.63,2.72,2.79,2.87,3,3.9,4.25,3.79,2.79,3.69,1.99,2.63,4,2.81,3.99,3.5,3.59,3.69,3.99,1.35,3.02,1.06,3.22,3.09,4.3,2.53,2.36,3.61,3,3.41,2.35,3,2.99,4.99,2.82,3.4,3.82,2.82,4.12,4.28,3.59,3.92,3.24,3.99,1.71,3.02,2.01,1.88,3.05,3.65,4.33,3.81,2.89,3.33,3.05,3.98,2.99,3.73,3.25,3.04,4.08,2.99,2.8,3.99,4.47,2.93,2.47,3.99,3.01,2.07,2.99,2.72,4.26,1.36,3.62,2.99,3.22,2.27,2.12,3.59,3,2.99,2.66,2.56,3.93,3.27,2.72,2.44,2.79,4.08,2.65,3.65,2.32,2.29,3.83,2.45,3.15,3.75,2.53,5,3.41,3.34,4.01,4.97,2.38,2.98,4.62,3.24,4.14,5.57,3.84,2.99,4.79,3.48,3.96,3.28,3.23,2.84,3.37,2.98,3.85,3.7,3.97,3.72,2.63
1.89,3.64,2.53,3.56,2.48,3.19,1.62,2.88,2.6,4.04,3.72,1.55,1.08,1.55,3.11,5.17,3.15,5.05,4.93,4.17,4.3,3,1.96,3.87,1.01,2.76,5,3.54,3.07,3.38,2.99,3.05,3.99,3.89,4.95,2.5,4.98,3.04,4.32,3.66,4.98,3.01,1.92,1.67,4.89,2.98,2.61,2.99,3.27,3,3.16,2.34,3.18,2.95,2.17,3.05,3.99,2.08,2.93,3.2,2.25,1.8,1.99,3.69,3.06,2.16,3.86,4.09,4.23,3.09,2.98,1.94,3.02,3,2.85,3.25,3.14,2.83,3.01,1.86,2.28,2.01,4.58,2.02,1.8,1.33,2.76,3.62,3.99,1.92,2.95,2.22,3.14,4.02,1.83,2.6,3.97,3.31,3.44,4.09,2.97,3.99,4.99,3.47,3.27,2.05,2,1.59,2.72,1.69,3,3.38,2.7,3.96,1.37,2.64,1.83,2,3,4.97,3.55,2.68,2.29,1.96,3.36,3.57,3.76,3.98,3.66,0.54,3.16,2.76,1.82,2.02,3.01,3.17,4.1,3.68,3.44,4.41,2.53,3.01,2.01,3.97,1.22,2.08,4.18,2.47,1.88,3.12,0.51,2.59,4.98,2.99,2.42,2.38,2.05,4.04,3.6,3.52,3.37,4.97,1.68,2.55,3.92,2.99,2.15,3.58,2.99,2,3.4,3.04,2.78,5.15,3.51,3.64,2.74,3.48,3.13,1.02,3.98,1.9,2.21,1.92,2.53,2.02,2.23,4.01,2.51,1.54,2.84,4.17,1.55,3.31,2.66,2.01,1.76,3.66,3.37,3.41
3.58,2.99,3.33,0.66,2.82,3.04,3.02,1.75,4.58,2.8,4.17,3.64,3.48,3.97,3.05,1.8,4.32,3.85,1.38,2.81,2.55,1.02,3.2,1.03,2.8,4.47,2.27,3.55,4.98,2.24,1.34,5.24,3.03,3.37,2.6,3.34,2.01,3.06,3.74,4.24,1.42,1,3.16,2.85,2.38,3.98,3.99,2.02,4.33,3.21,3.87,3.33,3,1.92,3.01,1.28,3.31,2.69,2.88,3.65,3,2.46,2.84,3.31,2.57,2.41,3.6,2.34,2.33,2.99,2.77,2.65,2.77,0.77,3.26,2.64,2.08,3.95,3.14,3.16,3.5,3.67,2.74,1.42,4.97,1.93,2.57,2.94,2.99,3.52,3.97,3.8,3.95,2.51,1.95,1.7,1.24,2.74,0.92,3.59,1.99,1.74,3.98,4.99,2.97,3.22,4.43,2.5,3.98,3.33,2.99,2.74,2.47,3.1,2.64,3.55,4.99,2.98,3.91,1.98,4,2.99,1.72,0.86,2.67,3.27,3.67,2.48,2.82,0.89,2,1.54,2.38,2.31,2.06,2.52,2.78,2.51,3.56,4.01,2.59,2.58,3.66,1.99,1.71,3.28,3.46,3.17,2.82,2.46,1.54,3.56,2.17,1.09,2.02,2.75,4.41,3.08,3.8,3.22,3.46,2.71,1.61,2.74,2.79,2.95,3.92,1.55,2.21,2.98,2.98,2.12,4,2.75,3.51,2.94,3.07,4.01,2.04,2.97,2.01,4.97,2.98,3.1,3.9,4.99,4.44,3.96,3.13,4.01,2.28,3.65,3.45,3.07,3.47,4.93,2.99,2.71,1.02,1.57
4.56,2.89,3.97,3.34,2.16,2.8,3.82,2.14,4.01,3.72,4.98,1.62,2.04,1.56,1.61,1.72,1.25,5.08,2.27,3.86,4.21,3.25,2.22,4.97,2.62,3.8,4.18,4.98,4.97,2.02,4.94,5.18,2,2.41,2.48,3.97,2.76,3.99,4.12,3.99,2.63,2,1.93,3.27,4.5,3.59,3.99,3.46,3.66,3,2.43,2.2,3.43,2.19,2.99,2,2.64,1.02,4.18,4.09,3.05,2.43,2.78,3.74,3.31,1.86,2.01,3.1,2.76,2.98,2.29,2.99,3.14,2.92,3.3,3.21,3.12,3.01,4.35,2.99,2,3.19,2.56,2.06,2.64,1.01,3.07,2.71,3.06,1,4.98,3.83,2.68,3.31,1.64,3.99,2.43,3.45,2.12,3.74,1.44,2.08,4.23,3.75,4.12,2.59,2.45,3.32,1.63,2.87,3.38,2.3,2.61,4.19,3.3,3.62,2.73,2.63,3.98,2.8,3.75,3,3.97,2,1.85,2.59,3.76,3.25,3.17,0.96,3.22,2.49,2.01,2.92,4.09,3.11,3,3.54,4.97,3,2.4,3.27,3.9,1.99,2,2.89,4,3.01,2.96,2.46,0.36,2.74,4.97,3.59,4,2.99,3.17,3.84,3.21,3.82,3.74,2.64,1.26,2.03,3.96,4.32,4.97,1.92,3.23,3.03,3.52,1.77,3.42,2.95,3.06,4.64,4.14,3.61,2.02,0.16,1.35,3.99,2.13,2.1,2.03,4.98,4,4.83,2.75,3.89,5.22,4.01,2.26,3.18,3.46,4.28,3.17,2.27,1.65,3.98
4.42,3.21,3.51,2.04,1.84,3.44,2.46,3.65,3.94,3.82,3.57,3.9,4.64,4.09,2.81,2.75,3.96,3.01,0.64,3.97,3,3.99,2.19,1.77,4.97,3.37,2.02,3.36,2.95,3.99,3.35,4.79,3.12,4.6,3.99,3.98,2.85,3.46,4.82,4,2.87,0.15,3.98,4.73,3.72,4.32,4.26,4.57,5.18,4.49,3.99,2.64,3.03,2.81,5.77,2.01,4.01,3.01,3.02,3.93,2.36,2.99,2.46,2.45,2.77,2.75,3.31,2.24,3.01,3.33,3.98,2.19,4.77,2.52,3.85,2.56,3.03,2.73,4.02,4.98,5.2,4.62,3.54,4.53,3.57,1.71,4.41,2.49,2.01,4,3.44,3.01,2.21,3.02,2.52,2.58,0.08,3.72,2.02,3.68,2.14,1.11,4.39,4.09,3.98,2,4.54,3.29,2.86,3.98,3.73,3.99,4.25,2.97,3.68,4.98,4,4.42,2.92,1.22,3.59,4.49,2.1,3.24,2.01,3,4,4.97,3.38,3.05,3.43,3.02,4.95,3.64,3.95,4.08,1.76,2.45,3.9,3.59,3.99,4.02,4.66,2.96,2.16,2.8,4.41,3.01,2.26,3.97,3.98,3.71,1.91,3.08,4.08,3,2.98,3.99,2.85,3.81,2.38,2.7,2.26,2.75,2.02,3.98,3.99,2.91,2.9,2.91,3.99,4.01,3.18,2.02,2.23,3.1,4.54,4.15,3.08,4.5,2.29,4.61,4,4.92,2.98,4.28,3.39,3.19,1.85,4.98,1.88,3.74,3.98,4.11,2.72,3.01,3.15,3.45,3.55,3.69
5.07,3.73,3.37,2.54,3,2.06,1.3,3.38,3.43,3.35,3.44,3.21,4.97,1.88,2.27,2.4,3.97,2.74,3.98,4.15,2.96,2.91,5,2.99,1.15,3.72,3.49,4.98,3.99,4.96,3.68,3.74,4.99,4.84,3.1,4.18,3.65,3.99,2.02,3.27,2.79,1.25,3.99,4.36,3,3.56,3.98,2.95,5.51,3.89,4.07,3.23,2.73,2.31,4.39,3.25,3.26,3.31,2.45,3.68,3.9,3.98,3.3,3.6,3.5,3.05,4.01,2.26,3.98,1.02,4,2.13,4.01,3,4,3.35,2.17,3.97,2.19,3.32,4.67,4.17,4.21,3.37,3.56,1.02,4.01,3.98,3.49,2.22,3.59,3.99,4.98,4.57,2.01,3.56,1.3,3.92,2,4.99,4.56,2.34,2.02,4.48,2.94,2.49,4.98,3.27,3.87,3.52,4.25,3.48,2.58,3.55,4.26,3.91,5.14,3.12,5.8,2.24,4.97,2.84,2.99,2.29,2.74,3.42,4.07,2.65,4.03,2.76,2.26,1.3,3.25,2.74,3.22,3.19,3.88,1.68,2.58,2.77,3.99,4.27,4.31,2.54,2.94,3.31,3.92,4.62,1.35,3.45,2.11,3.52,1.6,1.4,3.19,3,4.12,2.33,1.9,3.11,4.09,3.99,1.24,2.86,5.18,1.26,4.08,3.18,3.19,3.57,2.98,3.07,2.46,3.05,3.47,2.02,4.74,4.55,4.78,2.92,2.64,5.96,3.98,3.95,4.54,4.76,2.92,4.94,3.98,4.98,3.85,3.83,2.09,5.3,3.01,4.08,2.89,3.01,3.09,3.01
0.74,2.37,2.22,2.9,3.28,3.99,1.47,3.99,3.35,2.79,2.73,4.04,3.69,3.26,4.39,3.44,4.3,3.78,2.08,2.02,2.58,3.07,4.97,1.95,2.02,3.9,3.72,2.95,2.46,2.76,2.02,4,3.22,5.18,4.98,2.18,3.52,3.09,4.1,2.8,3.64,2.64,2.94,2.04,4,3.2,3,2.94,3.95,4.1,3.86,4.51,3.19,3.99,2.8,2.71,4.98,3.61,2.78,2.84,3.23,2.19,3,3.39,3.18,3.99,4.93,3.25,3.52,3.17,3.1,2.24,3.59,2.43,2.2,3.86,2.85,3.02,2.91,2.55,3.82,5,4.06,2.02,3.65,3.38,3.08,3.57,3.29,2.87,2.73,2.05,4,3.01,1.88,2.06,1.57,3.95,4.05,4.99,1.73,3,4.93,4.39,3.27,3.37,3.07,2.73,3.41,2.75,3.26,3.32,3.14,3,2.4,2.32,4.07,3.21,3.99,2.01,2.68,3.43,2.83,1.86,4.98,3.99,3.47,3.54,3,2.99,1.77,3.24,3.56,2,2.2,2.3,3.47,3.43,3,4.97,3.99,3.19,2.56,3.63,2.98,3.99,3.84,3.93,2.91,4.97,2.55,4.97,3.1,3.46,3.41,2.77,4.32,3.63,3.98,3.98,3.52,3.02,1.89,2.21,3.79,1.91,3.81,1.21,2.73,3.94,2.01,4.47,4.5,4.13,4.33,4.29,3.97,4.91,2.02,3.97,3.33,4.98,2.69,2.32,5.02,2.54,4.51,4.99,3.99,2.76,3.02,2.63,4.34,2.9,4.31,3.01,2.44,3.03,2.24,2.9
2.98,4.54,1.95,2.81,3.26,3.41,1.96,1.99,2.85,2.78,4.21,3.42,3.99,2.25,1.75,2.13,2.8,3.74,1,3.07,3.98,3.31,4.98,3.22,2.7,4.97,2.89,4.02,4.35,3.98,3.25,3.14,3.31,2.73,4.12,2.89,2.98,3.14,3.98,2.03,3.23,1.98,2.78,3.21,4.95,2.75,3.89,3.98,4.17,3.25,3.37,2.84,3.44,3.14,2.41,3.98,3.64,3.98,3.17,2,3.98,2.01,2.97,2.99,4.98,2.01,4.01,3,3.99,2.36,2.88,1.99,3,1.87,2.45,2.99,3.99,3.01,3.54,3.39,3.01,4.48,1.93,2.34,2.87,2.27,4.27,2.37,2.62,1.96,3.61,2,3.23,2.89,2,1.96,1.17,3.99,2.27,4.54,2.75,1.56,3.79,4.97,3.83,3.13,2.91,2.6,2.16,2.19,3.52,3.01,2.99,3.37,2,2.87,4.2,3.98,4.15,2.32,3.04,3.51,3.14,1.53,3.67,2.03,2.25,3.5,3.35,2.15,1.31,1.63,3.74,1.83,3,2.4,2.44,3.57,3.75,3.52,2.9,4.97,2.75,2.1,3.31,2.82,4.06,1.99,3.97,3.7,2.57,4.18,3.38,3.16,3.31,2.95,3.4,2.65,2.87,3.02,2.87,2.82,1.99,2.68,2.34,3.21,4.51,2.61,3.1,2.89,2.6,3.99,4.01,2.91,2.64,3.1,4.99,4.52,1.48,3.99,2.26,4.23,2.45,2.29,3.03,3.01,4.62,3.21,3.48,1.88,3.68,2.38,3.06,3.02,3.06,3.29,2.22,1.73,1.03,3.55
2.65,1.74,2.09,3.47,2.5,3.04,3.98,4.63,4.25,4,2.92,2.3,2.04,1.51,3.62,3,3.06,3.73,3.97,3.4,1.43,4,2.97,3.3,1.97,2.7,4.98,3.33,2.03,1.99,3.61,3.85,2.93,5,5.53,3.38,4.01,3,4.47,2.31,4.12,2.99,2.85,3.96,3.92,3.97,2.96,3.1,3.44,4.59,3.77,3.3,4.28,4.09,2.63,3.63,3.04,1.81,3.53,3.99,2.4,2.1,2.25,4.28,2.88,3.39,3.27,2.59,3.2,2.42,2.01,2.92,4.73,2.62,3,3.97,3.03,2.78,2.62,2.78,3.85,4.63,4.57,2.52,2.33,2.45,2.01,2.83,2.95,2.9,3.98,2.74,3.99,3.83,2.12,3.35,1.99,3.66,4.97,4.99,2,3.32,3.83,4.22,3.94,3.21,2.97,2,3.19,2.43,3.5,4.15,3,3.53,3.09,3.59,3.2,3.95,3.88,2.21,2.98,2.99,4.38,2.34,4.46,2.78,4.27,3.34,4,3,4.27,2.88,3.65,2.35,4.06,4.01,3.98,3.99,3.57,3.06,2.75,3.14,3.02,3.98,2.02,3.2,3.48,3.99,1.98,3.79,2,3.54,3.4,3.97,3.99,3.11,3.39,3.09,3.14,4.46,3.61,2.81,1.01,2,4.97,2.14,4.5,2.01,2.26,4.98,2.28,3.52,3.85,3.8,4.23,4.98,4,4.58,3.01,1.96,3,3.73,3.21,4.19,4.46,3.61,3.02,5.58,4.97,2.2,3.7,3.03,3.97,2.89,4.06,2.73,2.98,3.01,3.98,3.45
3.28,4.02,3.9,4.01,2.07,2.53,3.13,2.02,2.44,2.69,3,2.22,3,2.47,2.14,2.81,2.18,3.35,1.49,3.43,4.73,3.38,3.01,3.56,3.01,3.69,3.51,4,4.21,3.99,4.96,4.97,2.94,2.9,3.58,4,3.3,3.31,3.47,3.14,2.98,1.12,3.53,2.91,3.74,3.13,4.27,4.32,3.88,3.75,3.35,3.98,3.98,2.99,3.21,2.33,3.99,1.75,3,3.75,3.43,2.83,3.1,4.07,3.21,2.37,3.88,3.57,2.06,2.74,2.43,1.8,3.82,3.25,4,2.81,3.09,2.91,3,3.12,3.43,4.42,2.02,3,2.73,1.63,2.71,3.12,2.64,2.14,4.7,4.13,2.57,3.24,1.67,3.9,0.67,4.99,3.03,4.21,2.37,1.25,3.58,4.45,4.23,2.44,2.68,3,1.82,3,3.31,2.86,3.01,4.13,3.79,3.62,3.96,2.39,3.8,1.98,3.52,3.29,2.13,2,2.77,2.59,3.15,2.88,3.7,1.85,3,1.59,2.99,3.2,2.64,2.99,2.98,2.98,4,4.17,3.61,3.83,3.36,2.63,3.97,3.71,3.75,3.19,3.38,2.81,1.44,3.62,3.2,2.98,4.82,2.34,4.05,1.91,3.02,3.5,2.25,1.88,2.26,3.08,3.49,3.9,4.36,2.01,4.15,2.95,3.35,3.49,4.85,3.64,2.03,2.95,4.49,4.3,2.86,2.14,2.46,4.98,2.21,3.24,2.17,3.96,3.61,3.58,2.87,4.25,4.61,3.01,3.01,4,3,4.14,3.77,3.64,2.25,3
3.39,3.4,1.54,2.23,1.84,3.92,3.03,3.77,2.95,4,3.83,2.02,3,1.02,2.88,3.3,3.97,3.46,3.21,4.17,2.01,4.87,2.3,3.23,2.95,2.01,4.5,3.58,1.7,3.52,4.97,3.99,3.31,4.86,4.53,3.16,2.79,2.91,4.17,3.27,4.98,2.12,2.14,4.02,4,3.13,2.44,3.93,4.01,4.52,4,2.73,2.77,3.13,3.54,3.43,2.71,2.7,4.37,3.88,1.95,2.06,2.14,2.74,3,2.99,1.68,3.01,3.14,2.62,2.51,3.51,4.63,2.68,3.63,4.22,3.99,2.61,3.63,3.16,3.74,3.37,4,3.75,1.63,2.17,3.53,3.33,2.28,2.96,3.99,2.29,2.88,4.7,2.01,3.05,1.31,3.01,3.4,3.7,2.31,3,3.43,3.51,3.31,2.01,2,3.11,2.93,2.34,4.09,2.94,3.42,3.99,4.01,3.9,2.24,4.97,4.19,1.88,2.74,2.74,3.98,3.99,2.98,2.06,3.76,4.99,3.85,4.03,3.96,2.43,4.55,3.06,4.95,3.97,3.02,3.17,4.23,2.8,2.95,3.56,4.09,3.03,1.22,2.54,2.04,3.43,1.69,3.89,3.15,3.28,3.26,3.95,3.38,3.39,3.18,3.15,2.59,4.97,3.02,3,1.84,2.29,3.93,2.58,4.19,3.28,2.7,4,4,2.83,2.21,3,4.01,4.21,4.42,3.98,4.04,2.56,2.77,3.02,3.12,4.99,3.98,4,2.37,3.71,3.59,2.75,4.25,2.76,2,3.48,3.22,2.88,2.55,2,4.98,3.21
3.06,2.12,2.91,2.85,1.91,2.02,2.3,3.03,4.09,4.26,3.11,3,3.35,0.17,2.4,1.38,2.93,3.66,3.06,4.55,2.91,4.98,3.47,4.01,2.34,2.57,4.01,5,2.74,3,4.99,4.18,2.68,4.1,3.82,3.17,3.13,4.22,2.36,3.32,2.9,1.4,2.63,4.08,3,3.99,3.01,3.25,4.37,4.01,2.45,2.86,3,3.29,4.43,2.66,3.01,1.44,3.59,3.95,3.42,2.74,2.32,2.56,2.75,3.44,1.84,2.64,3.46,1.9,3.15,3.01,4.93,3.5,3.06,3.41,3.04,3.19,4.11,3.19,3.66,3.99,4.02,2.96,2.19,2.01,3.18,3.62,2.98,0.74,3,3.59,3.04,4.56,2.18,3.99,1.18,3.85,3.06,4.33,2,2.34,2.87,2.66,2.01,3.01,3.16,3.98,2.04,3,3.99,2.02,3,3.62,4.97,4.03,2.03,3.25,4.99,2.02,3.26,2.98,3.21,3.35,2.2,3.01,3.44,3.98,3,3,2.01,2.94,2.78,2.97,5.03,2.82,3.21,2.98,3.88,2.03,4.14,2.94,4.97,3.17,1.7,2.98,2.98,2.63,1.01,4.01,2.23,4.38,3.28,3.03,3.64,4,4.09,3.93,2.27,4.97,3.92,2.36,2.27,1.99,4.98,2.2,4.71,2.82,2.51,3.77,3.04,2.31,2.01,2.58,2.76,4.97,4.98,3.02,3.97,2.18,1.08,4.99,2.25,4,3,4.22,2.15,4.98,2.87,4.46,5.38,3,1.62,3.01,4.05,3.01,2.76,2.23,2.02,3.86